Feedback_ID,Customer_ID,Feedback_Date,Rating,Comment
F000001,C10341,2025-08-01,5,Very satisfied
F000002,C02625,2026-04-05,5,Excellent support
F000003,C06365,2026-02-07,4,Good experience
F000004,C00687,2026-05-06,5,Good experience
F000005,C13004,2024-06-06,5,I achieved my goal
F000006,C10455,2025-11-16,4,Excellent support
F000007,C04344,2025-07-28,3,Program was difficult to follow
F000008,C19904,2024-10-13,3,Need more follow-up
F000009,C03149,2025-07-18,4,I achieved my goal
F000010,C17995,2025-04-29,5,Very satisfied
F000011,C17256,2024-09-10,2,Need more follow-up
F000012,C17123,2025-06-12,3,Not fully satisfied
F000013,C17257,2025-05-10,5,Good experience
F000014,C06863,2025-01-17,1,I missed some sessions
F000015,C06060,2024-10-04,4,Excellent support
F000016,C01882,2025-11-17,5,Excellent support
F000017,C11365,2026-08-14,2,Expected better results
F000018,C02085,2025-08-25,2,Could be better
F000019,C09299,2024-12-19,4,Good experience
F000020,C08026,2025-01-07,4,Excellent support
F000021,C02579,2025-10-05,2,Program was difficult to follow
F000022,C11159,2026-07-28,5,Very helpful program
F000023,C03847,2026-06-06,5,I achieved my goal
F000024,C14146,2026-01-08,2,Program was difficult to follow
F000025,C16564,2026-05-31,5,I achieved my goal
F000026,C13693,2024-03-26,1,Not fully satisfied
F000027,C10090,2024-09-15,5,I achieved my goal
F000028,C12003,2024-04-01,5,Very helpful program
F000029,C19581,2025-04-03,5,The coach was helpful
F000030,C01766,2024-08-22,3,Need more follow-up
F000031,C07195,2026-01-19,2,Expected better results
F000032,C05325,2025-03-12,4,Good experience
F000033,C10126,2026-01-03,5,Very satisfied
F000034,C10372,2026-06-02,2,Not fully satisfied
F000035,C02198,2024-12-12,4,Very helpful program
F000036,C16383,2025-01-30,2,Program was difficult to follow
F000037,C19476,2024-12-12,5,Very helpful program
F000038,C19364,2025-03-10,4,Excellent support
F000039,C17630,2026-02-22,1,Could be better
F000040,C17939,2026-08-21,1,Could be better
F000041,C18358,2025-09-18,5,The coach was helpful
F000042,C12172,2026-04-02,4,The coach was helpful
F000043,C08993,2025-10-18,5,Very helpful program
F000044,C13474,2026-04-27,4,Very satisfied
F000045,C05084,2026-02-26,5,Good guidance from the team
F000046,C14830,2025-07-21,4,Very satisfied
F000047,C04177,2025-06-27,4,The coach was helpful
F000048,C05276,2026-02-23,4,Very helpful program
F000049,C08896,2025-09-03,3,I missed some sessions
F000050,C18357,2025-03-29,4,Good guidance from the team
F000051,C05183,2025-05-25,4,Good experience
F000052,C08196,2025-12-23,4,I achieved my goal
F000053,C00627,2025-09-21,2,Program was difficult to follow
F000054,C08079,2025-06-13,5,Excellent support
F000055,C10085,2024-06-07,5,The coach was helpful
F000056,C14788,2024-08-19,3,Program was difficult to follow
F000057,C00576,2024-12-04,5,Very satisfied
F000058,C08147,2024-05-26,5,Good guidance from the team
F000059,C07198,2025-04-08,4,Excellent support
F000060,C09694,2026-01-10,4,Good experience
F000061,C18180,2026-07-26,5,Good guidance from the team
F000062,C02400,2026-04-02,5,Good guidance from the team
F000063,C13660,2025-11-16,3,Program was difficult to follow
F000064,C01798,2025-05-19,5,Very helpful program
F000065,C11692,2025-10-28,4,Good experience
F000066,C17043,2024-03-02,4,I achieved my goal
F000067,C14801,2025-12-20,4,Good guidance from the team
F000068,C17862,2026-08-18,5,Good guidance from the team
F000069,C15482,2026-04-14,5,Good guidance from the team
F000070,C18858,2025-03-17,2,Not fully satisfied
F000071,C19600,2024-07-09,5,Good guidance from the team
F000072,C16775,2025-09-14,4,Very helpful program
F000073,C07502,2026-01-22,4,Excellent support
F000074,C14485,2025-02-07,5,Very helpful program
F000075,C01957,2025-12-09,4,The coach was helpful
F000076,C00366,2024-04-04,5,Good guidance from the team
F000077,C19811,2026-01-13,5,Very satisfied
F000078,C17754,2024-03-26,5,I achieved my goal
F000079,C11333,2024-06-10,4,The coach was helpful
F000080,C03458,2026-02-26,4,Good experience
F000081,C03979,2026-02-27,2,Program was difficult to follow
F000082,C10954,2025-03-04,5,The coach was helpful
F000083,C08656,2026-09-11,3,I missed some sessions
F000084,C17572,2025-05-22,4,Excellent support
F000085,C12087,2024-07-25,5,I achieved my goal
F000086,C15511,2025-12-28,4,Good guidance from the team
F000087,C12508,2025-01-30,2,Not fully satisfied
F000088,C12797,2025-02-10,1,Program was difficult to follow
F000089,C10960,2026-06-14,3,Expected better results
F000090,C11629,2024-11-24,5,Very satisfied
F000091,C03155,2025-01-26,5,Good guidance from the team
F000092,C10861,2026-07-18,4,I achieved my goal
F000093,C16875,2025-02-03,5,Good experience
F000094,C07035,2025-05-28,4,Good experience
F000095,C02028,2026-07-26,5,Very helpful program
F000096,C03639,2025-08-26,4,Good experience
F000097,C13780,2025-07-23,5,I achieved my goal
F000098,C17912,2025-01-06,3,I missed some sessions
F000099,C14353,2024-11-06,5,The coach was helpful
F000100,C12888,2025-12-23,5,Very helpful program
F000101,C07584,2024-05-30,5,Good guidance from the team
F000102,C12324,2025-06-15,2,I missed some sessions
F000103,C17105,2026-08-28,3,I missed some sessions
F000104,C13712,2025-05-16,4,I achieved my goal
F000105,C09341,2026-05-25,5,Good guidance from the team
F000106,C03280,2026-07-21,1,I missed some sessions
F000107,C10160,2026-05-07,3,Expected better results
F000108,C05787,2024-07-16,5,Good experience
F000109,C10837,2025-06-01,4,Good guidance from the team
F000110,C08716,2025-03-17,5,I achieved my goal
F000111,C12798,2025-05-31,4,Very helpful program
F000112,C16999,2025-04-26,4,The coach was helpful
F000113,C01252,2025-05-19,4,Very satisfied
F000114,C18292,2026-07-16,5,Very satisfied
F000115,C03226,2026-03-15,3,Program was difficult to follow
F000116,C06825,2026-03-04,4,The coach was helpful
F000117,C13826,2024-06-06,3,Expected better results
F000118,C05167,2024-04-11,3,Need more follow-up
F000119,C09417,2024-05-23,3,Need more follow-up
F000120,C02840,2025-10-17,3,Expected better results
F000121,C04425,2024-10-08,5,Very satisfied
F000122,C13007,2026-06-12,3,Need more follow-up
F000123,C04317,2025-07-08,5,Good guidance from the team
F000124,C00973,2024-08-21,4,The coach was helpful
F000125,C07932,2025-08-06,1,Need more follow-up
F000126,C08526,2024-07-31,4,Good experience
F000127,C01046,2026-09-11,3,Need more follow-up
F000128,C15808,2026-03-05,5,Very helpful program
F000129,C03413,2026-03-13,4,Very satisfied
F000130,C17372,2024-10-02,4,Good experience
F000131,C08630,2026-03-18,3,Could be better
F000132,C04103,2024-11-27,3,Expected better results
F000133,C05643,2025-07-15,5,Excellent support
F000134,C18099,2026-03-23,2,Program was difficult to follow
F000135,C08817,2026-01-23,5,I achieved my goal
F000136,C10282,2026-04-10,4,The coach was helpful
F000137,C13676,2025-09-23,3,Need more follow-up
F000138,C00342,2026-07-17,5,I achieved my goal
F000139,C13443,2024-05-25,5,Very satisfied
F000140,C07026,2025-05-07,5,Good guidance from the team
F000141,C03262,2025-04-30,3,Program was difficult to follow
F000142,C11632,2025-07-18,4,I achieved my goal
F000143,C08081,2025-11-23,3,Not fully satisfied
F000144,C01709,2024-12-04,1,Not fully satisfied
F000145,C10827,2025-12-23,4,Good experience
F000146,C03500,2025-08-22,4,I achieved my goal
F000147,C05678,2025-08-01,5,Good guidance from the team
F000148,C09939,2025-02-06,3,Expected better results
F000149,C18394,2025-06-08,4,Good guidance from the team
F000150,C10708,2026-10-24,4,Excellent support
F000151,C01092,2026-01-23,4,The coach was helpful
F000152,C17927,2025-03-11,5,Excellent support
F000153,C14787,2025-06-08,4,I achieved my goal
F000154,C04994,2025-08-19,3,Could be better
F000155,C06711,2025-02-21,4,I achieved my goal
F000156,C18513,2024-07-18,3,I missed some sessions
F000157,C04227,2024-04-22,5,Good guidance from the team
F000158,C12845,2025-06-24,3,Not fully satisfied
F000159,C12542,2025-01-03,4,Very satisfied
F000160,C11700,2026-10-22,5,Very helpful program
F000161,C17740,2026-08-17,5,Good guidance from the team
F000162,C12273,2026-04-25,5,Excellent support
F000163,C09316,2025-09-24,4,Very satisfied
F000164,C03818,2025-12-16,4,Excellent support
F000165,C16700,2026-03-17,4,Good guidance from the team
F000166,C15278,2025-12-08,4,Good guidance from the team
F000167,C15826,2025-01-11,3,Not fully satisfied
F000168,C01132,2025-08-08,4,Very helpful program
F000169,C03371,2025-10-04,3,Could be better
F000170,C02514,2024-05-20,5,Good experience
F000171,C19034,2025-09-26,4,I achieved my goal
F000172,C13211,2026-06-29,4,Good experience
F000173,C12185,2026-03-14,4,The coach was helpful
F000174,C02060,2024-08-27,5,Good guidance from the team
F000175,C01015,2025-06-03,4,I achieved my goal
F000176,C04464,2026-02-06,5,I achieved my goal
F000177,C08812,2024-06-19,4,Good guidance from the team
F000178,C17598,2026-01-14,3,Program was difficult to follow
F000179,C09550,2026-08-11,4,Good guidance from the team
F000180,C00638,2026-06-28,4,I achieved my goal
F000181,C12272,2024-06-17,5,Good experience
F000182,C19588,2025-06-11,4,Very satisfied
F000183,C00390,2025-02-14,4,Good guidance from the team
F000184,C05089,2026-06-17,4,Good experience
F000185,C14698,2024-04-09,5,Good experience
F000186,C02544,2026-05-11,3,Expected better results
F000187,C19817,2025-08-23,3,I missed some sessions
F000188,C01671,2025-01-21,3,Expected better results
F000189,C14449,2025-05-08,2,Need more follow-up
F000190,C07406,2024-03-14,4,Excellent support
F000191,C14114,2026-03-25,5,Good guidance from the team
F000192,C19457,2024-05-29,3,Could be better
F000193,C16848,2026-04-15,3,Program was difficult to follow
F000194,C02784,2026-01-30,5,The coach was helpful
F000195,C07365,2025-07-24,5,The coach was helpful
F000196,C09808,2024-04-12,5,Excellent support
F000197,C14841,2025-10-18,5,Very helpful program
F000198,C04168,2026-06-10,3,Need more follow-up
F000199,C00880,2026-01-24,3,Not fully satisfied
F000200,C09452,2026-02-25,5,Good guidance from the team
F000201,C14785,2026-05-30,2,Expected better results
F000202,C01844,2025-11-24,4,Excellent support
F000203,C04440,2024-08-28,4,Excellent support
F000204,C13961,2026-08-25,5,Good guidance from the team
F000205,C08348,2025-07-13,5,The coach was helpful
F000206,C15683,2026-08-01,3,Could be better
F000207,C16756,2024-08-08,5,Very helpful program
F000208,C01889,2025-12-14,5,Good experience
F000209,C08274,2026-02-05,4,The coach was helpful
F000210,C08210,2025-08-08,4,Good experience
F000211,C16863,2026-10-29,3,Need more follow-up
F000212,C06254,2025-06-21,5,Good guidance from the team
F000213,C11122,2024-10-14,4,Excellent support
F000214,C06709,2024-05-04,5,Good experience
F000215,C02646,2024-08-18,5,Good guidance from the team
F000216,C02131,2025-03-09,4,Excellent support
F000217,C11944,2024-09-15,3,Need more follow-up
F000218,C14990,2025-08-11,5,Very satisfied
F000219,C12394,2024-08-09,5,Very satisfied
F000220,C16190,2025-03-26,5,Good guidance from the team
F000221,C05704,2025-09-18,5,Very satisfied
F000222,C11374,2026-07-26,5,The coach was helpful
F000223,C05341,2025-10-22,2,Need more follow-up
F000224,C03145,2024-04-17,5,Very satisfied
F000225,C02013,2024-05-14,4,Good experience
F000226,C04719,2026-08-05,5,Very satisfied
F000227,C02808,2027-01-23,2,Not fully satisfied
F000228,C15189,2025-06-22,3,I missed some sessions
F000229,C15390,2026-03-31,5,Good experience
F000230,C10560,2024-09-27,5,Good guidance from the team
F000231,C17072,2026-07-16,4,Very satisfied
F000232,C09186,2024-11-24,3,Not fully satisfied
F000233,C05446,2026-05-02,5,Very satisfied
F000234,C08000,2026-06-08,5,Very satisfied
F000235,C19304,2026-02-11,3,Could be better
F000236,C05567,2026-04-04,2,Expected better results
F000237,C07170,2025-10-18,3,Not fully satisfied
F000238,C15961,2025-06-22,4,Good experience
F000239,C06565,2024-10-27,5,Good experience
F000240,C06753,2025-02-11,5,Good experience
F000241,C17234,2025-05-16,3,Not fully satisfied
F000242,C04026,2026-05-06,5,Good experience
F000243,C02523,2026-02-20,4,Very satisfied
F000244,C06902,2024-06-23,4,Excellent support
F000245,C16554,2026-06-27,4,Good experience
F000246,C11780,2026-09-02,3,Expected better results
F000247,C02297,2025-09-23,5,I achieved my goal
F000248,C04468,2026-05-04,4,Excellent support
F000249,C10448,2024-06-30,5,Very helpful program
F000250,C03031,2026-05-11,3,I missed some sessions
F000251,C00419,2024-08-09,5,Very satisfied
F000252,C09666,2025-05-15,5,I achieved my goal
F000253,C06399,2024-05-24,5,Good guidance from the team
F000254,C13194,2025-06-23,3,Need more follow-up
F000255,C11593,2025-06-13,4,Good guidance from the team
F000256,C13307,2026-09-25,2,Expected better results
F000257,C10894,2024-05-04,3,Program was difficult to follow
F000258,C11910,2024-10-20,2,Expected better results
F000259,C07922,2026-02-17,5,Very helpful program
F000260,C15777,2024-10-14,2,Expected better results
F000261,C05650,2024-06-27,4,Excellent support
F000262,C16203,2026-04-02,4,Excellent support
F000263,C13625,2024-11-05,2,Could be better
F000264,C07154,2024-06-23,2,Program was difficult to follow
F000265,C03119,2024-04-03,1,Could be better
F000266,C12698,2024-06-17,4,Very helpful program
F000267,C01783,2024-05-31,4,Good experience
F000268,C13656,2025-02-14,2,Could be better
F000269,C03334,2026-01-03,4,Very helpful program
F000270,C00483,2024-08-09,4,Excellent support
F000271,C06134,2026-05-18,5,The coach was helpful
F000272,C00359,2024-11-12,5,Very satisfied
F000273,C18148,2026-09-10,4,Good guidance from the team
F000274,C05615,2026-05-16,3,Program was difficult to follow
F000275,C18242,2024-12-04,4,Good experience
F000276,C00174,2025-11-04,5,Good experience
F000277,C11738,2025-09-30,3,I missed some sessions
F000278,C06294,2026-03-06,1,Program was difficult to follow
F000279,C11872,2025-03-10,3,I missed some sessions
F000280,C03112,2026-06-11,5,I achieved my goal
F000281,C11195,2025-09-18,3,Expected better results
F000282,C17601,2025-09-19,3,I missed some sessions
F000283,C19276,2024-08-09,4,Good guidance from the team
F000284,C17114,2026-12-07,3,Expected better results
F000285,C09492,2024-07-01,2,Need more follow-up
F000286,C04369,2024-04-18,3,Program was difficult to follow
F000287,C09855,2025-02-07,5,Very helpful program
F000288,C01238,2025-11-06,5,Good guidance from the team
F000289,C10419,2026-01-28,5,Very helpful program
F000290,C10098,2026-10-03,4,Good guidance from the team
F000291,C07993,2026-02-07,4,Very helpful program
F000292,C10606,2025-06-11,3,Expected better results
F000293,C12388,2026-06-07,3,Need more follow-up
F000294,C09388,2025-08-16,2,Need more follow-up
F000295,C11766,2026-10-22,1,I missed some sessions
F000296,C18506,2026-07-06,5,Very satisfied
F000297,C07475,2024-10-29,5,Excellent support
F000298,C08703,2025-01-02,2,Expected better results
F000299,C06681,2026-06-02,4,I achieved my goal
F000300,C07071,2026-06-29,5,I achieved my goal
F000301,C10137,2025-11-09,4,Good experience
F000302,C18170,2024-08-06,5,I achieved my goal
F000303,C02660,2026-10-30,3,Not fully satisfied
F000304,C12468,2025-11-02,4,Good experience
F000305,C15575,2025-08-10,1,Not fully satisfied
F000306,C17884,2024-10-30,3,Expected better results
F000307,C09447,2024-08-12,5,The coach was helpful
F000308,C10496,2025-02-02,3,Program was difficult to follow
F000309,C08973,2025-04-23,4,Good experience
F000310,C16035,2025-09-25,4,Excellent support
F000311,C19869,2024-06-21,2,Could be better
F000312,C09461,2026-08-11,5,Very satisfied
F000313,C14431,2026-03-17,4,Very satisfied
F000314,C06755,2025-03-20,5,Excellent support
F000315,C00534,2026-11-05,4,Excellent support
F000316,C02707,2024-10-31,2,Expected better results
F000317,C00519,2026-08-12,2,Need more follow-up
F000318,C01398,2026-06-06,4,Very helpful program
F000319,C12528,2024-04-10,5,The coach was helpful
F000320,C05773,2024-04-26,5,Good experience
F000321,C16815,2025-07-27,4,Good experience
F000322,C14802,2025-02-11,4,Very satisfied
F000323,C05287,2026-04-03,2,Not fully satisfied
F000324,C08879,2027-01-24,4,Very helpful program
F000325,C06621,2025-07-13,3,Expected better results
F000326,C11596,2025-08-05,5,The coach was helpful
F000327,C03015,2027-01-26,5,Good guidance from the team
F000328,C08662,2024-10-24,4,Very helpful program
F000329,C02071,2025-06-09,4,I achieved my goal
F000330,C18203,2026-03-06,5,Good experience
F000331,C04902,2025-04-28,5,Excellent support
F000332,C18452,2025-08-14,3,Expected better results
F000333,C05692,2026-03-20,1,Need more follow-up
F000334,C19310,2024-10-13,5,Very satisfied
F000335,C00942,2025-09-01,3,Not fully satisfied
F000336,C08344,2024-05-22,3,Need more follow-up
F000337,C10416,2025-07-02,1,Program was difficult to follow
F000338,C18331,2025-12-29,5,Excellent support
F000339,C18634,2026-03-11,4,Good experience
F000340,C13055,2025-09-10,3,Could be better
F000341,C10762,2024-08-25,4,I achieved my goal
F000342,C02194,2024-09-23,3,Need more follow-up
F000343,C02240,2025-12-16,5,The coach was helpful
F000344,C17160,2026-03-25,5,Good experience
F000345,C10427,2026-06-08,4,Very satisfied
F000346,C16141,2024-08-07,3,Could be better
F000347,C13766,2025-09-12,5,Very helpful program
F000348,C12264,2026-01-21,2,Need more follow-up
F000349,C04965,2024-11-06,4,Very satisfied
F000350,C00649,2024-05-14,4,Good experience
F000351,C13937,2026-03-11,4,The coach was helpful
F000352,C18013,2025-07-07,5,The coach was helpful
F000353,C00276,2025-08-30,4,Very satisfied
F000354,C19691,2025-12-25,4,I achieved my goal
F000355,C01881,2025-01-06,3,I missed some sessions
F000356,C14364,2024-12-02,4,Good experience
F000357,C10461,2026-07-31,2,I missed some sessions
F000358,C06900,2024-07-25,4,The coach was helpful
F000359,C11554,2025-11-09,5,I achieved my goal
F000360,C03452,2024-05-06,3,Could be better
F000361,C00112,2025-03-27,3,Program was difficult to follow
F000362,C06280,2025-06-15,5,Good experience
F000363,C02419,2024-12-06,5,Very satisfied
F000364,C02343,2025-01-24,1,I missed some sessions
F000365,C09752,2026-02-17,5,Excellent support
F000366,C13418,2026-09-15,5,I achieved my goal
F000367,C19674,2024-12-19,2,Could be better
F000368,C07491,2024-08-17,3,Could be better
F000369,C08742,2025-07-14,3,Not fully satisfied
F000370,C11703,2024-04-10,5,The coach was helpful
F000371,C12120,2025-10-31,4,I achieved my goal
F000372,C05292,2024-06-16,5,Excellent support
F000373,C15733,2024-10-25,5,Very helpful program
F000374,C03504,2026-04-21,5,Very helpful program
F000375,C10710,2025-07-29,3,Not fully satisfied
F000376,C06333,2026-01-12,4,The coach was helpful
F000377,C18313,2026-08-11,1,I missed some sessions
F000378,C13115,2026-07-18,4,I achieved my goal
F000379,C08428,2025-10-02,4,Good guidance from the team
F000380,C01868,2026-04-18,4,Very helpful program
F000381,C16452,2026-10-30,3,Need more follow-up
F000382,C13140,2027-01-13,3,Program was difficult to follow
F000383,C11168,2024-12-18,5,I achieved my goal
F000384,C02199,2025-04-24,4,Good experience
F000385,C06479,2025-08-11,5,Good guidance from the team
F000386,C05523,2026-01-27,3,Could be better
F000387,C18516,2026-05-23,5,Good experience
F000388,C10103,2024-03-01,3,Could be better
F000389,C10865,2025-01-01,4,Good experience
F000390,C10929,2024-11-05,3,Need more follow-up
F000391,C19138,2024-07-25,3,Not fully satisfied
F000392,C07439,2024-11-06,2,Program was difficult to follow
F000393,C17431,2025-05-06,2,Need more follow-up
F000394,C16710,2026-03-26,5,Very satisfied
F000395,C06816,2025-03-03,2,Program was difficult to follow
F000396,C16459,2026-07-07,5,Good experience
F000397,C02958,2024-10-08,4,Good experience
F000398,C13369,2025-06-08,5,Good experience
F000399,C02617,2026-02-26,5,Good guidance from the team
F000400,C05166,2025-04-14,5,I achieved my goal
F000401,C04062,2025-12-31,5,Good guidance from the team
F000402,C02560,2024-09-11,4,Excellent support
F000403,C01487,2024-03-08,5,Excellent support
F000404,C10786,2024-12-17,4,Good experience
F000405,C18113,2024-08-04,5,Good experience
F000406,C19846,2025-09-05,5,Good experience
F000407,C18812,2025-04-18,4,Good experience
F000408,C19344,2025-02-14,1,Not fully satisfied
F000409,C13632,2025-02-24,4,I achieved my goal
F000410,C09484,2025-03-05,5,Good guidance from the team
F000411,C01902,2025-03-08,4,Good guidance from the team
F000412,C19094,2026-12-01,4,Very satisfied
F000413,C18557,2025-08-22,4,Very helpful program
F000414,C04556,2024-06-24,5,I achieved my goal
F000415,C07938,2025-06-20,5,Very helpful program
F000416,C02174,2024-06-09,1,Need more follow-up
F000417,C10653,2026-06-03,5,Very helpful program
F000418,C17009,2024-09-17,4,Excellent support
F000419,C00465,2025-01-09,4,Very helpful program
F000420,C19921,2026-01-15,5,Good guidance from the team
F000421,C10689,2026-03-10,2,Expected better results
F000422,C00263,2025-04-05,5,I achieved my goal
F000423,C02187,2025-11-18,4,The coach was helpful
F000424,C04767,2026-01-02,3,Could be better
F000425,C15798,2025-12-21,3,Program was difficult to follow
F000426,C05698,2026-06-22,2,Need more follow-up
F000427,C04592,2024-10-04,4,Very helpful program
F000428,C09981,2025-11-19,4,Good experience
F000429,C15762,2025-08-31,4,Very satisfied
F000430,C14280,2025-04-12,5,I achieved my goal
F000431,C06434,2025-10-12,3,Expected better results
F000432,C18131,2026-09-26,5,The coach was helpful
F000433,C18460,2025-06-08,3,Not fully satisfied
F000434,C07761,2025-10-16,3,Not fully satisfied
F000435,C15662,2024-03-15,5,Good guidance from the team
F000436,C09601,2025-08-16,5,The coach was helpful
F000437,C11165,2024-10-19,4,I achieved my goal
F000438,C16628,2026-04-07,4,Excellent support
F000439,C03508,2024-08-17,4,Good guidance from the team
F000440,C14739,2026-04-26,5,Very satisfied
F000441,C07464,2026-04-09,5,Good experience
F000442,C14169,2024-08-04,4,The coach was helpful
F000443,C04488,2025-06-12,5,The coach was helpful
F000444,C12350,2025-05-11,5,I achieved my goal
F000445,C12529,2026-11-07,5,Good experience
F000446,C18217,2026-01-16,4,I achieved my goal
F000447,C13109,2024-08-27,5,Excellent support
F000448,C16669,2026-01-19,5,Good guidance from the team
F000449,C18051,2025-10-22,5,Excellent support
F000450,C01501,2025-11-16,1,Could be better
F000451,C15792,2025-08-11,5,The coach was helpful
F000452,C01545,2025-12-19,5,Good experience
F000453,C13026,2026-09-03,4,Very helpful program
F000454,C11636,2025-09-07,5,I achieved my goal
F000455,C19342,2025-02-14,3,Could be better
F000456,C13584,2025-12-05,5,I achieved my goal
F000457,C07155,2024-04-29,4,Very satisfied
F000458,C06839,2025-06-06,5,Excellent support
F000459,C17496,2025-09-17,3,Need more follow-up
F000460,C01825,2026-10-11,5,Excellent support
F000461,C17035,2026-09-16,5,The coach was helpful
F000462,C12058,2024-04-20,4,I achieved my goal
F000463,C11286,2026-05-16,4,I achieved my goal
F000464,C18318,2025-07-23,4,Excellent support
F000465,C12138,2026-04-01,5,The coach was helpful
F000466,C14413,2025-02-18,5,The coach was helpful
F000467,C07078,2024-05-30,4,The coach was helpful
F000468,C07818,2025-10-10,4,The coach was helpful
F000469,C03995,2026-11-18,5,Good guidance from the team
F000470,C03555,2025-06-28,5,Good guidance from the team
F000471,C00097,2026-09-09,5,Very satisfied
F000472,C18533,2025-10-02,4,The coach was helpful
F000473,C19101,2024-07-05,5,Very satisfied
F000474,C06913,2025-10-09,3,Expected better results
F000475,C16490,2024-11-17,4,Very helpful program
F000476,C10847,2024-05-03,5,The coach was helpful
F000477,C08969,2025-01-31,3,Could be better
F000478,C11868,2026-03-21,4,Very helpful program
F000479,C13424,2026-02-23,3,I missed some sessions
F000480,C18750,2024-06-19,4,I achieved my goal
F000481,C01646,2025-09-30,3,Program was difficult to follow
F000482,C17295,2026-11-23,4,Good experience
F000483,C01058,2026-11-21,5,Good guidance from the team
F000484,C19533,2024-11-13,4,Very helpful program
F000485,C18749,2024-09-24,4,Good experience
F000486,C09181,2025-12-01,5,The coach was helpful
F000487,C18204,2024-06-28,3,Could be better
F000488,C14992,2027-01-04,4,I achieved my goal
F000489,C10980,2024-04-07,3,Need more follow-up
F000490,C05778,2025-02-17,3,Could be better
F000491,C02613,2024-05-09,5,Good guidance from the team
F000492,C10880,2026-05-16,4,The coach was helpful
F000493,C01632,2025-07-23,3,Not fully satisfied
F000494,C00860,2024-06-13,1,Could be better
F000495,C04846,2025-02-21,4,I achieved my goal
F000496,C01787,2024-04-13,4,Very helpful program
F000497,C08055,2025-10-25,5,Very satisfied
F000498,C06048,2026-08-03,4,Good experience
F000499,C00028,2026-08-02,2,Not fully satisfied
F000500,C19078,2024-02-17,5,Good experience
F000501,C08151,2025-04-24,5,The coach was helpful
F000502,C15495,2024-07-23,2,Could be better
F000503,C19548,2026-01-26,4,Excellent support
F000504,C02034,2025-09-22,5,Good guidance from the team
F000505,C18260,2025-02-01,4,Excellent support
F000506,C01507,2025-03-03,5,Good guidance from the team
F000507,C00626,2025-06-01,5,Very satisfied
F000508,C09831,2025-09-13,4,Very helpful program
F000509,C09595,2025-09-11,5,Good guidance from the team
F000510,C04046,2025-01-14,1,Need more follow-up
F000511,C03492,2026-01-31,4,Very satisfied
F000512,C03113,2026-08-23,3,Need more follow-up
F000513,C18608,2026-07-02,3,Could be better
F000514,C17163,2025-03-08,4,Good guidance from the team
F000515,C00566,2027-01-24,5,Very helpful program
F000516,C03089,2024-08-07,3,Expected better results
F000517,C15779,2026-08-20,5,Good guidance from the team
F000518,C02149,2026-02-21,4,I achieved my goal
F000519,C18765,2025-10-03,4,Good experience
F000520,C15362,2027-02-21,4,Very helpful program
F000521,C04889,2026-02-06,5,Good guidance from the team
F000522,C09663,2024-03-07,5,The coach was helpful
F000523,C12985,2025-01-06,5,Very helpful program
F000524,C07677,2025-10-20,5,Very satisfied
F000525,C18027,2026-03-13,4,The coach was helpful
F000526,C04975,2025-01-08,5,Very helpful program
F000527,C18849,2025-03-16,2,Could be better
F000528,C05987,2026-01-17,4,Good experience
F000529,C03361,2026-06-16,5,Good guidance from the team
F000530,C07992,2025-03-11,4,I achieved my goal
F000531,C07750,2025-09-20,4,Very helpful program
F000532,C02756,2026-03-09,5,Very satisfied
F000533,C06180,2024-10-29,2,Program was difficult to follow
F000534,C02486,2024-12-25,5,Very satisfied
F000535,C17638,2024-12-11,2,Program was difficult to follow
F000536,C05862,2024-09-22,1,Expected better results
F000537,C00449,2026-02-11,2,Not fully satisfied
F000538,C00703,2026-07-28,5,Good guidance from the team
F000539,C05414,2024-02-15,5,Very helpful program
F000540,C10508,2026-11-10,2,Could be better
F000541,C18515,2025-10-06,2,Could be better
F000542,C18410,2025-04-19,1,Not fully satisfied
F000543,C11642,2024-09-09,5,The coach was helpful
F000544,C07884,2024-06-09,5,Good experience
F000545,C02739,2025-11-23,3,Program was difficult to follow
F000546,C05187,2025-05-03,4,Very satisfied
F000547,C14573,2024-09-04,3,I missed some sessions
F000548,C11990,2025-06-21,5,Excellent support
F000549,C01867,2026-04-14,2,I missed some sessions
F000550,C15474,2025-12-29,3,I missed some sessions
F000551,C10544,2024-11-12,4,I achieved my goal
F000552,C11909,2024-11-26,5,The coach was helpful
F000553,C10274,2025-06-28,5,Good guidance from the team
F000554,C12659,2024-09-02,2,Expected better results
F000555,C01255,2026-10-27,5,Very helpful program
F000556,C16193,2026-01-30,4,Very satisfied
F000557,C03737,2026-08-05,4,Good experience
F000558,C19025,2026-05-19,3,Expected better results
F000559,C09408,2024-06-24,5,Excellent support
F000560,C19302,2025-12-18,5,Excellent support
F000561,C07436,2025-06-06,4,Good guidance from the team
F000562,C04521,2024-09-30,5,Good experience
F000563,C18200,2026-01-31,5,The coach was helpful
F000564,C04094,2026-04-01,5,Very satisfied
F000565,C07429,2024-07-22,4,Very satisfied
F000566,C16613,2026-04-23,5,Good guidance from the team
F000567,C01575,2026-05-16,2,Need more follow-up
F000568,C01411,2025-03-31,5,Very satisfied
F000569,C01392,2024-09-22,2,Not fully satisfied
F000570,C07998,2025-12-30,4,Good experience
F000571,C04606,2026-04-10,3,I missed some sessions
F000572,C08883,2026-07-21,1,I missed some sessions
F000573,C04989,2024-05-13,5,Very helpful program
F000574,C19128,2025-04-22,5,Good guidance from the team
F000575,C07317,2026-01-23,2,Not fully satisfied
F000576,C13968,2025-07-04,3,Expected better results
F000577,C06926,2024-09-05,5,I achieved my goal
F000578,C14808,2025-06-18,4,Very helpful program
F000579,C00944,2024-04-04,3,Not fully satisfied
F000580,C08482,2026-07-27,5,Good experience
F000581,C10243,2026-12-15,5,I achieved my goal
F000582,C00291,2026-03-28,3,Need more follow-up
F000583,C18847,2025-08-31,4,Good experience
F000584,C11081,2025-06-15,3,I missed some sessions
F000585,C10204,2025-01-06,3,Need more follow-up
F000586,C10597,2025-10-11,5,The coach was helpful
F000587,C11306,2024-11-21,5,I achieved my goal
F000588,C01778,2024-11-28,4,Good experience
F000589,C14385,2026-02-26,4,I achieved my goal
F000590,C17403,2025-05-03,4,The coach was helpful
F000591,C19347,2025-11-27,4,I achieved my goal
F000592,C19161,2024-07-09,4,Good experience
F000593,C08565,2025-07-03,4,Very satisfied
F000594,C01430,2026-02-20,5,Good guidance from the team
F000595,C10077,2025-03-20,3,Program was difficult to follow
F000596,C16403,2025-06-20,3,Expected better results
F000597,C05502,2024-08-23,5,Good guidance from the team
F000598,C07492,2024-10-27,5,Very satisfied
F000599,C04845,2025-04-10,3,Could be better
F000600,C03542,2024-12-12,3,Could be better
F000601,C04130,2025-12-02,5,Good guidance from the team
F000602,C15702,2026-03-31,4,The coach was helpful
F000603,C16120,2025-02-25,4,The coach was helpful
F000604,C12109,2025-04-03,4,Very satisfied
F000605,C11362,2026-09-04,5,The coach was helpful
F000606,C03291,2025-01-06,2,Not fully satisfied
F000607,C11117,2025-07-17,5,Very helpful program
F000608,C00442,2024-04-12,5,Good experience
F000609,C18921,2025-03-18,3,Expected better results
F000610,C01193,2025-01-08,4,The coach was helpful
F000611,C04930,2024-03-14,4,Very satisfied
F000612,C01225,2025-08-14,5,I achieved my goal
F000613,C17841,2025-04-23,5,Excellent support
F000614,C01641,2025-04-22,5,Good experience
F000615,C11158,2024-03-28,5,Good experience
F000616,C13017,2026-05-02,3,Not fully satisfied
F000617,C07408,2025-12-10,5,I achieved my goal
F000618,C12619,2026-03-12,3,Expected better results
F000619,C11163,2025-11-03,4,Good experience
F000620,C10975,2024-09-15,5,Good guidance from the team
F000621,C07202,2026-10-04,5,Excellent support
F000622,C16844,2026-01-16,4,Good guidance from the team
F000623,C01387,2025-05-12,5,Good guidance from the team
F000624,C15919,2025-09-10,4,Good guidance from the team
F000625,C14606,2026-10-15,5,Good guidance from the team
F000626,C00791,2025-11-05,5,Very helpful program
F000627,C08921,2026-07-27,5,The coach was helpful
F000628,C18223,2025-05-29,5,Good guidance from the team
F000629,C18271,2025-03-09,5,The coach was helpful
F000630,C09127,2024-10-07,5,Good guidance from the team
F000631,C04129,2026-06-17,4,I achieved my goal
F000632,C14971,2024-03-16,2,Not fully satisfied
F000633,C01272,2026-01-05,3,Program was difficult to follow
F000634,C17033,2025-09-03,4,Very satisfied
F000635,C16252,2024-07-12,1,Expected better results
F000636,C18717,2027-02-12,5,Good guidance from the team
F000637,C11771,2026-07-27,5,Good experience
F000638,C06277,2024-04-12,4,I achieved my goal
F000639,C15455,2024-11-07,5,I achieved my goal
F000640,C01019,2026-04-24,5,Good experience
F000641,C07187,2025-01-31,5,Good guidance from the team
F000642,C09139,2025-09-14,4,Good guidance from the team
F000643,C07615,2026-07-29,5,Good guidance from the team
F000644,C04604,2024-09-02,4,Very helpful program
F000645,C17130,2024-04-29,5,Good guidance from the team
F000646,C06121,2024-07-15,5,Good guidance from the team
F000647,C19021,2026-07-23,3,Not fully satisfied
F000648,C17273,2024-08-13,4,Very satisfied
F000649,C01403,2024-09-29,5,Very satisfied
F000650,C02441,2024-11-03,4,Very helpful program
F000651,C06583,2026-02-06,4,The coach was helpful
F000652,C14158,2026-03-07,5,Good guidance from the team
F000653,C16979,2025-03-19,3,Expected better results
F000654,C10360,2025-05-12,5,I achieved my goal
F000655,C19411,2024-10-10,5,Good experience
F000656,C05042,2026-08-14,1,Need more follow-up
F000657,C12647,2024-12-21,5,Excellent support
F000658,C16390,2024-12-19,5,Excellent support
F000659,C09705,2025-11-23,4,I achieved my goal
F000660,C04286,2025-09-04,5,Good experience
F000661,C18872,2026-07-04,5,Good experience
F000662,C16968,2026-05-08,3,Program was difficult to follow
F000663,C19059,2025-11-29,4,The coach was helpful
F000664,C08331,2025-02-03,4,I achieved my goal
F000665,C08146,2026-01-07,5,The coach was helpful
F000666,C12263,2024-10-11,4,I achieved my goal
F000667,C03782,2026-08-21,3,Expected better results
F000668,C05430,2025-11-10,5,Excellent support
F000669,C11090,2025-04-03,3,Could be better
F000670,C00509,2026-08-13,2,Not fully satisfied
F000671,C14664,2026-06-25,3,Expected better results
F000672,C14229,2024-07-06,4,Very satisfied
F000673,C18678,2025-01-31,4,Very helpful program
F000674,C17428,2025-07-05,4,Excellent support
F000675,C09173,2025-03-24,3,Not fully satisfied
F000676,C05949,2026-07-29,3,Not fully satisfied
F000677,C14346,2025-09-14,3,Could be better
F000678,C19234,2025-05-21,5,I achieved my goal
F000679,C06028,2024-09-23,4,I achieved my goal
F000680,C16807,2025-03-26,4,The coach was helpful
F000681,C17205,2026-05-30,5,Good guidance from the team
F000682,C15918,2026-09-04,5,Good experience
F000683,C00165,2025-05-18,5,Very satisfied
F000684,C17126,2026-09-04,3,I missed some sessions
F000685,C08005,2026-01-14,5,Very satisfied
F000686,C05125,2024-12-06,3,Need more follow-up
F000687,C10864,2025-12-02,5,I achieved my goal
F000688,C16816,2025-06-02,5,Very helpful program
F000689,C13028,2025-03-20,3,Need more follow-up
F000690,C08322,2024-12-12,5,Very satisfied
F000691,C11450,2026-07-09,5,Good experience
F000692,C06997,2026-02-28,4,I achieved my goal
F000693,C04160,2025-10-06,4,Very satisfied
F000694,C08216,2024-09-20,5,Good guidance from the team
F000695,C06165,2024-10-18,4,Good experience
F000696,C05124,2024-08-08,4,The coach was helpful
F000697,C05333,2024-12-15,5,Very satisfied
F000698,C05875,2024-08-12,5,Good guidance from the team
F000699,C03564,2025-07-21,2,Could be better
F000700,C00704,2025-05-19,4,Good guidance from the team
F000701,C07077,2026-07-16,4,Very helpful program
F000702,C04730,2025-01-08,1,Need more follow-up
F000703,C11894,2025-10-11,3,I missed some sessions
F000704,C01831,2024-09-22,5,Good guidance from the team
F000705,C11354,2024-11-29,4,Good experience
F000706,C00616,2024-07-20,4,Good guidance from the team
F000707,C07565,2026-02-07,4,Good experience
F000708,C14488,2024-10-07,4,Very helpful program
F000709,C09286,2025-02-28,5,Good guidance from the team
F000710,C16324,2024-07-24,3,Need more follow-up
F000711,C02711,2025-05-04,4,Excellent support
F000712,C19365,2026-08-15,5,The coach was helpful
F000713,C14131,2026-04-16,2,Could be better
F000714,C00966,2026-12-09,5,Very helpful program
F000715,C13570,2025-10-31,4,I achieved my goal
F000716,C03014,2024-05-09,5,The coach was helpful
F000717,C15541,2026-03-07,5,Good guidance from the team
F000718,C07893,2026-05-21,4,I achieved my goal
F000719,C18878,2025-11-17,3,Could be better
F000720,C09770,2025-11-10,5,Good guidance from the team
F000721,C11854,2024-09-14,5,I achieved my goal
F000722,C09000,2026-03-11,2,Expected better results
F000723,C05957,2025-10-22,5,Good experience
F000724,C18213,2026-04-23,1,I missed some sessions
F000725,C16325,2025-08-10,4,Very satisfied
F000726,C03983,2024-11-13,5,Good experience
F000727,C02887,2025-01-20,4,Very satisfied
F000728,C13215,2025-10-03,5,The coach was helpful
F000729,C04060,2025-09-19,5,Very satisfied
F000730,C07997,2026-09-07,3,I missed some sessions
F000731,C13880,2024-12-12,5,I achieved my goal
F000732,C00356,2024-10-12,2,Need more follow-up
F000733,C13769,2025-12-23,5,Very helpful program
F000734,C11653,2025-01-12,4,Good experience
F000735,C12376,2026-07-02,1,I missed some sessions
F000736,C10984,2025-04-13,5,Very helpful program
F000737,C02884,2025-06-20,5,Very satisfied
F000738,C15806,2024-06-05,5,Good guidance from the team
F000739,C10511,2025-01-13,4,Good experience
F000740,C07873,2025-08-09,1,Could be better
F000741,C04332,2025-03-23,3,I missed some sessions
F000742,C04189,2025-04-28,4,Very helpful program
F000743,C07264,2024-10-28,3,Program was difficult to follow
F000744,C11534,2024-10-30,4,Excellent support
F000745,C04824,2026-12-02,5,Excellent support
F000746,C02331,2024-08-22,5,Very helpful program
F000747,C09684,2026-08-11,3,Expected better results
F000748,C18106,2025-05-07,5,Very satisfied
F000749,C12271,2024-11-14,4,Very satisfied
F000750,C00288,2026-05-17,5,Good guidance from the team
F000751,C14943,2026-07-28,3,I missed some sessions
F000752,C07072,2025-03-25,5,Good guidance from the team
F000753,C19879,2025-09-04,5,I achieved my goal
F000754,C08560,2025-08-08,5,Very helpful program
F000755,C14428,2024-09-08,4,Excellent support
F000756,C04269,2025-07-20,5,Good experience
F000757,C13399,2025-04-18,4,Good guidance from the team
F000758,C03629,2024-06-16,4,Good guidance from the team
F000759,C00875,2026-04-25,4,I achieved my goal
F000760,C12616,2024-09-30,3,Could be better
F000761,C12654,2025-04-16,3,Not fully satisfied
F000762,C15276,2026-07-01,2,Could be better
F000763,C19668,2024-09-24,5,Very helpful program
F000764,C04530,2025-08-19,5,The coach was helpful
F000765,C00698,2026-06-05,5,I achieved my goal
F000766,C05291,2025-06-29,5,The coach was helpful
F000767,C17674,2025-09-12,5,I achieved my goal
F000768,C07942,2025-03-30,2,Expected better results
F000769,C07569,2025-12-08,4,Very helpful program
F000770,C15874,2026-06-25,1,Expected better results
F000771,C06092,2025-12-09,5,Excellent support
F000772,C19657,2024-10-01,4,The coach was helpful
F000773,C06401,2025-06-04,5,I achieved my goal
F000774,C03914,2025-10-24,3,Program was difficult to follow
F000775,C18165,2024-10-09,3,Could be better
F000776,C12591,2025-10-05,3,Could be better
F000777,C12915,2026-06-05,5,Good guidance from the team
F000778,C15550,2026-05-19,5,The coach was helpful
F000779,C11364,2025-07-20,4,Good experience
F000780,C07843,2026-06-23,4,Excellent support
F000781,C15916,2026-05-14,5,The coach was helpful
F000782,C03068,2024-06-02,5,Good guidance from the team
F000783,C10725,2024-07-19,3,Program was difficult to follow
F000784,C17801,2026-07-15,2,Expected better results
F000785,C02347,2026-02-11,5,Very helpful program
F000786,C09929,2024-04-27,4,I achieved my goal
F000787,C06694,2025-08-05,1,Program was difficult to follow
F000788,C16664,2026-02-25,3,Not fully satisfied
F000789,C07529,2025-12-16,4,Very satisfied
F000790,C17340,2026-07-26,5,Excellent support
F000791,C06368,2026-05-14,4,Good guidance from the team
F000792,C06517,2024-11-18,4,Excellent support
F000793,C19988,2025-07-15,3,Need more follow-up
F000794,C09228,2026-01-16,5,Very satisfied
F000795,C05357,2024-12-31,4,Very satisfied
F000796,C12873,2025-07-26,3,I missed some sessions
F000797,C12156,2024-10-30,4,I achieved my goal
F000798,C17964,2026-04-23,3,I missed some sessions
F000799,C08947,2025-08-19,5,The coach was helpful
F000800,C13921,2026-08-03,2,Program was difficult to follow
F000801,C11610,2026-08-26,1,Could be better
F000802,C09061,2025-12-04,5,Excellent support
F000803,C02936,2024-04-13,4,Excellent support
F000804,C00182,2025-05-03,5,The coach was helpful
F000805,C04864,2024-10-24,3,Need more follow-up
F000806,C13723,2026-03-25,5,Good guidance from the team
F000807,C02095,2024-08-04,4,Good experience
F000808,C19058,2024-06-14,3,Need more follow-up
F000809,C15026,2025-06-06,4,Good experience
F000810,C01998,2026-05-09,3,Need more follow-up
F000811,C18278,2024-08-18,2,Not fully satisfied
F000812,C01554,2024-03-16,4,Good guidance from the team
F000813,C14104,2024-08-01,4,I achieved my goal
F000814,C15217,2024-03-08,5,Good experience
F000815,C00941,2026-05-31,4,Very satisfied
F000816,C03760,2024-03-13,4,Very helpful program
F000817,C05334,2025-02-10,4,Good experience
F000818,C10428,2025-04-16,3,Program was difficult to follow
F000819,C19017,2027-02-01,4,Good guidance from the team
F000820,C11040,2026-07-28,3,Program was difficult to follow
F000821,C06181,2025-02-01,5,Good guidance from the team
F000822,C03295,2024-04-03,4,Good guidance from the team
F000823,C08403,2025-09-20,5,Excellent support
F000824,C02152,2025-06-30,5,The coach was helpful
F000825,C05207,2025-02-03,5,Good experience
F000826,C06588,2024-06-01,4,The coach was helpful
F000827,C06919,2025-08-16,4,Good guidance from the team
F000828,C03764,2024-05-23,5,I achieved my goal
F000829,C11276,2025-01-18,3,Program was difficult to follow
F000830,C17720,2025-06-28,4,Very satisfied
F000831,C11346,2024-08-06,4,Very helpful program
F000832,C13133,2025-10-19,3,Not fully satisfied
F000833,C02619,2025-08-06,5,Good experience
F000834,C15983,2024-04-23,3,Not fully satisfied
F000835,C18150,2024-08-06,4,Very helpful program
F000836,C11620,2024-08-05,4,I achieved my goal
F000837,C15022,2025-07-17,5,Excellent support
F000838,C16152,2026-08-05,3,I missed some sessions
F000839,C14218,2025-03-23,3,Need more follow-up
F000840,C09591,2026-10-15,4,Very satisfied
F000841,C06481,2024-09-20,3,Expected better results
F000842,C04399,2025-02-12,5,Good guidance from the team
F000843,C06143,2024-08-01,5,The coach was helpful
F000844,C04330,2026-03-10,3,Could be better
F000845,C11893,2024-07-28,4,I achieved my goal
F000846,C02247,2025-02-28,4,Good experience
F000847,C03759,2026-03-25,5,I achieved my goal
F000848,C09038,2024-04-21,4,Good experience
F000849,C12275,2025-04-21,5,Very helpful program
F000850,C03624,2026-04-13,4,Good experience
F000851,C08249,2026-06-09,1,Need more follow-up
F000852,C09806,2026-05-28,5,Good experience
F000853,C14036,2026-03-26,5,Very satisfied
F000854,C04640,2026-08-11,1,Not fully satisfied
F000855,C13710,2025-02-01,5,Excellent support
F000856,C13762,2024-05-18,4,Very helpful program
F000857,C17781,2025-05-31,5,Very helpful program
F000858,C08422,2026-02-02,5,The coach was helpful
F000859,C01382,2026-07-20,5,Very satisfied
F000860,C19323,2026-03-09,5,I achieved my goal
F000861,C01389,2025-06-17,3,Need more follow-up
F000862,C02687,2026-04-02,4,Good experience
F000863,C18352,2025-06-24,4,I achieved my goal
F000864,C12013,2026-03-01,3,Need more follow-up
F000865,C14235,2025-02-21,5,Excellent support
F000866,C15628,2024-06-28,5,Good experience
F000867,C18060,2024-05-22,2,Could be better
F000868,C11379,2025-07-15,4,Very helpful program
F000869,C00956,2025-04-29,5,Good guidance from the team
F000870,C10408,2024-08-09,5,I achieved my goal
F000871,C06601,2025-03-31,3,Could be better
F000872,C13764,2024-06-19,2,Not fully satisfied
F000873,C08027,2025-11-23,2,Could be better
F000874,C03423,2024-07-04,5,Good guidance from the team
F000875,C19185,2026-10-12,5,The coach was helpful
F000876,C11582,2024-10-12,5,I achieved my goal
F000877,C16100,2024-04-23,4,Good experience
F000878,C18050,2024-06-29,3,Program was difficult to follow
F000879,C10813,2026-09-04,5,Good experience
F000880,C15005,2025-10-05,3,Could be better
F000881,C02893,2024-11-29,4,Very helpful program
F000882,C17061,2025-04-10,3,Program was difficult to follow
F000883,C04394,2025-07-23,2,Expected better results
F000884,C00804,2025-06-16,5,Good guidance from the team
F000885,C19946,2026-04-02,5,Excellent support
F000886,C15685,2024-08-26,5,Very helpful program
F000887,C02960,2025-09-08,5,I achieved my goal
F000888,C00540,2025-09-19,3,Could be better
F000889,C19367,2026-06-30,5,Good guidance from the team
F000890,C16422,2024-11-13,5,Excellent support
F000891,C11312,2026-03-10,5,I achieved my goal
F000892,C19394,2025-08-08,4,The coach was helpful
F000893,C14703,2025-08-31,4,Good experience
F000894,C12368,2024-09-16,5,Very satisfied
F000895,C19612,2025-04-29,4,Excellent support
F000896,C07391,2024-06-30,5,Excellent support
F000897,C19160,2026-04-16,3,Could be better
F000898,C16801,2024-08-17,5,Good experience
F000899,C13445,2024-12-22,3,Program was difficult to follow
F000900,C08664,2026-02-08,2,Program was difficult to follow
F000901,C13082,2025-07-28,5,Very helpful program
F000902,C04738,2024-11-30,4,Good experience
F000903,C12079,2024-08-26,3,Could be better
F000904,C18302,2026-08-25,5,Very satisfied
F000905,C17227,2024-11-05,4,I achieved my goal
F000906,C08059,2026-03-09,5,Good experience
F000907,C01948,2024-10-12,4,The coach was helpful
F000908,C16089,2024-09-17,4,Very satisfied
F000909,C15594,2026-02-07,2,Need more follow-up
F000910,C14560,2026-08-12,5,I achieved my goal
F000911,C12208,2024-03-14,4,Very helpful program
F000912,C14503,2026-09-03,5,Very helpful program
F000913,C08801,2024-06-25,4,Excellent support
F000914,C16837,2024-12-05,5,Good guidance from the team
F000915,C05783,2025-10-12,3,Could be better
F000916,C10389,2026-03-25,4,The coach was helpful
F000917,C06179,2025-11-11,5,Very satisfied
F000918,C17593,2026-07-28,4,I achieved my goal
F000919,C16464,2025-08-08,5,The coach was helpful
F000920,C08689,2025-09-15,1,Need more follow-up
F000921,C07456,2025-02-07,1,Could be better
F000922,C16250,2026-01-23,1,Program was difficult to follow
F000923,C05792,2024-12-11,5,Excellent support
F000924,C17068,2026-10-10,4,The coach was helpful
F000925,C00709,2026-01-31,4,Excellent support
F000926,C00089,2025-11-05,4,Excellent support
F000927,C12246,2026-04-10,5,Excellent support
F000928,C17272,2025-05-07,2,I missed some sessions
F000929,C13917,2024-11-21,5,I achieved my goal
F000930,C00763,2026-07-23,4,Very helpful program
F000931,C06363,2025-08-02,3,Could be better
F000932,C12571,2025-11-04,2,Expected better results
F000933,C07513,2024-09-08,1,Program was difficult to follow
F000934,C00719,2026-03-23,4,Good guidance from the team
F000935,C19269,2025-01-09,1,Not fully satisfied
F000936,C05884,2026-02-25,2,Expected better results
F000937,C17586,2026-07-12,3,Expected better results
F000938,C13580,2024-09-20,5,Good guidance from the team
F000939,C19382,2025-10-06,4,Very satisfied
F000940,C12666,2026-06-01,5,Good experience
F000941,C09668,2024-12-14,4,Excellent support
F000942,C15703,2025-11-06,4,Excellent support
F000943,C08143,2024-05-26,5,The coach was helpful
F000944,C07722,2025-02-23,4,Excellent support
F000945,C01698,2024-11-07,3,Need more follow-up
F000946,C08409,2025-11-12,4,Very helpful program
F000947,C13934,2025-03-06,5,The coach was helpful
F000948,C08963,2024-09-27,4,Excellent support
F000949,C06605,2024-11-12,3,Not fully satisfied
F000950,C14623,2026-05-03,5,Good guidance from the team
F000951,C15924,2026-03-10,2,Could be better
F000952,C00042,2025-06-11,5,I achieved my goal
F000953,C05158,2026-03-31,4,I achieved my goal
F000954,C06360,2026-06-27,3,Program was difficult to follow
F000955,C01878,2025-06-01,2,Expected better results
F000956,C13914,2025-09-11,4,Excellent support
F000957,C10424,2024-11-20,4,I achieved my goal
F000958,C08133,2026-01-19,3,Expected better results
F000959,C16487,2025-03-13,4,Good experience
F000960,C03372,2024-10-03,4,Good guidance from the team
F000961,C19047,2026-01-09,4,The coach was helpful
F000962,C00432,2025-12-07,4,Good guidance from the team
F000963,C17570,2025-10-22,1,Program was difficult to follow
F000964,C08160,2025-05-24,4,Good experience
F000965,C18479,2026-05-01,2,I missed some sessions
F000966,C16929,2026-04-30,5,Good guidance from the team
F000967,C12895,2024-08-28,5,Excellent support
F000968,C05149,2026-08-04,5,Very satisfied
F000969,C12372,2024-06-16,5,Good guidance from the team
F000970,C08435,2025-09-14,3,Could be better
F000971,C03061,2026-04-29,3,I missed some sessions
F000972,C14538,2025-06-13,2,Expected better results
F000973,C17471,2025-01-18,5,Very satisfied
F000974,C01239,2025-11-22,5,Very helpful program
F000975,C04321,2025-02-14,5,Good experience
F000976,C11141,2025-01-31,4,Very satisfied
F000977,C04379,2026-03-02,1,I missed some sessions
F000978,C17470,2025-02-28,5,I achieved my goal
F000979,C00470,2024-07-11,3,Could be better
F000980,C08501,2025-08-06,5,Good guidance from the team
F000981,C19006,2025-03-08,4,Very helpful program
F000982,C08406,2026-09-18,5,Excellent support
F000983,C15465,2025-08-28,1,Need more follow-up
F000984,C16105,2025-04-06,5,Excellent support
F000985,C16904,2024-11-04,5,Very satisfied
F000986,C11293,2026-01-21,2,Expected better results
F000987,C13971,2026-06-25,3,Not fully satisfied
F000988,C08416,2024-06-11,3,Not fully satisfied
F000989,C12938,2024-06-24,5,I achieved my goal
F000990,C04384,2026-06-26,4,Very helpful program
F000991,C06515,2026-05-03,1,Could be better
F000992,C11341,2026-04-29,1,Need more follow-up
F000993,C17001,2025-05-31,5,I achieved my goal
F000994,C06875,2024-03-20,5,Very satisfied
F000995,C05030,2026-09-04,2,Program was difficult to follow
F000996,C18624,2025-04-11,3,Program was difficult to follow
F000997,C07613,2025-07-20,4,Good guidance from the team
F000998,C08447,2024-11-26,3,Could be better
F000999,C02562,2025-03-26,2,Need more follow-up
F001000,C13720,2024-07-26,5,Very satisfied
F001001,C05557,2025-08-26,1,Not fully satisfied
F001002,C13927,2025-12-26,4,I achieved my goal
F001003,C15047,2025-02-28,4,Good experience
F001004,C05661,2024-08-29,5,Good guidance from the team
F001005,C02196,2025-02-10,2,Not fully satisfied
F001006,C02260,2025-11-11,4,Excellent support
F001007,C09728,2025-09-10,5,Good experience
F001008,C10063,2024-10-22,3,Not fully satisfied
F001009,C13893,2025-04-13,5,I achieved my goal
F001010,C17580,2026-08-21,2,Expected better results
F001011,C05612,2026-12-06,3,Could be better
F001012,C18971,2026-11-12,4,Good experience
F001013,C12174,2025-03-26,5,I achieved my goal
F001014,C09166,2025-06-15,4,Very helpful program
F001015,C12047,2026-01-29,5,I achieved my goal
F001016,C13538,2026-02-17,3,Could be better
F001017,C03887,2025-11-01,4,Excellent support
F001018,C17627,2024-08-02,3,Expected better results
F001019,C06006,2026-06-21,3,Expected better results
F001020,C11457,2025-12-13,3,Not fully satisfied
F001021,C17180,2026-09-19,3,Expected better results
F001022,C04434,2024-08-17,3,I missed some sessions
F001023,C11886,2024-11-02,4,I achieved my goal
F001024,C13863,2025-03-17,2,Need more follow-up
F001025,C12451,2025-06-27,4,Good experience
F001026,C02868,2026-02-20,5,The coach was helpful
F001027,C15863,2026-10-01,5,I achieved my goal
F001028,C00630,2026-07-26,5,Excellent support
F001029,C05012,2026-08-16,4,Very helpful program
F001030,C19708,2026-03-11,5,Good guidance from the team
F001031,C09291,2025-12-24,5,Very helpful program
F001032,C12548,2026-01-13,5,Excellent support
F001033,C07913,2025-11-21,4,Good guidance from the team
F001034,C14812,2026-12-18,4,The coach was helpful
F001035,C14731,2026-06-19,3,Program was difficult to follow
F001036,C10446,2025-03-02,5,The coach was helpful
F001037,C03027,2026-05-12,3,Need more follow-up
F001038,C03968,2026-12-25,2,I missed some sessions
F001039,C08536,2025-06-05,5,The coach was helpful
F001040,C18671,2026-08-03,3,Could be better
F001041,C16558,2025-11-13,1,Not fully satisfied
F001042,C15810,2025-09-05,5,Very helpful program
F001043,C09375,2025-06-20,1,I missed some sessions
F001044,C09263,2024-05-14,3,Not fully satisfied
F001045,C17284,2025-09-05,4,Good experience
F001046,C01693,2026-01-25,2,Program was difficult to follow
F001047,C14876,2025-09-03,5,Very satisfied
F001048,C02192,2026-01-29,4,Good experience
F001049,C09593,2025-12-11,4,I achieved my goal
F001050,C07234,2026-11-30,5,Very helpful program
F001051,C18499,2026-02-10,4,The coach was helpful
F001052,C18798,2026-02-06,1,Program was difficult to follow
F001053,C10921,2025-05-27,5,Good experience
F001054,C11995,2024-04-23,3,Could be better
F001055,C05265,2024-03-06,1,Not fully satisfied
F001056,C03845,2024-05-26,5,Excellent support
F001057,C10327,2026-03-18,5,Good guidance from the team
F001058,C04638,2025-10-16,5,Excellent support
F001059,C06975,2026-04-16,5,Good experience
F001060,C02528,2026-09-01,3,Could be better
F001061,C00137,2024-07-02,2,Expected better results
F001062,C03927,2024-07-07,2,Not fully satisfied
F001063,C17600,2024-06-13,2,Program was difficult to follow
F001064,C00802,2024-03-28,5,Good experience
F001065,C14467,2025-03-22,3,Program was difficult to follow
F001066,C10153,2026-05-23,2,Not fully satisfied
F001067,C13362,2025-09-06,5,The coach was helpful
F001068,C05467,2025-05-25,4,Very satisfied
F001069,C01395,2025-07-19,5,Very satisfied
F001070,C17610,2025-03-17,5,I achieved my goal
F001071,C03984,2026-03-18,4,Good guidance from the team
F001072,C02956,2026-07-30,4,Very satisfied
F001073,C03622,2026-06-07,2,I missed some sessions
F001074,C05795,2025-08-31,5,The coach was helpful
F001075,C13908,2025-09-04,5,Very helpful program
F001076,C15004,2024-12-29,5,Excellent support
F001077,C18511,2025-03-03,5,Very satisfied
F001078,C02636,2026-07-14,4,Very helpful program
F001079,C06484,2025-05-23,4,I achieved my goal
F001080,C11155,2026-08-13,4,Good guidance from the team
F001081,C02703,2026-02-19,4,Very satisfied
F001082,C18198,2024-05-15,5,I achieved my goal
F001083,C16032,2026-08-31,5,Very helpful program
F001084,C07208,2024-07-16,4,Good experience
F001085,C01199,2026-02-12,3,I missed some sessions
F001086,C12052,2024-02-27,3,Not fully satisfied
F001087,C02403,2025-03-10,5,Very satisfied
F001088,C02845,2026-01-05,3,Need more follow-up
F001089,C18267,2025-01-17,5,The coach was helpful
F001090,C16306,2024-08-22,4,Good experience
F001091,C13786,2024-11-17,4,I achieved my goal
F001092,C05915,2025-02-21,5,The coach was helpful
F001093,C07426,2024-06-03,3,Program was difficult to follow
F001094,C16362,2026-01-19,5,Very satisfied
F001095,C15311,2026-05-13,4,Very satisfied
F001096,C15063,2026-02-05,5,I achieved my goal
F001097,C15301,2026-06-16,5,Good guidance from the team
F001098,C02731,2025-01-03,5,The coach was helpful
F001099,C07678,2027-02-26,4,Very helpful program
F001100,C04929,2026-08-13,4,Very satisfied
F001101,C16023,2026-10-19,3,Expected better results
F001102,C17721,2025-02-17,4,Good experience
F001103,C14932,2024-05-10,3,Not fully satisfied
F001104,C04933,2025-07-15,2,Need more follow-up
F001105,C03966,2025-11-24,5,Good experience
F001106,C09380,2026-04-30,4,I achieved my goal
F001107,C06604,2025-12-20,4,I achieved my goal
F001108,C13145,2025-08-02,3,Not fully satisfied
F001109,C19082,2025-04-10,5,Very helpful program
F001110,C06499,2026-06-25,5,I achieved my goal
F001111,C18925,2026-12-28,2,Need more follow-up
F001112,C14316,2025-07-10,4,Very helpful program
F001113,C03323,2024-08-04,5,Very helpful program
F001114,C01972,2024-03-10,5,The coach was helpful
F001115,C17497,2024-09-10,3,Need more follow-up
F001116,C02672,2026-02-26,2,Could be better
F001117,C19746,2026-01-25,5,I achieved my goal
F001118,C13284,2025-04-18,4,The coach was helpful
F001119,C12801,2026-04-14,4,The coach was helpful
F001120,C16097,2026-05-31,4,Very satisfied
F001121,C05096,2026-05-14,5,Very satisfied
F001122,C13241,2026-12-04,4,I achieved my goal
F001123,C09836,2025-02-19,4,Very satisfied
F001124,C08404,2027-01-29,5,Good experience
F001125,C18360,2024-05-01,3,Could be better
F001126,C08393,2026-06-21,3,Could be better
F001127,C06706,2024-12-10,4,Very satisfied
F001128,C15196,2026-02-14,5,I achieved my goal
F001129,C16059,2025-02-22,4,I achieved my goal
F001130,C02356,2026-08-07,2,I missed some sessions
F001131,C17218,2026-06-17,4,Very satisfied
F001132,C00290,2024-11-15,3,Not fully satisfied
F001133,C13283,2025-11-24,5,Excellent support
F001134,C16061,2024-11-14,2,Could be better
F001135,C16121,2026-02-23,5,Good experience
F001136,C05324,2025-07-03,5,Good experience
F001137,C02154,2025-01-22,3,Program was difficult to follow
F001138,C14292,2026-03-04,5,Good experience
F001139,C17799,2026-06-18,3,Expected better results
F001140,C12684,2025-10-02,4,The coach was helpful
F001141,C12397,2025-01-09,5,Good guidance from the team
F001142,C06949,2025-04-13,4,Good experience
F001143,C11962,2026-08-06,4,Good experience
F001144,C13520,2026-03-06,1,Not fully satisfied
F001145,C03901,2024-11-21,5,Very satisfied
F001146,C07052,2025-10-11,5,Very satisfied
F001147,C01594,2024-09-05,4,Very helpful program
F001148,C00408,2025-04-13,4,Excellent support
F001149,C11245,2026-08-14,4,Excellent support
F001150,C01453,2026-06-15,4,I achieved my goal
F001151,C18322,2025-04-19,4,I achieved my goal
F001152,C08452,2024-10-02,4,Very satisfied
F001153,C09226,2025-01-30,5,Excellent support
F001154,C00644,2024-04-04,4,Good guidance from the team
F001155,C17134,2024-10-13,3,Could be better
F001156,C17810,2025-09-10,2,Expected better results
F001157,C09974,2026-04-19,3,Need more follow-up
F001158,C08602,2026-05-17,1,Expected better results
F001159,C01099,2024-08-19,3,Could be better
F001160,C07386,2025-03-13,4,Excellent support
F001161,C15653,2026-04-13,4,Very helpful program
F001162,C03246,2026-05-10,4,Very helpful program
F001163,C01758,2026-10-10,3,I missed some sessions
F001164,C00986,2025-07-03,5,Very helpful program
F001165,C07498,2025-12-02,5,The coach was helpful
F001166,C09656,2025-08-27,5,Very helpful program
F001167,C05991,2024-12-19,3,Could be better
F001168,C06772,2025-04-25,4,Excellent support
F001169,C06756,2024-08-07,4,I achieved my goal
F001170,C17304,2024-09-03,5,I achieved my goal
F001171,C14776,2025-10-27,4,I achieved my goal
F001172,C14809,2025-11-28,2,Need more follow-up
F001173,C18711,2026-05-01,2,Program was difficult to follow
F001174,C03871,2025-05-08,3,Not fully satisfied
F001175,C18596,2025-05-09,4,Good guidance from the team
F001176,C06016,2025-07-01,4,Good guidance from the team
F001177,C19403,2025-09-18,4,I achieved my goal
F001178,C05041,2024-07-29,5,Good experience
F001179,C03001,2025-07-26,1,I missed some sessions
F001180,C14348,2026-04-15,4,The coach was helpful
F001181,C14400,2025-06-20,3,Not fully satisfied
F001182,C06620,2026-11-22,5,Excellent support
F001183,C06788,2025-07-13,4,Good experience
F001184,C08834,2026-01-10,4,Very satisfied
F001185,C12274,2026-03-28,5,Very helpful program
F001186,C01678,2025-02-01,3,Program was difficult to follow
F001187,C17026,2025-07-27,5,Good experience
F001188,C01469,2024-12-18,5,Good experience
F001189,C16636,2026-01-07,3,Need more follow-up
F001190,C18381,2024-10-25,4,The coach was helpful
F001191,C01711,2024-06-07,2,Expected better results
F001192,C18056,2025-05-24,4,Very helpful program
F001193,C00499,2024-09-06,5,Very helpful program
F001194,C18103,2025-02-07,2,Program was difficult to follow
F001195,C18982,2026-09-04,5,I achieved my goal
F001196,C18593,2026-05-06,3,Need more follow-up
F001197,C03919,2026-02-07,4,Good guidance from the team
F001198,C07090,2025-01-14,4,Good guidance from the team
F001199,C19530,2025-04-29,4,Excellent support
F001200,C19752,2024-09-19,4,Good guidance from the team
F001201,C17831,2025-07-05,3,I missed some sessions
F001202,C11757,2024-12-30,5,I achieved my goal
F001203,C13042,2025-05-18,2,Not fully satisfied
F001204,C12089,2024-09-18,4,Very satisfied
F001205,C16208,2024-09-05,2,Not fully satisfied
F001206,C17830,2026-04-13,5,Good experience
F001207,C05383,2025-07-18,4,Good guidance from the team
F001208,C15515,2025-06-21,4,Very satisfied
F001209,C13239,2025-07-16,3,I missed some sessions
F001210,C15917,2026-06-21,4,Good guidance from the team
F001211,C02598,2025-05-27,1,Could be better
F001212,C00680,2025-08-21,2,Not fully satisfied
F001213,C12034,2024-11-20,4,I achieved my goal
F001214,C08905,2025-05-16,5,I achieved my goal
F001215,C03442,2026-07-10,5,Good guidance from the team
F001216,C01959,2025-10-17,5,I achieved my goal
F001217,C16845,2026-08-15,3,I missed some sessions
F001218,C17761,2024-09-25,5,The coach was helpful
F001219,C13157,2026-11-20,4,Excellent support
F001220,C11756,2026-07-08,3,I missed some sessions
F001221,C01150,2026-08-19,5,Very helpful program
F001222,C02418,2024-11-02,2,Need more follow-up
F001223,C09600,2025-06-24,5,Very satisfied
F001224,C04145,2025-06-07,3,Need more follow-up
F001225,C15706,2024-08-02,4,Good guidance from the team
F001226,C08434,2025-01-26,5,Good guidance from the team
F001227,C16148,2024-09-20,4,The coach was helpful
F001228,C01217,2024-04-16,3,I missed some sessions
F001229,C00349,2026-01-25,5,Good guidance from the team
F001230,C01161,2025-11-02,3,I missed some sessions
F001231,C18301,2025-09-04,4,Very helpful program
F001232,C11505,2026-06-07,4,Good guidance from the team
F001233,C04270,2025-06-20,4,Good experience
F001234,C06257,2024-06-23,4,Good experience
F001235,C10116,2024-09-02,4,Very satisfied
F001236,C07719,2025-12-17,5,Good guidance from the team
F001237,C18792,2024-08-13,4,The coach was helpful
F001238,C15077,2024-07-20,2,Could be better
F001239,C01576,2024-07-25,4,Excellent support
F001240,C01071,2025-05-12,2,Program was difficult to follow
F001241,C16797,2026-04-25,4,Very helpful program
F001242,C13533,2026-05-11,3,Not fully satisfied
F001243,C19345,2025-09-26,4,Very helpful program
F001244,C15557,2026-01-31,4,Very satisfied
F001245,C09056,2024-11-06,5,Good guidance from the team
F001246,C08707,2025-08-25,4,The coach was helpful
F001247,C15315,2025-09-14,4,Good guidance from the team
F001248,C11493,2024-11-29,5,Very helpful program
F001249,C12242,2025-02-11,5,Excellent support
F001250,C04346,2026-06-10,5,The coach was helpful
F001251,C03363,2024-08-03,3,Could be better
F001252,C15577,2025-05-12,5,Good guidance from the team
F001253,C08935,2025-02-11,5,Good experience
F001254,C15122,2025-09-09,4,Good guidance from the team
F001255,C03018,2024-09-04,2,Need more follow-up
F001256,C05596,2025-01-04,3,Need more follow-up
F001257,C14434,2025-09-23,3,Program was difficult to follow
F001258,C18462,2026-07-29,4,Good guidance from the team
F001259,C02719,2024-09-20,4,The coach was helpful
F001260,C02552,2024-03-28,5,Very helpful program
F001261,C01747,2025-10-21,2,Could be better
F001262,C02290,2025-08-31,2,Need more follow-up
F001263,C05635,2026-07-29,2,Need more follow-up
F001264,C13448,2026-10-21,5,Very satisfied
F001265,C13650,2025-05-21,3,Expected better results
F001266,C05713,2025-10-16,4,Very helpful program
F001267,C11965,2025-10-06,4,Good experience
F001268,C12007,2024-06-25,1,Expected better results
F001269,C19661,2026-02-15,3,I missed some sessions
F001270,C04701,2025-04-17,2,I missed some sessions
F001271,C11448,2025-11-09,3,I missed some sessions
F001272,C03727,2026-03-11,4,Excellent support
F001273,C13437,2025-03-29,5,Excellent support
F001274,C13620,2025-06-22,5,Very helpful program
F001275,C10323,2025-07-16,3,Need more follow-up
F001276,C14885,2025-10-03,5,Very satisfied
F001277,C14985,2025-04-28,5,I achieved my goal
F001278,C08968,2024-10-11,5,I achieved my goal
F001279,C06624,2024-03-01,5,Excellent support
F001280,C00100,2025-07-05,5,I achieved my goal
F001281,C06476,2026-07-05,4,Excellent support
F001282,C01679,2026-08-26,4,I achieved my goal
F001283,C19462,2026-03-08,5,The coach was helpful
F001284,C16626,2025-08-04,5,Very helpful program
F001285,C14414,2025-12-12,2,Program was difficult to follow
F001286,C02181,2026-05-26,2,Program was difficult to follow
F001287,C01306,2024-06-30,4,Very satisfied
F001288,C11166,2026-05-07,5,I achieved my goal
F001289,C12849,2025-11-28,3,Could be better
F001290,C08488,2024-10-10,4,I achieved my goal
F001291,C18325,2026-09-01,4,Good guidance from the team
F001292,C00424,2024-08-21,4,I achieved my goal
F001293,C09339,2025-06-29,4,Excellent support
F001294,C02972,2024-09-19,4,The coach was helpful
F001295,C17954,2024-03-30,5,Excellent support
F001296,C07828,2024-06-12,4,Good guidance from the team
F001297,C09251,2025-01-09,3,Not fully satisfied
F001298,C13223,2024-06-15,4,The coach was helpful
F001299,C14721,2026-04-22,5,Very helpful program
F001300,C13434,2026-11-08,3,Program was difficult to follow
F001301,C15572,2026-04-17,4,The coach was helpful
F001302,C13930,2025-10-20,5,Very satisfied
F001303,C14223,2025-12-20,4,Very helpful program
F001304,C16547,2026-07-11,3,Could be better
F001305,C02433,2025-10-11,4,The coach was helpful
F001306,C16353,2026-05-04,4,Good experience
F001307,C18535,2026-01-09,3,Expected better results
F001308,C01234,2025-06-08,2,Not fully satisfied
F001309,C19451,2025-01-26,5,Good experience
F001310,C07721,2025-01-26,4,Good guidance from the team
F001311,C19671,2026-09-18,1,Expected better results
F001312,C18696,2024-04-19,5,Very helpful program
F001313,C09738,2024-06-07,4,Excellent support
F001314,C18526,2024-11-26,4,Good guidance from the team
F001315,C03774,2025-12-25,4,Good experience
F001316,C11289,2024-09-14,5,The coach was helpful
F001317,C19521,2025-01-05,5,Good guidance from the team
F001318,C00274,2026-08-07,3,Could be better
F001319,C05666,2024-08-17,5,The coach was helpful
F001320,C03422,2026-09-29,3,Not fully satisfied
F001321,C07850,2025-03-15,5,Good guidance from the team
F001322,C12212,2024-04-22,1,Could be better
F001323,C14174,2025-07-17,2,Could be better
F001324,C15914,2025-11-13,5,The coach was helpful
F001325,C04031,2026-06-11,4,Very satisfied
F001326,C05583,2025-01-22,3,Could be better
F001327,C07110,2024-07-30,5,I achieved my goal
F001328,C01296,2025-05-05,3,Could be better
F001329,C02029,2025-05-15,3,Program was difficult to follow
F001330,C02937,2025-11-04,4,I achieved my goal
F001331,C19389,2025-01-31,5,Excellent support
F001332,C18338,2026-10-27,3,Program was difficult to follow
F001333,C18158,2025-02-18,5,The coach was helpful
F001334,C01182,2024-07-04,3,Need more follow-up
F001335,C16774,2025-04-14,5,Excellent support
F001336,C11315,2025-10-21,3,Expected better results
F001337,C04949,2026-03-18,3,Need more follow-up
F001338,C00727,2024-08-13,4,I achieved my goal
F001339,C18197,2025-01-22,4,Excellent support
F001340,C03570,2025-04-06,2,Could be better
F001341,C12053,2026-02-12,5,Very satisfied
F001342,C07473,2024-10-06,3,Could be better
F001343,C16631,2026-03-09,4,Excellent support
F001344,C06851,2026-02-24,5,Very satisfied
F001345,C16164,2027-01-17,5,Excellent support
F001346,C18950,2024-07-09,5,Very satisfied
F001347,C18493,2025-07-26,3,I missed some sessions
F001348,C02680,2025-06-02,4,Good guidance from the team
F001349,C00429,2025-02-06,4,Good experience
F001350,C06686,2024-07-29,5,The coach was helpful
F001351,C10138,2025-08-24,5,The coach was helpful
F001352,C17708,2025-03-20,5,Good experience
F001353,C02122,2024-04-17,5,I achieved my goal
F001354,C17279,2026-05-01,5,Good guidance from the team
F001355,C14575,2024-09-27,2,Could be better
F001356,C06986,2025-03-11,1,Could be better
F001357,C00076,2026-01-03,1,Need more follow-up
F001358,C13117,2025-01-08,5,Excellent support
F001359,C19027,2025-08-17,5,Excellent support
F001360,C00865,2024-11-18,4,The coach was helpful
F001361,C17190,2024-12-14,5,Very satisfied
F001362,C19132,2025-07-22,5,Excellent support
F001363,C03591,2025-03-07,5,The coach was helpful
F001364,C00900,2025-12-19,4,Very helpful program
F001365,C06969,2026-03-19,5,Good guidance from the team
F001366,C16470,2025-01-26,2,I missed some sessions
F001367,C19864,2026-01-15,3,Could be better
F001368,C17426,2025-05-24,2,Expected better results
F001369,C16778,2026-08-17,3,I missed some sessions
F001370,C11426,2024-11-03,5,Good experience
F001371,C13029,2025-08-31,4,Very helpful program
F001372,C04445,2025-04-27,4,I achieved my goal
F001373,C00560,2025-04-16,4,Good experience
F001374,C08321,2025-07-29,2,Could be better
F001375,C00177,2025-05-07,1,I missed some sessions
F001376,C01307,2026-07-02,4,Very helpful program
F001377,C03999,2024-07-23,5,Excellent support
F001378,C09060,2025-08-15,1,Program was difficult to follow
F001379,C12732,2026-08-05,5,The coach was helpful
F001380,C19286,2026-04-20,4,Very satisfied
F001381,C04974,2024-05-21,5,Very satisfied
F001382,C02820,2026-01-30,5,I achieved my goal
F001383,C14506,2026-03-09,3,Expected better results
F001384,C19037,2026-03-25,5,Excellent support
F001385,C05047,2026-07-15,3,I missed some sessions
F001386,C01533,2026-05-13,3,Could be better
F001387,C19218,2024-04-12,4,Excellent support
F001388,C12477,2025-02-10,5,Very helpful program
F001389,C09149,2025-08-02,3,Need more follow-up
F001390,C03338,2024-10-29,4,Good experience
F001391,C06361,2024-09-26,5,Excellent support
F001392,C16419,2026-02-17,4,Very helpful program
F001393,C14083,2025-03-03,5,Very helpful program
F001394,C11384,2026-04-05,4,Good experience
F001395,C13204,2024-06-21,3,Program was difficult to follow
F001396,C09555,2025-07-23,5,The coach was helpful
F001397,C15481,2026-08-06,3,I missed some sessions
F001398,C13866,2024-12-04,2,Expected better results
F001399,C14281,2024-05-04,4,I achieved my goal
F001400,C16081,2024-05-02,4,Good experience
F001401,C14454,2025-06-21,2,I missed some sessions
F001402,C05045,2024-03-12,5,Very helpful program
F001403,C05920,2025-10-04,3,Could be better
F001404,C12850,2025-09-21,4,The coach was helpful
F001405,C01440,2025-01-18,3,Not fully satisfied
F001406,C16126,2024-08-21,4,Good guidance from the team
F001407,C19931,2025-04-12,1,Expected better results
F001408,C03662,2025-05-09,4,Very helpful program
F001409,C02146,2025-01-11,4,Excellent support
F001410,C02062,2025-11-23,3,Need more follow-up
F001411,C19008,2025-11-10,3,I missed some sessions
F001412,C18351,2024-09-14,4,Excellent support
F001413,C12707,2025-05-01,5,Excellent support
F001414,C11228,2025-07-27,4,Very satisfied
F001415,C18382,2026-02-24,4,Very satisfied
F001416,C05087,2026-05-01,4,Very helpful program
F001417,C11096,2024-08-13,4,The coach was helpful
F001418,C02016,2026-01-20,5,Good guidance from the team
F001419,C15746,2025-02-17,4,Very satisfied
F001420,C05327,2025-05-06,2,Expected better results
F001421,C00069,2024-12-15,3,Could be better
F001422,C04007,2024-03-22,4,Very satisfied
F001423,C11957,2024-07-02,3,Program was difficult to follow
F001424,C03324,2024-04-24,4,Excellent support
F001425,C02896,2024-11-08,5,Very helpful program
F001426,C18991,2026-06-01,4,Excellent support
F001427,C15607,2026-02-20,5,The coach was helpful
F001428,C16579,2026-04-02,5,I achieved my goal
F001429,C16301,2026-04-16,4,Very helpful program
F001430,C13936,2024-12-27,3,Expected better results
F001431,C11008,2025-02-03,4,Good guidance from the team
F001432,C00912,2024-12-22,5,I achieved my goal
F001433,C06516,2024-11-11,5,Excellent support
F001434,C11381,2024-11-05,2,I missed some sessions
F001435,C00857,2026-06-14,2,Could be better
F001436,C05238,2024-10-02,4,I achieved my goal
F001437,C10210,2024-10-30,4,Excellent support
F001438,C18539,2024-11-13,4,Very satisfied
F001439,C12833,2026-09-09,4,The coach was helpful
F001440,C09921,2025-06-01,4,Very helpful program
F001441,C05708,2024-12-12,3,Program was difficult to follow
F001442,C03436,2026-01-27,5,Very helpful program
F001443,C13906,2026-01-21,4,Good guidance from the team
F001444,C07132,2025-03-08,4,Excellent support
F001445,C01705,2024-07-13,4,The coach was helpful
F001446,C08615,2025-12-13,3,Program was difficult to follow
F001447,C05444,2026-09-16,4,The coach was helpful
F001448,C03292,2026-09-13,5,Good experience
F001449,C08546,2025-12-18,5,Excellent support
F001450,C05311,2026-03-04,5,The coach was helpful
F001451,C13594,2025-02-08,4,Very satisfied
F001452,C00120,2024-06-22,2,Need more follow-up
F001453,C14411,2025-01-14,4,Good experience
F001454,C14182,2025-11-09,4,Excellent support
F001455,C18823,2024-08-12,3,Program was difficult to follow
F001456,C00287,2024-05-28,4,The coach was helpful
F001457,C09649,2025-06-30,4,Excellent support
F001458,C16354,2024-10-27,5,Excellent support
F001459,C17424,2026-05-24,5,The coach was helpful
F001460,C17389,2025-01-25,2,Expected better results
F001461,C01793,2026-06-22,3,I missed some sessions
F001462,C10742,2025-01-04,4,The coach was helpful
F001463,C17937,2024-07-08,4,I achieved my goal
F001464,C17243,2026-06-17,2,Not fully satisfied
F001465,C06104,2026-06-12,5,Good experience
F001466,C10585,2025-09-01,3,Need more follow-up
F001467,C17577,2024-11-29,4,Excellent support
F001468,C08320,2026-09-09,2,Not fully satisfied
F001469,C16350,2024-07-02,5,Good guidance from the team
F001470,C05120,2026-06-14,3,Not fully satisfied
F001471,C08545,2025-03-15,4,The coach was helpful
F001472,C13856,2025-08-05,2,Not fully satisfied
F001473,C18335,2025-05-24,5,I achieved my goal
F001474,C04777,2025-04-19,5,Very helpful program
F001475,C03411,2024-07-08,5,Very helpful program
F001476,C08251,2025-01-04,4,Very satisfied
F001477,C16614,2025-03-31,3,Not fully satisfied
F001478,C03918,2025-07-28,3,Expected better results
F001479,C11181,2024-07-05,3,Not fully satisfied
F001480,C13610,2025-01-14,4,Very satisfied
F001481,C06556,2025-03-02,5,Very helpful program
F001482,C18571,2026-06-11,4,Good experience
F001483,C12667,2024-10-13,5,Very helpful program
F001484,C16455,2024-12-24,5,The coach was helpful
F001485,C13837,2024-07-24,1,Need more follow-up
F001486,C03053,2024-06-17,4,Very satisfied
F001487,C05253,2025-10-10,4,Good guidance from the team
F001488,C16980,2025-07-19,3,Program was difficult to follow
F001489,C04844,2024-07-20,4,Excellent support
F001490,C04194,2026-04-17,5,Excellent support
F001491,C02270,2025-02-03,3,Need more follow-up
F001492,C12282,2025-01-01,5,Very helpful program
F001493,C18760,2024-06-22,4,Very helpful program
F001494,C04903,2024-05-04,5,Very helpful program
F001495,C10367,2024-09-19,3,Expected better results
F001496,C13143,2025-03-07,5,The coach was helpful
F001497,C00622,2026-05-12,3,Not fully satisfied
F001498,C00925,2024-04-13,3,Program was difficult to follow
F001499,C18111,2026-03-04,5,Very helpful program
F001500,C14511,2024-08-05,4,Good guidance from the team
F001501,C14034,2026-04-15,4,The coach was helpful
F001502,C17137,2025-05-02,5,Very helpful program
F001503,C15034,2025-10-20,1,Program was difficult to follow
F001504,C15214,2025-04-21,4,Excellent support
F001505,C06247,2026-06-24,3,Program was difficult to follow
F001506,C11569,2026-04-05,4,Very helpful program
F001507,C05455,2025-10-24,4,Good guidance from the team
F001508,C15648,2024-12-07,4,The coach was helpful
F001509,C03288,2024-10-19,4,I achieved my goal
F001510,C03163,2025-02-10,4,The coach was helpful
F001511,C06168,2025-08-02,3,Could be better
F001512,C05487,2026-11-28,4,The coach was helpful
F001513,C09896,2024-03-09,3,Program was difficult to follow
F001514,C14929,2024-09-21,1,Could be better
F001515,C14210,2025-10-04,3,Expected better results
F001516,C13066,2025-11-12,4,The coach was helpful
F001517,C08728,2025-08-10,4,Very helpful program
F001518,C16840,2026-04-15,5,Good experience
F001519,C17422,2025-04-11,4,I achieved my goal
F001520,C12406,2026-06-10,3,Not fully satisfied
F001521,C16915,2026-03-01,5,The coach was helpful
F001522,C19313,2024-12-11,4,Very satisfied
F001523,C12646,2024-08-20,4,Very helpful program
F001524,C09865,2026-07-11,5,Excellent support
F001525,C00563,2026-04-13,5,I achieved my goal
F001526,C03211,2026-01-27,5,The coach was helpful
F001527,C19810,2026-05-08,4,Very helpful program
F001528,C16226,2024-03-23,3,Program was difficult to follow
F001529,C06206,2026-10-29,5,Good guidance from the team
F001530,C05617,2025-06-14,2,Could be better
F001531,C03072,2026-06-25,5,Very satisfied
F001532,C12606,2025-09-13,5,The coach was helpful
F001533,C01138,2025-12-06,4,Good experience
F001534,C04761,2026-02-26,3,Program was difficult to follow
F001535,C16931,2025-06-17,5,The coach was helpful
F001536,C08769,2025-08-01,3,Program was difficult to follow
F001537,C06239,2024-11-27,2,Expected better results
F001538,C07146,2025-10-08,1,Not fully satisfied
F001539,C15698,2025-10-08,5,Very satisfied
F001540,C02532,2025-11-08,2,Need more follow-up
F001541,C03168,2025-12-11,4,Good guidance from the team
F001542,C06164,2025-06-22,5,I achieved my goal
F001543,C01257,2024-05-05,3,Expected better results
F001544,C03265,2025-11-15,5,Good experience
F001545,C01033,2025-06-04,4,I achieved my goal
F001546,C19254,2026-06-02,5,Excellent support
F001547,C12510,2025-11-09,4,Very helpful program
F001548,C04157,2024-07-14,4,Excellent support
F001549,C17509,2026-05-10,4,I achieved my goal
F001550,C01465,2024-03-18,4,The coach was helpful
F001551,C04350,2026-07-26,4,I achieved my goal
F001552,C17728,2025-10-04,5,Good experience
F001553,C00108,2025-12-14,4,Excellent support
F001554,C16948,2025-10-07,4,Very satisfied
F001555,C07454,2026-02-11,5,I achieved my goal
F001556,C12645,2026-08-01,5,Good experience
F001557,C06435,2026-01-20,5,Very satisfied
F001558,C16384,2025-03-24,5,The coach was helpful
F001559,C19445,2024-04-11,3,Expected better results
F001560,C15052,2024-11-21,5,Excellent support
F001561,C05746,2024-12-03,5,I achieved my goal
F001562,C06653,2025-02-11,3,I missed some sessions
F001563,C04475,2025-05-31,5,Good guidance from the team
F001564,C06320,2025-09-29,5,I achieved my goal
F001565,C01847,2025-06-16,2,Could be better
F001566,C07272,2025-04-20,2,Could be better
F001567,C01214,2025-10-23,3,Need more follow-up
F001568,C05921,2025-10-10,4,I achieved my goal
F001569,C19958,2024-04-14,5,Excellent support
F001570,C09989,2025-09-12,3,Need more follow-up
F001571,C17943,2024-04-16,1,Program was difficult to follow
F001572,C16373,2025-01-26,1,Expected better results
F001573,C12252,2025-07-11,4,Very satisfied
F001574,C19190,2025-12-14,5,I achieved my goal
F001575,C08500,2026-05-13,3,I missed some sessions
F001576,C00327,2026-03-04,1,Expected better results
F001577,C03920,2026-08-27,5,Good guidance from the team
F001578,C01451,2025-05-21,4,The coach was helpful
F001579,C17770,2025-09-11,5,Good guidance from the team
F001580,C04116,2026-01-19,3,Expected better results
F001581,C07156,2026-08-08,4,The coach was helpful
F001582,C09254,2024-10-02,1,Not fully satisfied
F001583,C09218,2025-09-02,2,Not fully satisfied
F001584,C03706,2025-07-18,5,Excellent support
F001585,C10578,2025-11-16,4,I achieved my goal
F001586,C16772,2025-10-04,2,Not fully satisfied
F001587,C00845,2025-05-13,4,Very satisfied
F001588,C13107,2025-09-15,5,Good guidance from the team
F001589,C13748,2026-10-21,3,Could be better
F001590,C03842,2026-09-04,2,Could be better
F001591,C06450,2024-06-26,5,Very satisfied
F001592,C08300,2025-12-30,4,I achieved my goal
F001593,C00889,2024-09-27,5,Excellent support
F001594,C19772,2024-11-17,5,Very satisfied
F001595,C00688,2026-06-30,4,Good experience
F001596,C05529,2026-11-02,5,The coach was helpful
F001597,C11187,2024-09-22,5,Very satisfied
F001598,C14084,2025-04-29,4,Good experience
F001599,C16534,2026-02-22,4,The coach was helpful
F001600,C02574,2026-04-14,5,The coach was helpful
F001601,C08169,2026-01-19,3,I missed some sessions
F001602,C17970,2026-01-21,3,Need more follow-up
F001603,C00701,2024-07-18,5,Excellent support
F001604,C17051,2024-03-10,5,I achieved my goal
F001605,C17478,2025-05-07,5,Very helpful program
F001606,C07004,2025-04-24,5,The coach was helpful
F001607,C09098,2026-01-30,5,I achieved my goal
F001608,C19601,2026-03-01,4,The coach was helpful
F001609,C16880,2025-04-23,2,I missed some sessions
F001610,C03549,2026-04-21,5,Very helpful program
F001611,C02305,2025-10-01,4,Good guidance from the team
F001612,C09756,2024-06-29,4,Good experience
F001613,C02464,2025-06-22,4,I achieved my goal
F001614,C13045,2025-10-19,4,Good guidance from the team
F001615,C02769,2024-09-20,5,The coach was helpful
F001616,C04910,2025-06-23,4,Very satisfied
F001617,C09051,2024-08-24,4,Good experience
F001618,C17965,2025-11-05,4,Very helpful program
F001619,C00524,2026-02-17,4,Very helpful program
F001620,C10876,2024-10-09,3,Could be better
F001621,C03277,2026-10-26,4,Very helpful program
F001622,C15651,2026-04-21,5,Good experience
F001623,C07470,2024-09-06,1,Expected better results
F001624,C13951,2026-05-01,4,Excellent support
F001625,C19427,2025-10-30,5,Very satisfied
F001626,C12930,2025-01-05,4,The coach was helpful
F001627,C02329,2025-12-09,5,Good experience
F001628,C00877,2024-07-02,5,Very satisfied
F001629,C04568,2025-07-18,5,Excellent support
F001630,C07224,2024-12-30,3,Expected better results
F001631,C05343,2026-07-27,2,I missed some sessions
F001632,C16647,2024-02-16,2,Program was difficult to follow
F001633,C05613,2024-10-15,5,Excellent support
F001634,C06955,2025-04-02,5,Very satisfied
F001635,C08898,2024-08-31,5,Very helpful program
F001636,C09878,2025-05-31,5,The coach was helpful
F001637,C02238,2025-12-20,5,I achieved my goal
F001638,C12803,2025-10-22,5,The coach was helpful
F001639,C08466,2026-11-18,3,Program was difficult to follow
F001640,C11556,2025-05-22,4,Excellent support
F001641,C13459,2026-08-21,5,Good experience
F001642,C02950,2025-02-13,4,I achieved my goal
F001643,C08355,2024-07-08,5,Good guidance from the team
F001644,C01233,2024-12-03,1,Expected better results
F001645,C16578,2026-06-29,4,I achieved my goal
F001646,C10570,2026-08-01,5,The coach was helpful
F001647,C16185,2026-05-05,5,Very satisfied
F001648,C04732,2026-04-11,4,I achieved my goal
F001649,C00437,2026-01-24,4,Good experience
F001650,C17327,2025-03-28,5,Good experience
F001651,C10318,2026-04-30,4,I achieved my goal
F001652,C02500,2025-07-24,4,Good experience
F001653,C01348,2025-03-12,5,Excellent support
F001654,C00059,2026-11-19,4,Very satisfied
F001655,C19425,2026-06-14,4,Very helpful program
F001656,C01699,2024-09-19,5,Very helpful program
F001657,C11855,2025-12-11,2,Program was difficult to follow
F001658,C17282,2026-09-28,5,Good experience
F001659,C15412,2025-04-03,5,The coach was helpful
F001660,C09169,2025-12-11,3,Need more follow-up
F001661,C05508,2024-06-23,5,Very helpful program
F001662,C08816,2025-07-27,4,I achieved my goal
F001663,C07106,2025-09-08,4,Very satisfied
F001664,C15747,2026-08-31,4,Very satisfied
F001665,C16656,2024-05-04,5,Very helpful program
F001666,C15444,2025-08-30,2,Need more follow-up
F001667,C16233,2025-04-17,4,The coach was helpful
F001668,C10988,2025-05-14,4,The coach was helpful
F001669,C04587,2024-08-18,4,I achieved my goal
F001670,C10476,2025-08-03,1,Program was difficult to follow
F001671,C11093,2026-08-24,5,I achieved my goal
F001672,C07069,2026-01-21,3,Not fully satisfied
F001673,C13517,2024-09-29,5,Very satisfied
F001674,C19421,2025-01-23,5,The coach was helpful
F001675,C13830,2026-02-22,3,Not fully satisfied
F001676,C13062,2024-10-03,5,Very satisfied
F001677,C18006,2026-01-26,2,Need more follow-up
F001678,C04581,2026-08-18,3,Expected better results
F001679,C00004,2026-04-25,2,I missed some sessions
F001680,C19547,2025-11-24,3,I missed some sessions
F001681,C01063,2026-08-01,5,Very helpful program
F001682,C07383,2025-03-10,4,Good guidance from the team
F001683,C13696,2026-03-16,5,The coach was helpful
F001684,C17607,2025-11-16,4,Very helpful program
F001685,C18196,2024-09-28,5,The coach was helpful
F001686,C16707,2026-01-29,4,Good experience
F001687,C17131,2024-06-11,4,Very helpful program
F001688,C05636,2025-06-08,4,Good guidance from the team
F001689,C09624,2026-03-08,2,Need more follow-up
F001690,C00103,2024-03-17,4,Very satisfied
F001691,C03525,2025-01-26,5,Very satisfied
F001692,C06441,2025-01-27,4,Very helpful program
F001693,C00133,2026-06-27,4,I achieved my goal
F001694,C00043,2025-11-27,5,Excellent support
F001695,C00428,2026-09-23,3,Not fully satisfied
F001696,C07965,2025-11-17,5,Excellent support
F001697,C07526,2024-04-06,3,Could be better
F001698,C17453,2026-10-15,4,Very satisfied
F001699,C08336,2024-12-18,4,I achieved my goal
F001700,C16068,2025-04-18,3,Not fully satisfied
F001701,C13555,2026-12-13,4,Very satisfied
F001702,C01953,2024-06-02,5,Excellent support
F001703,C13291,2026-04-09,5,Good experience
F001704,C07129,2026-02-26,3,I missed some sessions
F001705,C08525,2026-06-18,2,Not fully satisfied
F001706,C13255,2026-05-04,5,I achieved my goal
F001707,C03434,2025-06-29,3,Need more follow-up
F001708,C11345,2024-07-01,5,Good experience
F001709,C19937,2026-03-01,4,Very helpful program
F001710,C15102,2025-10-07,4,Very satisfied
F001711,C07096,2024-12-13,3,Not fully satisfied
F001712,C14958,2025-04-20,4,Very satisfied
F001713,C13986,2024-04-24,2,Expected better results
F001714,C16743,2026-08-04,5,Excellent support
F001715,C05986,2024-12-27,5,The coach was helpful
F001716,C03621,2024-05-23,5,I achieved my goal
F001717,C15674,2025-10-17,3,Could be better
F001718,C06613,2025-04-07,4,Good guidance from the team
F001719,C01110,2026-03-04,1,Expected better results
F001720,C03029,2025-03-10,5,Good experience
F001721,C07880,2025-07-06,5,Good guidance from the team
F001722,C03328,2025-11-25,5,Very satisfied
F001723,C04449,2026-05-15,5,The coach was helpful
F001724,C11461,2025-01-19,5,Very helpful program
F001725,C17697,2025-03-26,1,Program was difficult to follow
F001726,C16992,2024-06-26,3,Need more follow-up
F001727,C03620,2025-11-21,3,Expected better results
F001728,C10422,2025-08-16,5,The coach was helpful
F001729,C11302,2025-10-19,4,Very helpful program
F001730,C12534,2026-03-10,1,I missed some sessions
F001731,C17147,2026-05-09,2,Need more follow-up
F001732,C12626,2025-05-01,1,Expected better results
F001733,C03677,2026-08-13,2,Could be better
F001734,C06749,2025-05-06,4,I achieved my goal
F001735,C14103,2026-06-16,5,Excellent support
F001736,C02790,2024-12-09,3,Not fully satisfied
F001737,C17277,2026-01-02,5,I achieved my goal
F001738,C19477,2024-09-17,3,Expected better results
F001739,C03135,2026-03-02,3,I missed some sessions
F001740,C19454,2026-08-02,2,Could be better
F001741,C06076,2026-07-26,5,Very helpful program
F001742,C15354,2024-04-03,2,Not fully satisfied
F001743,C07479,2025-08-03,5,The coach was helpful
F001744,C08669,2025-12-13,4,Excellent support
F001745,C16138,2024-07-13,5,Good experience
F001746,C05941,2025-08-11,4,Good experience
F001747,C07453,2025-05-31,3,Not fully satisfied
F001748,C12050,2026-08-24,5,Good guidance from the team
F001749,C02673,2025-06-01,4,Good experience
F001750,C13278,2026-08-27,4,Good guidance from the team
F001751,C08988,2026-05-14,4,I achieved my goal
F001752,C07835,2025-11-17,5,I achieved my goal
F001753,C02525,2025-04-07,3,Expected better results
F001754,C05868,2025-09-24,2,I missed some sessions
F001755,C09653,2026-08-25,5,Very satisfied
F001756,C06235,2025-06-29,5,Very helpful program
F001757,C19559,2025-01-11,4,Excellent support
F001758,C18966,2026-05-29,5,The coach was helpful
F001759,C03274,2024-09-15,5,The coach was helpful
F001760,C00856,2025-04-30,3,Program was difficult to follow
F001761,C10406,2024-10-17,5,Good guidance from the team
F001762,C16101,2024-10-10,3,Not fully satisfied
F001763,C16850,2025-09-04,4,Good experience
F001764,C09945,2025-10-16,3,Expected better results
F001765,C11731,2024-06-18,3,Program was difficult to follow
F001766,C06973,2024-09-26,4,Good experience
F001767,C17922,2026-01-06,4,Very helpful program
F001768,C09125,2026-06-24,2,I missed some sessions
F001769,C15091,2025-12-22,5,Very helpful program
F001770,C15753,2026-01-07,3,Could be better
F001771,C00206,2024-08-28,5,The coach was helpful
F001772,C19223,2024-11-17,3,Expected better results
F001773,C00634,2024-07-19,2,Expected better results
F001774,C17614,2025-05-04,4,Good guidance from the team
F001775,C13853,2024-05-05,3,Program was difficult to follow
F001776,C14037,2026-04-20,3,I missed some sessions
F001777,C05680,2026-07-24,1,Expected better results
F001778,C16248,2025-06-15,2,Could be better
F001779,C15964,2025-12-09,4,Good guidance from the team
F001780,C19283,2025-08-05,3,Not fully satisfied
F001781,C07639,2024-12-31,4,Very helpful program
F001782,C05776,2024-11-16,3,Need more follow-up
F001783,C00205,2025-07-20,1,Expected better results
F001784,C16913,2025-10-16,5,Good guidance from the team
F001785,C18118,2024-03-28,5,Good experience
F001786,C04874,2026-04-13,2,Could be better
F001787,C06545,2025-05-15,4,Very helpful program
F001788,C16347,2024-09-08,5,Very satisfied
F001789,C15334,2025-04-22,3,Program was difficult to follow
F001790,C11397,2024-11-22,2,Expected better results
F001791,C05126,2025-09-15,5,Good experience
F001792,C08959,2024-04-28,3,I missed some sessions
F001793,C14986,2024-08-11,5,Excellent support
F001794,C14066,2025-04-06,5,Good experience
F001795,C15166,2024-12-13,4,Good experience
F001796,C16006,2026-03-17,5,Good experience
F001797,C18545,2025-03-19,4,Good experience
F001798,C04661,2024-04-16,4,I achieved my goal
F001799,C09938,2024-04-21,2,Could be better
F001800,C17353,2024-07-01,4,The coach was helpful
F001801,C09608,2025-09-29,3,Need more follow-up
F001802,C04773,2025-03-26,5,Very satisfied
F001803,C17000,2025-01-19,5,I achieved my goal
F001804,C06108,2024-07-30,3,I missed some sessions
F001805,C07223,2024-07-12,3,Expected better results
F001806,C02567,2025-09-07,4,The coach was helpful
F001807,C10520,2026-04-19,4,Very satisfied
F001808,C10806,2025-01-17,4,Good experience
F001809,C16596,2025-08-11,4,Excellent support
F001810,C17667,2025-06-19,5,Good guidance from the team
F001811,C10023,2026-12-02,3,Need more follow-up
F001812,C07214,2026-01-09,5,Good guidance from the team
F001813,C16995,2024-04-13,3,Expected better results
F001814,C09190,2025-03-15,5,Very satisfied
F001815,C17363,2026-07-30,5,Good guidance from the team
F001816,C11592,2025-01-13,3,I missed some sessions
F001817,C02724,2026-06-05,5,Good experience
F001818,C17717,2024-11-23,3,Could be better
F001819,C12530,2025-02-04,4,I achieved my goal
F001820,C11029,2025-09-19,5,Good guidance from the team
F001821,C00117,2026-07-27,5,The coach was helpful
F001822,C08903,2026-06-18,3,Need more follow-up
F001823,C08857,2024-11-28,5,Good guidance from the team
F001824,C18233,2025-07-28,1,Could be better
F001825,C05168,2025-01-06,4,Excellent support
F001826,C01049,2024-12-11,4,Excellent support
F001827,C16368,2025-12-08,3,I missed some sessions
F001828,C09499,2026-04-09,3,Need more follow-up
F001829,C19318,2024-09-09,5,Good guidance from the team
F001830,C15858,2025-03-17,5,The coach was helpful
F001831,C07079,2025-06-09,4,Good experience
F001832,C07881,2024-07-20,4,Excellent support
F001833,C19724,2026-05-18,1,Could be better
F001834,C18314,2025-08-04,3,Program was difficult to follow
F001835,C14855,2025-08-26,4,I achieved my goal
F001836,C14644,2026-05-18,5,Excellent support
F001837,C03554,2025-08-27,5,Very helpful program
F001838,C03156,2025-03-11,3,Could be better
F001839,C06725,2026-05-04,5,I achieved my goal
F001840,C09478,2026-01-12,5,Good guidance from the team
F001841,C04950,2026-02-24,3,Expected better results
F001842,C14080,2025-01-23,5,Good guidance from the team
F001843,C14423,2025-12-27,5,Very helpful program
F001844,C02643,2024-09-27,5,Very helpful program
F001845,C05770,2025-04-26,4,Very helpful program
F001846,C04255,2024-05-29,4,I achieved my goal
F001847,C16168,2025-06-14,4,Very satisfied
F001848,C06394,2025-01-20,4,Very satisfied
F001849,C05353,2026-11-08,5,Good experience
F001850,C16590,2025-12-06,5,Good guidance from the team
F001851,C18555,2025-01-09,2,Need more follow-up
F001852,C08494,2026-03-04,4,I achieved my goal
F001853,C19408,2025-04-25,4,Very satisfied
F001854,C11714,2025-12-02,5,Very satisfied
F001855,C14013,2026-06-03,5,Good experience
F001856,C04737,2025-09-20,5,The coach was helpful
F001857,C06465,2026-02-24,2,Not fully satisfied
F001858,C03567,2026-04-18,4,Very satisfied
F001859,C11591,2024-10-12,3,Need more follow-up
F001860,C03792,2024-07-17,5,Good experience
F001861,C10177,2025-12-31,4,Very helpful program
F001862,C02696,2024-05-20,2,Need more follow-up
F001863,C18225,2024-03-31,5,Good experience
F001864,C01256,2025-11-02,5,Very satisfied
F001865,C04791,2024-03-29,5,The coach was helpful
F001866,C09287,2025-10-08,3,I missed some sessions
F001867,C09580,2024-04-11,5,Good guidance from the team
F001868,C19754,2026-06-27,4,I achieved my goal
F001869,C02497,2026-07-14,2,Program was difficult to follow
F001870,C11026,2024-11-21,4,Good guidance from the team
F001871,C05007,2025-01-18,2,I missed some sessions
F001872,C01367,2026-08-02,3,Expected better results
F001873,C17885,2025-03-21,4,Very helpful program
F001874,C18543,2024-12-09,5,Good experience
F001875,C02768,2026-03-27,4,I achieved my goal
F001876,C00122,2025-12-18,4,Good experience
F001877,C06420,2025-08-08,5,I achieved my goal
F001878,C00508,2026-06-24,4,Excellent support
F001879,C05817,2026-08-22,4,Very satisfied
F001880,C04213,2024-07-08,5,Good guidance from the team
F001881,C18517,2025-12-29,4,I achieved my goal
F001882,C08070,2025-03-17,5,I achieved my goal
F001883,C08285,2025-05-18,2,Could be better
F001884,C00863,2025-08-26,3,Need more follow-up
F001885,C03545,2026-04-20,5,I achieved my goal
F001886,C02952,2024-05-20,5,The coach was helpful
F001887,C10672,2025-11-09,5,Very satisfied
F001888,C04472,2026-05-19,4,Very satisfied
F001889,C08470,2025-08-03,4,I achieved my goal
F001890,C09588,2024-03-07,2,I missed some sessions
F001891,C16442,2026-05-14,3,I missed some sessions
F001892,C13274,2024-11-21,4,Excellent support
F001893,C00829,2024-11-27,4,Excellent support
F001894,C06474,2026-09-25,5,I achieved my goal
F001895,C07907,2025-12-05,5,The coach was helpful
F001896,C11504,2025-02-17,4,Excellent support
F001897,C15352,2025-04-07,5,Excellent support
F001898,C15027,2026-06-20,4,The coach was helpful
F001899,C11422,2026-06-14,4,Good experience
F001900,C13552,2024-10-15,5,The coach was helpful
F001901,C02741,2025-09-04,1,Need more follow-up
F001902,C15643,2025-07-07,4,Very satisfied
F001903,C01067,2026-07-15,4,Good guidance from the team
F001904,C17055,2025-08-12,4,The coach was helpful
F001905,C14376,2024-12-21,5,I achieved my goal
F001906,C18420,2025-01-09,4,The coach was helpful
F001907,C02340,2025-11-30,5,I achieved my goal
F001908,C04236,2026-04-27,2,Need more follow-up
F001909,C13869,2024-08-10,4,The coach was helpful
F001910,C17153,2025-01-15,5,Excellent support
F001911,C08745,2025-05-06,2,Could be better
F001912,C05608,2026-02-19,2,Expected better results
F001913,C11721,2025-05-26,4,Good experience
F001914,C03080,2024-09-10,3,Could be better
F001915,C00038,2026-06-07,5,Very helpful program
F001916,C06572,2024-05-23,3,I missed some sessions
F001917,C17028,2026-01-08,5,The coach was helpful
F001918,C07937,2024-08-06,1,Expected better results
F001919,C08297,2026-04-07,4,The coach was helpful
F001920,C19328,2026-08-14,5,The coach was helpful
F001921,C04095,2026-05-25,2,Program was difficult to follow
F001922,C00929,2024-08-31,4,Very helpful program
F001923,C09476,2024-11-13,4,Good guidance from the team
F001924,C08920,2026-01-16,3,Expected better results
F001925,C08090,2025-10-08,4,The coach was helpful
F001926,C17059,2026-05-02,4,I achieved my goal
F001927,C16242,2026-10-26,2,Program was difficult to follow
F001928,C06135,2024-08-05,1,Not fully satisfied
F001929,C12345,2025-06-10,4,Good guidance from the team
F001930,C13193,2025-05-23,4,Very helpful program
F001931,C10516,2025-10-25,4,I achieved my goal
F001932,C09880,2025-09-13,3,I missed some sessions
F001933,C18727,2026-07-22,5,Good experience
F001934,C13480,2026-01-11,4,Good experience
F001935,C03350,2024-12-11,3,Not fully satisfied
F001936,C04589,2025-12-28,2,Program was difficult to follow
F001937,C02330,2025-07-15,3,Could be better
F001938,C12235,2024-05-14,2,I missed some sessions
F001939,C07964,2025-06-05,2,I missed some sessions
F001940,C11133,2025-02-11,5,Very helpful program
F001941,C08380,2024-07-16,2,Program was difficult to follow
F001942,C04736,2025-02-26,5,Very satisfied
F001943,C15738,2024-06-09,5,Good experience
F001944,C14825,2024-04-29,2,Expected better results
F001945,C00510,2024-10-01,4,Excellent support
F001946,C14542,2025-02-21,4,Very helpful program
F001947,C09025,2025-04-05,5,Excellent support
F001948,C11000,2024-12-04,5,I achieved my goal
F001949,C14059,2026-08-24,4,Excellent support
F001950,C16014,2025-08-01,3,Could be better
F001951,C04854,2025-08-24,4,Very satisfied
F001952,C02830,2025-12-01,5,Excellent support
F001953,C07055,2025-04-08,4,Good guidance from the team
F001954,C03594,2024-08-26,3,I missed some sessions
F001955,C18048,2026-01-28,2,Program was difficult to follow
F001956,C06937,2024-10-14,4,Excellent support
F001957,C03440,2026-05-26,4,Very satisfied
F001958,C05738,2024-12-19,3,Need more follow-up
F001959,C00175,2024-07-18,5,Very satisfied
F001960,C12352,2025-05-30,5,Very helpful program
F001961,C09300,2024-12-08,5,The coach was helpful
F001962,C15563,2025-11-24,5,Good experience
F001963,C10584,2024-12-20,2,Expected better results
F001964,C06001,2024-08-14,5,I achieved my goal
F001965,C04520,2025-07-21,4,Very satisfied
F001966,C18330,2025-08-17,2,Expected better results
F001967,C08221,2024-04-16,4,I achieved my goal
F001968,C11833,2026-03-13,5,Good experience
F001969,C00993,2024-03-22,4,I achieved my goal
F001970,C14313,2025-06-30,3,Could be better
F001971,C06509,2026-02-21,2,Program was difficult to follow
F001972,C00505,2026-06-30,5,I achieved my goal
F001973,C19546,2026-05-06,5,Very helpful program
F001974,C08273,2026-06-18,5,Excellent support
F001975,C19401,2025-08-14,5,The coach was helpful
F001976,C15333,2025-10-11,2,Program was difficult to follow
F001977,C04303,2024-09-02,1,Not fully satisfied
F001978,C19388,2026-06-08,4,The coach was helpful
F001979,C07984,2024-11-07,2,Expected better results
F001980,C08818,2025-04-11,4,Excellent support
F001981,C06019,2025-03-16,5,Good guidance from the team
F001982,C09104,2024-06-20,5,I achieved my goal
F001983,C02094,2024-08-08,2,I missed some sessions
F001984,C10991,2027-04-20,4,Very helpful program
F001985,C17891,2024-09-17,4,Good experience
F001986,C15215,2026-07-15,2,I missed some sessions
F001987,C07092,2026-10-10,5,Very helpful program
F001988,C01707,2024-04-22,3,Could be better
F001989,C17855,2024-11-22,5,I achieved my goal
F001990,C07174,2026-05-16,3,Expected better results
F001991,C12817,2026-01-23,4,Very satisfied
F001992,C09861,2026-02-27,4,The coach was helpful
F001993,C17971,2024-05-18,3,Program was difficult to follow
F001994,C03521,2024-05-29,1,Program was difficult to follow
F001995,C18129,2025-02-11,4,Very satisfied
F001996,C16776,2026-08-17,5,Very satisfied
F001997,C12114,2025-11-24,4,Good guidance from the team
F001998,C09853,2025-09-03,2,I missed some sessions
F001999,C12405,2024-03-07,1,Could be better
F002000,C06750,2024-07-26,4,Very satisfied
F002001,C04261,2024-07-10,3,I missed some sessions
F002002,C13861,2026-03-30,3,I missed some sessions
F002003,C10386,2025-03-05,2,Not fully satisfied
F002004,C12590,2025-03-08,2,Expected better results
F002005,C07226,2025-06-07,4,Very helpful program
F002006,C19665,2026-05-28,2,Need more follow-up
F002007,C17631,2026-08-02,5,Very satisfied
F002008,C08663,2025-11-20,4,Very helpful program
F002009,C19662,2024-04-15,4,Excellent support
F002010,C17998,2025-06-03,4,Excellent support
F002011,C16787,2025-04-04,5,Good experience
F002012,C17566,2024-09-25,5,Very helpful program
F002013,C05155,2026-03-24,3,I missed some sessions
F002014,C13195,2026-03-29,5,Good experience
F002015,C05847,2025-05-25,4,The coach was helpful
F002016,C17113,2024-04-24,3,Need more follow-up
F002017,C14593,2025-02-12,3,Could be better
F002018,C11709,2025-03-16,4,Very satisfied
F002019,C16746,2026-03-01,4,Excellent support
F002020,C01076,2026-09-16,1,Could be better
F002021,C09068,2024-10-16,3,Not fully satisfied
F002022,C16136,2025-06-05,3,Program was difficult to follow
F002023,C11572,2025-08-11,4,Good experience
F002024,C18898,2025-08-14,3,Could be better
F002025,C14023,2024-12-26,4,Very helpful program
F002026,C16308,2026-11-13,5,Very satisfied
F002027,C16294,2024-10-18,3,I missed some sessions
F002028,C09317,2025-02-19,4,Good experience
F002029,C05076,2024-03-26,4,Good experience
F002030,C15632,2025-05-27,4,I achieved my goal
F002031,C17166,2024-12-08,4,The coach was helpful
F002032,C12531,2024-03-27,4,The coach was helpful
F002033,C05873,2025-03-06,4,Good guidance from the team
F002034,C18980,2025-06-29,3,Not fully satisfied
F002035,C09280,2024-08-02,2,Not fully satisfied
F002036,C02810,2025-09-16,4,Good guidance from the team
F002037,C16174,2026-03-13,5,The coach was helpful
F002038,C13095,2026-07-13,5,Good experience
F002039,C13091,2024-08-31,5,The coach was helpful
F002040,C02339,2024-06-23,5,Very satisfied
F002041,C05170,2025-06-02,5,Very satisfied
F002042,C10457,2026-03-12,5,I achieved my goal
F002043,C17149,2026-02-11,4,Very helpful program
F002044,C07664,2026-05-08,4,Good experience
F002045,C15143,2025-02-05,3,I missed some sessions
F002046,C01775,2025-11-06,4,I achieved my goal
F002047,C02632,2025-04-07,4,Good guidance from the team
F002048,C01176,2025-03-04,4,I achieved my goal
F002049,C10035,2026-05-22,5,Excellent support
F002050,C09042,2025-06-16,4,Very satisfied
F002051,C05576,2025-04-15,5,Excellent support
F002052,C00994,2026-01-06,3,Could be better
F002053,C02358,2025-09-12,2,Need more follow-up
F002054,C12944,2025-04-02,5,Good experience
F002055,C03597,2025-12-09,5,The coach was helpful
F002056,C09250,2025-07-26,3,I missed some sessions
F002057,C15443,2026-02-19,5,The coach was helpful
F002058,C02634,2025-04-01,2,Program was difficult to follow
F002059,C10747,2026-05-03,3,Expected better results
F002060,C01479,2024-08-05,4,I achieved my goal
F002061,C18074,2024-12-12,4,Excellent support
F002062,C06178,2025-11-06,5,Excellent support
F002063,C18601,2025-05-31,5,I achieved my goal
F002064,C00848,2026-07-25,3,Not fully satisfied
F002065,C01511,2024-10-09,4,Good experience
F002066,C16425,2025-02-23,2,Need more follow-up
F002067,C16388,2026-04-10,4,Good experience
F002068,C18807,2024-03-20,3,Expected better results
F002069,C03821,2024-09-27,3,Could be better
F002070,C09620,2024-06-28,2,Expected better results
F002071,C10655,2026-07-14,3,Not fully satisfied
F002072,C13368,2024-07-18,5,The coach was helpful
F002073,C17560,2026-02-21,4,The coach was helpful
F002074,C04679,2024-04-09,3,Need more follow-up
F002075,C11242,2026-06-03,5,Good guidance from the team
F002076,C12857,2025-09-27,3,Could be better
F002077,C12037,2024-12-13,1,Expected better results
F002078,C19796,2026-02-08,4,The coach was helpful
F002079,C05189,2024-12-23,5,Very helpful program
F002080,C03866,2024-12-03,2,Not fully satisfied
F002081,C03266,2024-11-16,3,Could be better
F002082,C09622,2026-07-09,5,I achieved my goal
F002083,C07541,2024-03-27,4,Good guidance from the team
F002084,C04524,2025-10-12,3,I missed some sessions
F002085,C08741,2024-06-03,3,Need more follow-up
F002086,C04532,2026-07-05,5,Good experience
F002087,C08365,2026-09-04,4,I achieved my goal
F002088,C19985,2026-03-28,5,Good guidance from the team
F002089,C10279,2025-11-01,4,Good experience
F002090,C17763,2025-05-17,3,Program was difficult to follow
F002091,C16104,2024-08-10,5,Good experience
F002092,C14318,2025-01-24,5,I achieved my goal
F002093,C17495,2026-05-03,3,I missed some sessions
F002094,C12755,2025-08-14,5,I achieved my goal
F002095,C02487,2025-09-11,4,I achieved my goal
F002096,C19410,2025-01-19,4,Excellent support
F002097,C10269,2026-01-27,1,Need more follow-up
F002098,C12890,2024-10-19,5,Very satisfied
F002099,C18764,2024-09-05,3,I missed some sessions
F002100,C11110,2024-04-29,3,Program was difficult to follow
F002101,C19851,2024-03-14,4,Very helpful program
F002102,C02607,2025-04-09,5,Very helpful program
F002103,C05322,2024-03-24,5,Good experience
F002104,C15433,2024-11-24,1,Could be better
F002105,C15895,2024-09-04,4,Very satisfied
F002106,C10970,2025-04-04,3,I missed some sessions
F002107,C00733,2025-01-22,5,Good experience
F002108,C13990,2025-02-12,4,The coach was helpful
F002109,C14227,2025-06-06,5,Very satisfied
F002110,C18729,2026-03-01,5,Good guidance from the team
F002111,C02907,2024-09-02,5,Excellent support
F002112,C10670,2024-07-25,2,Could be better
F002113,C05465,2025-12-27,5,Very satisfied
F002114,C19250,2026-03-02,4,Good guidance from the team
F002115,C10627,2025-07-19,1,Program was difficult to follow
F002116,C00217,2026-02-04,5,Very helpful program
F002117,C10139,2026-01-21,4,Good guidance from the team
F002118,C13350,2025-01-15,3,Expected better results
F002119,C04245,2024-08-13,5,Excellent support
F002120,C02355,2025-04-06,4,Good experience
F002121,C01548,2025-01-02,2,Need more follow-up
F002122,C12204,2025-03-06,2,Need more follow-up
F002123,C18186,2026-05-30,2,Not fully satisfied
F002124,C04006,2024-07-05,5,The coach was helpful
F002125,C11140,2025-11-11,5,The coach was helpful
F002126,C07962,2024-11-04,1,Expected better results
F002127,C02156,2024-04-23,5,Very helpful program
F002128,C01557,2024-05-22,4,Good experience
F002129,C05029,2025-05-25,5,Good experience
F002130,C03771,2025-04-01,4,Very satisfied
F002131,C08628,2024-10-01,4,Very satisfied
F002132,C09116,2024-05-29,3,Program was difficult to follow
F002133,C03095,2024-12-24,5,Very satisfied
F002134,C04648,2026-02-18,3,Program was difficult to follow
F002135,C03404,2025-07-31,3,Need more follow-up
F002136,C02432,2025-04-17,5,Very helpful program
F002137,C06124,2025-07-14,5,Good experience
F002138,C19763,2025-09-24,4,Excellent support
F002139,C16587,2024-11-08,4,The coach was helpful
F002140,C12560,2025-11-19,5,The coach was helpful
F002141,C09689,2026-04-20,4,Good guidance from the team
F002142,C06670,2026-02-01,5,Very satisfied
F002143,C12629,2024-02-28,3,I missed some sessions
F002144,C11984,2025-02-13,3,I missed some sessions
F002145,C18583,2025-04-06,4,Good guidance from the team
F002146,C01332,2024-12-20,4,Very satisfied
F002147,C08084,2024-10-20,5,Excellent support
F002148,C14188,2024-05-25,4,Good guidance from the team
F002149,C04582,2024-10-07,2,I missed some sessions
F002150,C18635,2025-07-12,4,Very helpful program
F002151,C05275,2024-11-17,5,The coach was helpful
F002152,C03038,2024-11-24,5,I achieved my goal
F002153,C10064,2025-05-14,3,Expected better results
F002154,C16894,2024-06-01,4,Very satisfied
F002155,C03370,2024-07-13,5,The coach was helpful
F002156,C01155,2025-10-20,4,Good experience
F002157,C18973,2024-07-04,2,Program was difficult to follow
F002158,C16281,2026-06-18,2,I missed some sessions
F002159,C01073,2024-02-15,5,Excellent support
F002160,C12878,2025-02-03,2,Could be better
F002161,C03133,2025-08-01,3,Could be better
F002162,C08995,2025-09-30,5,I achieved my goal
F002163,C19778,2024-10-18,4,Good experience
F002164,C05367,2024-08-11,4,Good guidance from the team
F002165,C02592,2025-02-14,5,I achieved my goal
F002166,C13754,2026-10-30,5,I achieved my goal
F002167,C00300,2025-08-26,3,I missed some sessions
F002168,C13630,2025-02-07,5,Good experience
F002169,C12925,2025-09-18,5,Very satisfied
F002170,C01066,2026-10-05,2,Not fully satisfied
F002171,C00211,2025-05-23,2,I missed some sessions
F002172,C11452,2026-08-11,4,Good experience
F002173,C15720,2025-01-05,3,I missed some sessions
F002174,C09841,2026-04-17,5,Good guidance from the team
F002175,C05953,2026-03-19,5,Excellent support
F002176,C04209,2026-05-24,2,Could be better
F002177,C03103,2026-04-26,2,Need more follow-up
F002178,C14848,2024-10-20,2,Need more follow-up
F002179,C16378,2024-07-10,4,Excellent support
F002180,C13781,2025-11-04,3,Could be better
F002181,C17058,2024-10-15,3,I missed some sessions
F002182,C12775,2024-12-08,5,Very helpful program
F002183,C12824,2025-10-25,3,Expected better results
F002184,C19774,2024-08-29,5,Good guidance from the team
F002185,C01262,2026-04-10,3,Expected better results
F002186,C00886,2024-05-23,2,Program was difficult to follow
F002187,C12841,2025-04-01,1,Expected better results
F002188,C17214,2026-11-03,3,Not fully satisfied
F002189,C16322,2026-03-13,5,Excellent support
F002190,C12117,2024-09-22,1,I missed some sessions
F002191,C11489,2024-09-11,4,I achieved my goal
F002192,C08534,2025-07-14,5,Very satisfied
F002193,C18521,2026-03-05,5,The coach was helpful
F002194,C13065,2024-05-20,4,Good guidance from the team
F002195,C10297,2024-06-13,5,Very helpful program
F002196,C18038,2024-06-14,1,Need more follow-up
F002197,C17951,2025-05-13,5,Good experience
F002198,C13406,2025-01-07,5,I achieved my goal
F002199,C10070,2024-09-30,4,Good experience
F002200,C18053,2026-09-26,5,Good guidance from the team
F002201,C08281,2025-08-21,3,Could be better
F002202,C04891,2027-05-21,4,Good guidance from the team
F002203,C02367,2026-06-20,4,Very helpful program
F002204,C06379,2025-02-06,2,Program was difficult to follow
F002205,C15676,2024-10-29,4,Very helpful program
F002206,C17930,2025-07-23,4,The coach was helpful
F002207,C12151,2025-05-27,4,Excellent support
F002208,C02083,2025-06-13,5,I achieved my goal
F002209,C09192,2026-06-07,5,Good experience
F002210,C19770,2024-11-29,5,Good experience
F002211,C06171,2024-05-24,5,I achieved my goal
F002212,C12961,2026-02-04,5,Very satisfied
F002213,C08293,2025-08-05,5,The coach was helpful
F002214,C15852,2024-06-06,5,I achieved my goal
F002215,C15329,2025-01-08,5,Excellent support
F002216,C08873,2024-06-06,4,Good guidance from the team
F002217,C14137,2024-09-27,5,Very helpful program
F002218,C16887,2024-12-07,4,Good experience
F002219,C09568,2027-05-14,4,I achieved my goal
F002220,C12460,2024-02-28,5,The coach was helpful
F002221,C18216,2025-06-03,5,Very helpful program
F002222,C18903,2025-07-25,5,Good experience
F002223,C11402,2026-01-15,5,Excellent support
F002224,C05226,2026-03-28,3,I missed some sessions
F002225,C04415,2024-11-27,4,Very satisfied
F002226,C13667,2026-06-12,3,Need more follow-up
F002227,C14983,2025-10-04,5,The coach was helpful
F002228,C09197,2025-11-15,5,Good guidance from the team
F002229,C13569,2025-10-18,1,Need more follow-up
F002230,C15035,2024-03-29,4,I achieved my goal
F002231,C02745,2026-09-06,5,Excellent support
F002232,C02849,2025-12-09,4,Very satisfied
F002233,C04860,2025-10-15,4,Good experience
F002234,C01085,2025-04-19,2,Expected better results
F002235,C19572,2025-04-24,5,Good experience
F002236,C07656,2025-08-28,4,Good guidance from the team
F002237,C04698,2024-09-15,4,The coach was helpful
F002238,C14796,2025-10-06,1,Program was difficult to follow
F002239,C18045,2026-07-26,5,Good experience
F002240,C05513,2026-05-31,5,I achieved my goal
F002241,C00996,2025-05-12,5,Good experience
F002242,C12428,2024-06-22,3,Program was difficult to follow
F002243,C16667,2024-03-25,4,The coach was helpful
F002244,C07011,2026-09-09,2,Program was difficult to follow
F002245,C00456,2026-07-16,2,Could be better
F002246,C14168,2026-03-24,5,Good guidance from the team
F002247,C14502,2024-10-15,3,Not fully satisfied
F002248,C12547,2024-10-30,5,I achieved my goal
F002249,C06773,2024-10-13,3,Need more follow-up
F002250,C06924,2026-09-11,5,Good experience
F002251,C18813,2024-08-31,4,I achieved my goal
F002252,C00984,2026-07-17,2,Program was difficult to follow
F002253,C15086,2024-04-28,5,Good guidance from the team
F002254,C12085,2027-02-20,4,Very helpful program
F002255,C07128,2024-08-05,1,Need more follow-up
F002256,C17096,2024-05-10,2,Need more follow-up
F002257,C01768,2026-03-23,5,Excellent support
F002258,C18993,2026-02-21,2,Expected better results
F002259,C02668,2024-02-27,1,Could be better
F002260,C05001,2026-06-29,3,Could be better
F002261,C12254,2026-04-07,5,Excellent support
F002262,C06064,2024-05-22,5,The coach was helpful
F002263,C15539,2024-09-30,5,Excellent support
F002264,C18875,2025-07-13,5,Good experience
F002265,C14635,2024-09-29,4,I achieved my goal
F002266,C15453,2026-02-18,4,Good experience
F002267,C08777,2026-09-08,4,Very helpful program
F002268,C00380,2026-05-19,4,The coach was helpful
F002269,C07376,2025-10-23,1,Need more follow-up
F002270,C01719,2024-07-31,3,Could be better
F002271,C06757,2025-05-28,4,I achieved my goal
F002272,C06970,2024-04-18,3,Could be better
F002273,C13535,2025-03-27,5,Good guidance from the team
F002274,C10643,2024-06-02,5,Good guidance from the team
F002275,C03255,2025-11-17,5,I achieved my goal
F002276,C16156,2025-08-19,5,The coach was helpful
F002277,C09015,2024-05-23,4,Good experience
F002278,C09163,2024-11-12,3,Expected better results
F002279,C19631,2024-03-20,5,Very helpful program
F002280,C12730,2025-10-17,5,I achieved my goal
F002281,C11235,2025-05-09,4,Excellent support
F002282,C18240,2026-01-29,3,I missed some sessions
F002283,C05681,2026-06-01,5,The coach was helpful
F002284,C06416,2026-08-06,5,I achieved my goal
F002285,C06355,2026-04-24,5,Good experience
F002286,C01505,2024-05-27,3,I missed some sessions
F002287,C06436,2024-07-06,5,Excellent support
F002288,C07712,2025-01-17,3,I missed some sessions
F002289,C16027,2026-09-01,5,I achieved my goal
F002290,C00798,2024-12-30,4,The coach was helpful
F002291,C09799,2024-05-25,5,Excellent support
F002292,C14811,2026-09-09,3,Could be better
F002293,C04518,2024-12-28,5,Good experience
F002294,C04515,2024-08-13,5,Very helpful program
F002295,C07063,2025-02-17,4,Good experience
F002296,C15155,2026-06-09,4,I achieved my goal
F002297,C17786,2024-09-05,5,Excellent support
F002298,C05172,2025-01-12,4,Good guidance from the team
F002299,C19583,2025-09-26,4,Good guidance from the team
F002300,C05358,2026-05-05,4,Good guidance from the team
F002301,C16176,2025-08-03,1,I missed some sessions
F002302,C10759,2024-05-12,2,I missed some sessions
F002303,C15800,2024-05-27,3,Could be better
F002304,C17402,2024-11-03,3,Expected better results
F002305,C02815,2025-09-03,5,I achieved my goal
F002306,C02736,2024-03-20,1,Expected better results
F002307,C14688,2024-07-22,4,I achieved my goal
F002308,C07990,2025-04-02,4,The coach was helpful
F002309,C01032,2026-01-10,4,The coach was helpful
F002310,C04109,2025-02-02,5,The coach was helpful
F002311,C06020,2025-01-29,4,Good guidance from the team
F002312,C16441,2024-12-07,3,I missed some sessions
F002313,C13806,2026-04-24,5,Very satisfied
F002314,C03608,2024-05-03,4,The coach was helpful
F002315,C02220,2026-03-31,5,Very helpful program
F002316,C10439,2025-07-30,4,Very helpful program
F002317,C15140,2025-02-22,5,Good experience
F002318,C17688,2024-10-17,2,Could be better
F002319,C12289,2025-10-17,3,Need more follow-up
F002320,C16018,2025-12-22,3,Program was difficult to follow
F002321,C05999,2024-11-18,5,I achieved my goal
F002322,C03128,2024-06-14,3,Program was difficult to follow
F002323,C02979,2025-09-22,3,Expected better results
F002324,C15202,2026-05-17,4,I achieved my goal
F002325,C17388,2025-01-20,2,Not fully satisfied
F002326,C03783,2025-09-07,5,I achieved my goal
F002327,C02645,2025-08-21,4,Very satisfied
F002328,C08622,2025-02-16,2,Not fully satisfied
F002329,C05618,2025-07-22,2,I missed some sessions
F002330,C14230,2025-06-05,5,Very helpful program
F002331,C09887,2026-09-02,3,Could be better
F002332,C14921,2025-03-16,4,I achieved my goal
F002333,C17785,2026-02-02,5,Excellent support
F002334,C03398,2025-08-17,5,Excellent support
F002335,C08865,2026-03-15,2,Expected better results
F002336,C03623,2024-10-29,5,I achieved my goal
F002337,C14562,2024-11-24,4,I achieved my goal
F002338,C16317,2024-10-22,4,Very helpful program
F002339,C13546,2027-05-26,2,I missed some sessions
F002340,C05350,2026-01-31,3,Program was difficult to follow
F002341,C07757,2025-12-29,3,Expected better results
F002342,C10905,2025-06-25,3,I missed some sessions
F002343,C03202,2025-01-24,4,Very satisfied
F002344,C04847,2025-11-22,4,Good guidance from the team
F002345,C18376,2024-08-29,5,Good guidance from the team
F002346,C19478,2026-04-21,5,Excellent support
F002347,C19885,2026-08-27,4,Good experience
F002348,C13767,2025-09-07,2,Expected better results
F002349,C16034,2025-04-17,5,Excellent support
F002350,C16330,2026-07-29,4,Excellent support
F002351,C10767,2025-05-18,5,Good guidance from the team
F002352,C16592,2025-03-16,5,I achieved my goal
F002353,C05004,2026-05-03,4,Very satisfied
F002354,C08211,2024-07-05,5,Excellent support
F002355,C10008,2026-02-09,3,Program was difficult to follow
F002356,C07301,2025-10-15,4,The coach was helpful
F002357,C10872,2025-10-01,4,I achieved my goal
F002358,C10047,2024-04-16,5,Good experience
F002359,C19359,2025-06-21,5,The coach was helpful
F002360,C07018,2026-06-30,3,Could be better
F002361,C12687,2025-02-27,4,I achieved my goal
F002362,C10589,2024-04-25,5,Good experience
F002363,C14743,2024-03-08,5,Excellent support
F002364,C09556,2024-10-13,1,Expected better results
F002365,C03781,2025-08-16,4,Very satisfied
F002366,C19151,2026-01-08,3,Program was difficult to follow
F002367,C14655,2024-11-05,5,Very helpful program
F002368,C08214,2025-07-24,3,Could be better
F002369,C19277,2024-08-27,4,Good experience
F002370,C15358,2026-08-08,4,Very satisfied
F002371,C12396,2025-12-22,3,Program was difficult to follow
F002372,C15075,2026-03-20,5,Very helpful program
F002373,C04228,2025-01-30,1,Expected better results
F002374,C16945,2025-02-08,4,Very satisfied
F002375,C03925,2024-12-21,4,Excellent support
F002376,C17680,2024-08-29,5,The coach was helpful
F002377,C15133,2026-01-26,4,I achieved my goal
F002378,C18025,2025-07-04,5,I achieved my goal
F002379,C10937,2025-06-10,5,Very satisfied
F002380,C09587,2026-08-12,5,I achieved my goal
F002381,C02178,2025-06-04,5,Excellent support
F002382,C11719,2026-08-10,4,Very satisfied
F002383,C13412,2026-06-16,1,Program was difficult to follow
F002384,C06808,2024-03-07,1,Not fully satisfied
F002385,C03509,2026-06-04,5,Good guidance from the team
F002386,C19320,2025-05-07,4,Very helpful program
F002387,C00549,2024-12-01,4,The coach was helpful
F002388,C18397,2025-10-24,5,The coach was helpful
F002389,C16062,2025-12-02,4,Good experience
F002390,C06446,2025-07-04,5,I achieved my goal
F002391,C17404,2024-12-14,3,Not fully satisfied
F002392,C08389,2025-08-02,2,Could be better
F002393,C08012,2026-01-19,5,Good guidance from the team
F002394,C06088,2025-10-08,5,The coach was helpful
F002395,C02639,2025-03-07,4,Very helpful program
F002396,C18312,2026-03-16,4,Good guidance from the team
F002397,C18236,2024-08-30,5,Very helpful program
F002398,C12466,2026-09-08,4,I achieved my goal
F002399,C01580,2026-09-12,4,Good guidance from the team
F002400,C04217,2024-06-01,2,I missed some sessions
F002401,C16436,2025-06-28,4,Good experience
F002402,C10190,2026-06-09,5,Good guidance from the team
F002403,C04257,2024-07-10,5,Good guidance from the team
F002404,C00738,2024-12-29,2,Program was difficult to follow
F002405,C16557,2026-07-02,5,I achieved my goal
F002406,C05834,2025-10-27,2,Could be better
F002407,C01903,2024-06-06,5,Very helpful program
F002408,C13874,2024-12-05,5,Good experience
F002409,C15923,2026-05-20,4,Very satisfied
F002410,C01988,2026-04-22,5,Excellent support
F002411,C06353,2026-02-23,3,Not fully satisfied
F002412,C06351,2024-02-25,3,Need more follow-up
F002413,C10600,2025-01-20,5,Very helpful program
F002414,C16438,2025-07-11,3,Program was difficult to follow
F002415,C06223,2024-04-21,3,Not fully satisfied
F002416,C15273,2024-11-17,5,Very helpful program
F002417,C01380,2026-09-08,5,Very helpful program
F002418,C06341,2025-08-15,4,Very helpful program
F002419,C07788,2025-11-02,4,I achieved my goal
F002420,C09108,2026-04-03,4,Good guidance from the team
F002421,C16955,2026-11-01,3,Not fully satisfied
F002422,C18023,2026-07-09,4,Good experience
F002423,C00631,2024-08-01,1,Not fully satisfied
F002424,C12122,2025-03-12,3,Could be better
F002425,C15431,2025-07-21,5,Good guidance from the team
F002426,C02315,2025-07-14,1,Need more follow-up
F002427,C11313,2024-10-07,5,Very satisfied
F002428,C18947,2024-10-10,2,Not fully satisfied
F002429,C04969,2024-12-05,4,I achieved my goal
F002430,C05069,2024-06-08,4,Good guidance from the team
F002431,C03348,2026-03-26,4,I achieved my goal
F002432,C02067,2026-05-02,5,The coach was helpful
F002433,C09445,2025-02-11,4,I achieved my goal
F002434,C14872,2025-11-10,4,Very helpful program
F002435,C11164,2025-09-20,3,Could be better
F002436,C13960,2024-11-15,5,Good experience
F002437,C14964,2026-01-26,4,Excellent support
F002438,C09177,2026-02-26,1,Could be better
F002439,C18743,2024-11-19,5,I achieved my goal
F002440,C03229,2025-06-08,5,Good experience
F002441,C08694,2027-04-27,5,The coach was helpful
F002442,C00811,2025-03-14,4,The coach was helpful
F002443,C12223,2025-11-19,5,Good experience
F002444,C18078,2025-10-29,4,Very satisfied
F002445,C11321,2024-12-30,3,I missed some sessions
F002446,C18296,2025-06-22,5,The coach was helpful
F002447,C18541,2025-05-10,4,Very satisfied
F002448,C19549,2025-03-29,2,Program was difficult to follow
F002449,C09429,2024-09-19,3,Expected better results
F002450,C06157,2024-08-22,4,I achieved my goal
F002451,C01228,2025-05-07,5,The coach was helpful
F002452,C01731,2026-06-12,2,Not fully satisfied
F002453,C00421,2024-03-11,3,Expected better results
F002454,C18713,2025-08-22,5,Very helpful program
F002455,C14304,2025-10-13,3,Not fully satisfied
F002456,C17127,2025-11-20,5,Very helpful program
F002457,C14678,2024-12-30,2,Program was difficult to follow
F002458,C17758,2024-05-07,5,Very satisfied
F002459,C11539,2025-04-30,4,The coach was helpful
F002460,C00708,2024-08-30,2,Could be better
F002461,C17562,2025-09-02,3,I missed some sessions
F002462,C12411,2025-02-22,4,Good experience
F002463,C11674,2024-08-15,2,I missed some sessions
F002464,C04066,2025-05-06,5,Excellent support
F002465,C04843,2025-02-22,5,Very helpful program
F002466,C19799,2025-11-11,2,Program was difficult to follow
F002467,C10359,2026-06-12,5,Good experience
F002468,C02971,2026-11-12,5,Very satisfied
F002469,C08462,2026-08-18,2,Not fully satisfied
F002470,C01497,2026-01-27,5,Excellent support
F002471,C02288,2025-06-18,5,I achieved my goal
F002472,C13005,2024-08-29,4,Good guidance from the team
F002473,C02263,2024-05-05,2,I missed some sessions
F002474,C18778,2024-08-14,4,Good guidance from the team
F002475,C16645,2026-08-12,3,Expected better results
F002476,C01590,2025-11-06,4,Very helpful program
F002477,C18138,2025-12-20,2,Need more follow-up
F002478,C08009,2025-10-20,5,Good experience
F002479,C02717,2025-03-25,5,Very helpful program
F002480,C11474,2025-02-11,5,Very satisfied
F002481,C10662,2024-08-13,3,Need more follow-up
F002482,C02623,2024-09-14,2,I missed some sessions
F002483,C12206,2025-07-25,4,Good experience
F002484,C13084,2025-04-26,5,I achieved my goal
F002485,C04765,2026-05-17,5,Excellent support
F002486,C03479,2025-05-16,3,Expected better results
F002487,C19372,2024-12-27,4,Very helpful program
F002488,C12073,2024-08-03,4,Very satisfied
F002489,C09883,2024-08-01,5,Good guidance from the team
F002490,C07205,2025-08-31,3,Program was difficult to follow
F002491,C15353,2026-03-08,3,Need more follow-up
F002492,C00113,2025-10-31,3,I missed some sessions
F002493,C01356,2025-06-12,5,I achieved my goal
F002494,C12634,2025-12-12,5,Very satisfied
F002495,C18087,2024-11-21,4,The coach was helpful
F002496,C06745,2025-09-09,5,I achieved my goal
F002497,C09746,2025-10-10,4,The coach was helpful
F002498,C10487,2025-02-06,1,I missed some sessions
F002499,C06378,2025-08-31,3,Need more follow-up
F002500,C12231,2026-05-29,5,Very helpful program
F002501,C14864,2025-10-25,1,Expected better results
F002502,C16611,2025-02-02,4,Very satisfied
F002503,C00362,2024-04-05,5,The coach was helpful
F002504,C12894,2025-10-30,4,Excellent support
F002505,C05370,2026-10-02,5,Excellent support
F002506,C15731,2025-01-03,4,I achieved my goal
F002507,C11796,2026-05-03,5,I achieved my goal
F002508,C09971,2024-09-05,1,I missed some sessions
F002509,C00461,2026-03-11,1,Program was difficult to follow
F002510,C05142,2025-01-12,4,I achieved my goal
F002511,C07169,2024-06-16,1,Expected better results
F002512,C04923,2024-04-13,1,Program was difficult to follow
F002513,C13805,2024-11-24,2,Expected better results
F002514,C05328,2024-05-07,3,Program was difficult to follow
F002515,C04294,2025-07-12,5,Very helpful program
F002516,C04658,2025-02-02,4,Very helpful program
F002517,C14838,2025-10-09,4,Very helpful program
F002518,C10739,2025-07-25,5,Very helpful program
F002519,C09337,2026-07-02,5,Excellent support
F002520,C08288,2025-05-16,2,Could be better
F002521,C08128,2026-01-28,5,I achieved my goal
F002522,C07101,2025-07-13,5,Good guidance from the team
F002523,C17294,2024-06-18,3,Need more follow-up
F002524,C11562,2025-03-10,3,Could be better
F002525,C18212,2025-12-09,5,Very satisfied
F002526,C00797,2024-10-14,5,Good experience
F002527,C17835,2025-04-24,3,Not fully satisfied
F002528,C13618,2026-05-25,4,Excellent support
F002529,C10489,2025-08-09,1,I missed some sessions
F002530,C04327,2025-06-30,4,Excellent support
F002531,C01625,2026-10-02,5,Excellent support
F002532,C06672,2026-05-06,3,Need more follow-up
F002533,C11378,2024-12-31,5,I achieved my goal
F002534,C00646,2026-03-31,5,Very satisfied
F002535,C02599,2025-04-06,4,Very helpful program
F002536,C17604,2024-05-24,5,Very satisfied
F002537,C00389,2025-04-06,5,Excellent support
F002538,C08443,2025-06-29,4,The coach was helpful
F002539,C12737,2025-12-28,5,Excellent support
F002540,C07362,2025-10-17,5,Good experience
F002541,C09491,2026-08-14,5,Good guidance from the team
F002542,C00114,2024-04-10,1,Need more follow-up
F002543,C10212,2025-01-16,5,The coach was helpful
F002544,C00326,2025-09-21,3,Not fully satisfied
F002545,C16261,2026-07-31,5,Very satisfied
F002546,C06246,2026-09-15,4,Excellent support
F002547,C14707,2025-10-11,5,Excellent support
F002548,C07607,2025-09-16,5,Good guidance from the team
F002549,C05028,2026-07-26,1,Need more follow-up
F002550,C03368,2026-01-05,2,Could be better
F002551,C04260,2024-11-03,4,Very satisfied
F002552,C18502,2025-07-31,5,I achieved my goal
F002553,C08225,2026-04-09,5,Very satisfied
F002554,C06339,2026-08-18,4,Very satisfied
F002555,C19143,2024-12-29,1,Program was difficult to follow
F002556,C19619,2026-05-29,4,The coach was helpful
F002557,C03197,2026-03-07,4,I achieved my goal
F002558,C06079,2025-03-20,4,I achieved my goal
F002559,C05752,2025-11-06,5,Good guidance from the team
F002560,C11822,2026-04-03,2,Need more follow-up
F002561,C09054,2024-07-22,3,Not fully satisfied
F002562,C15682,2026-05-14,5,Very satisfied
F002563,C06728,2024-04-01,5,I achieved my goal
F002564,C06631,2025-10-04,1,Program was difficult to follow
F002565,C05147,2024-05-01,4,Very helpful program
F002566,C00152,2024-06-22,3,I missed some sessions
F002567,C06464,2024-07-11,4,Very helpful program
F002568,C07124,2025-01-22,5,Excellent support
F002569,C18613,2024-04-25,3,Could be better
F002570,C08361,2025-04-01,3,Expected better results
F002571,C10407,2026-05-20,5,Excellent support
F002572,C15982,2025-04-24,5,Very helpful program
F002573,C06874,2026-08-27,4,Excellent support
F002574,C08871,2024-12-11,5,Very helpful program
F002575,C15859,2025-01-08,3,Expected better results
F002576,C13835,2025-02-09,3,I missed some sessions
F002577,C12837,2026-03-11,4,I achieved my goal
F002578,C01086,2025-01-19,4,Very satisfied
F002579,C09013,2026-08-08,4,The coach was helpful
F002580,C01543,2026-02-01,5,Excellent support
F002581,C15700,2026-05-27,2,I missed some sessions
F002582,C00906,2024-09-21,5,Excellent support
F002583,C02160,2024-04-07,5,The coach was helpful
F002584,C12071,2024-11-30,2,I missed some sessions
F002585,C05548,2024-03-11,5,Very helpful program
F002586,C08183,2025-03-24,2,Need more follow-up
F002587,C19317,2026-08-06,4,Very satisfied
F002588,C10547,2026-06-27,4,Good experience
F002589,C01344,2025-03-13,1,Program was difficult to follow
F002590,C18193,2026-03-13,5,I achieved my goal
F002591,C13559,2026-01-09,3,Not fully satisfied
F002592,C11382,2025-08-06,2,Expected better results
F002593,C12060,2025-05-03,4,Good experience
F002594,C08002,2025-11-16,2,I missed some sessions
F002595,C01230,2024-09-22,5,Good experience
F002596,C01855,2026-01-05,3,Program was difficult to follow
F002597,C02091,2025-02-22,2,Program was difficult to follow
F002598,C06245,2025-08-25,4,Excellent support
F002599,C18488,2026-07-22,3,Not fully satisfied
F002600,C06291,2026-03-01,2,Need more follow-up
F002601,C11086,2025-09-20,3,Could be better
F002602,C14650,2024-10-30,5,I achieved my goal
F002603,C17615,2025-05-22,2,Need more follow-up
F002604,C19614,2026-05-01,5,I achieved my goal
F002605,C10884,2024-08-06,5,Good experience
F002606,C13184,2026-10-05,5,The coach was helpful
F002607,C10550,2025-05-10,2,I missed some sessions
F002608,C09047,2025-06-12,5,Excellent support
F002609,C03421,2026-07-02,4,Excellent support
F002610,C17883,2024-06-08,4,The coach was helpful
F002611,C10785,2024-07-24,3,Need more follow-up
F002612,C13902,2024-06-19,3,Need more follow-up
F002613,C08156,2025-02-10,4,The coach was helpful
F002614,C18491,2026-04-03,3,Expected better results
F002615,C10501,2026-12-20,5,Excellent support
F002616,C10824,2025-11-04,5,Very satisfied
F002617,C12945,2025-03-01,4,Very satisfied
F002618,C11819,2026-07-19,5,Good experience
F002619,C18176,2024-10-29,4,Good guidance from the team
F002620,C06962,2024-06-29,5,Good experience
F002621,C12624,2024-10-06,5,Good experience
F002622,C17815,2026-07-19,3,Could be better
F002623,C17990,2025-03-19,4,Good guidance from the team
F002624,C00431,2026-07-15,3,Not fully satisfied
F002625,C19239,2024-06-04,5,Good experience
F002626,C13088,2024-05-25,3,Program was difficult to follow
F002627,C19285,2025-12-29,5,I achieved my goal
F002628,C04408,2024-05-18,4,Excellent support
F002629,C18220,2025-12-22,2,Need more follow-up
F002630,C15115,2026-04-17,3,Program was difficult to follow
F002631,C09839,2025-01-13,5,Good guidance from the team
F002632,C01168,2024-06-17,2,Program was difficult to follow
F002633,C00827,2026-09-10,4,I achieved my goal
F002634,C02803,2026-04-16,5,Very helpful program
F002635,C14692,2025-10-30,3,Could be better
F002636,C18961,2026-01-09,5,The coach was helpful
F002637,C12224,2025-11-11,4,Excellent support
F002638,C03807,2025-03-28,4,Very satisfied
F002639,C10473,2024-10-06,5,Very satisfied
F002640,C10321,2025-04-03,3,Need more follow-up
F002641,C09914,2024-12-29,5,Good experience
F002642,C13945,2026-01-06,4,Good guidance from the team
F002643,C09627,2025-06-12,4,Good guidance from the team
F002644,C12288,2026-03-03,4,Very helpful program
F002645,C01447,2025-05-01,4,Very satisfied
F002646,C18047,2026-02-11,5,I achieved my goal
F002647,C09175,2025-12-31,4,Very satisfied
F002648,C07085,2025-07-23,5,Very satisfied
F002649,C17271,2026-04-17,4,Excellent support
F002650,C09739,2026-08-01,5,I achieved my goal
F002651,C14843,2026-04-24,5,Very helpful program
F002652,C13844,2024-07-17,5,Good guidance from the team
F002653,C08543,2024-07-16,2,Could be better
F002654,C18995,2026-03-17,3,Expected better results
F002655,C04576,2024-10-04,3,Program was difficult to follow
F002656,C02686,2026-08-03,4,Good experience
F002657,C10120,2025-09-05,4,Good guidance from the team
F002658,C16047,2026-09-03,1,Expected better results
F002659,C00590,2024-04-16,3,Need more follow-up
F002660,C01443,2026-09-18,4,Excellent support
F002661,C11268,2024-09-29,2,Need more follow-up
F002662,C11015,2024-07-09,4,The coach was helpful
F002663,C09465,2024-06-10,5,The coach was helpful
F002664,C10787,2025-05-08,4,Good guidance from the team
F002665,C06892,2026-06-29,5,Very helpful program
F002666,C00691,2024-03-23,5,Good guidance from the team
F002667,C17832,2026-06-05,2,Could be better
F002668,C12532,2025-06-20,4,The coach was helpful
F002669,C12227,2025-11-05,5,The coach was helpful
F002670,C04840,2025-07-22,3,I missed some sessions
F002671,C05219,2025-06-10,4,Very helpful program
F002672,C16343,2025-09-20,3,Expected better results
F002673,C03922,2025-06-02,5,Very helpful program
F002674,C10573,2026-05-10,5,Very satisfied
F002675,C03373,2025-12-14,4,Good experience
F002676,C10588,2026-01-21,5,Very helpful program
F002677,C09871,2025-01-02,4,The coach was helpful
F002678,C08866,2025-04-09,4,I achieved my goal
F002679,C14173,2025-02-28,4,Good guidance from the team
F002680,C08697,2025-04-22,3,I missed some sessions
F002681,C09874,2024-08-23,4,I achieved my goal
F002682,C05331,2025-08-21,4,Very satisfied
F002683,C04041,2025-03-05,3,Could be better
F002684,C01088,2025-03-23,2,Not fully satisfied
F002685,C11111,2024-06-12,5,Excellent support
F002686,C00074,2024-09-26,5,Good experience
F002687,C09618,2026-08-01,4,Good guidance from the team
F002688,C19787,2024-03-19,4,Good experience
F002689,C04276,2024-11-24,4,Very helpful program
F002690,C03374,2025-02-12,4,I achieved my goal
F002691,C07483,2026-01-26,4,Good guidance from the team
F002692,C02482,2024-06-28,5,Very helpful program
F002693,C04211,2025-11-22,5,Excellent support
F002694,C15369,2026-06-26,4,Excellent support
F002695,C16118,2024-03-30,2,Program was difficult to follow
F002696,C09749,2025-06-01,4,The coach was helpful
F002697,C11977,2024-08-13,5,Very helpful program
F002698,C03263,2026-08-08,2,Program was difficult to follow
F002699,C18052,2026-07-20,4,Very satisfied
F002700,C17198,2025-02-09,5,Good experience
F002701,C14135,2026-07-06,5,Very helpful program
F002702,C19231,2024-07-01,2,Program was difficult to follow
F002703,C19384,2025-04-13,4,Good guidance from the team
F002704,C00322,2026-10-01,3,Expected better results
F002705,C12077,2026-03-04,5,Very satisfied
F002706,C10130,2024-09-11,4,Good guidance from the team
F002707,C03175,2025-09-27,4,Good experience
F002708,C03593,2024-10-18,3,Program was difficult to follow
F002709,C12436,2025-11-23,5,Very satisfied
F002710,C11889,2025-11-09,2,Need more follow-up
F002711,C00430,2025-03-13,4,Excellent support
F002712,C06125,2026-06-12,5,Very satisfied
F002713,C05855,2026-01-24,3,Program was difficult to follow
F002714,C19176,2025-12-08,1,I missed some sessions
F002715,C13952,2026-04-04,4,I achieved my goal
F002716,C02853,2026-05-15,5,Good guidance from the team
F002717,C17629,2026-07-25,5,Good guidance from the team
F002718,C14600,2026-07-31,5,Very satisfied
F002719,C11810,2024-02-25,5,Very satisfied
F002720,C00338,2026-11-20,5,Excellent support
F002721,C00783,2025-07-31,5,Excellent support
F002722,C15864,2026-08-03,5,Good experience
F002723,C14899,2025-02-15,5,Very helpful program
F002724,C07831,2024-09-29,5,Very helpful program
F002725,C00639,2025-03-21,5,Good guidance from the team
F002726,C19154,2024-12-15,5,Very satisfied
F002727,C19923,2024-11-24,5,I achieved my goal
F002728,C16332,2025-11-28,5,Good experience
F002729,C13102,2024-04-06,5,The coach was helpful
F002730,C11468,2024-09-20,4,Very helpful program
F002731,C19651,2026-06-01,3,Could be better
F002732,C10006,2026-07-28,3,Expected better results
F002733,C11389,2026-07-06,4,Very satisfied
F002734,C02881,2025-09-19,2,Expected better results
F002735,C19001,2025-12-24,4,Excellent support
F002736,C18949,2026-09-05,5,Good experience
F002737,C02445,2024-07-22,5,Good experience
F002738,C16727,2025-10-01,4,Excellent support
F002739,C05067,2025-10-20,5,Good guidance from the team
F002740,C02967,2026-01-10,4,Very helpful program
F002741,C02860,2025-10-23,2,Need more follow-up
F002742,C09811,2025-02-10,5,Excellent support
F002743,C06953,2026-01-06,3,Need more follow-up
F002744,C18067,2025-02-04,5,I achieved my goal
F002745,C08580,2024-04-22,2,Expected better results
F002746,C11609,2024-02-28,4,Very satisfied
F002747,C06072,2025-09-29,4,Very satisfied
F002748,C10977,2025-03-25,4,I achieved my goal
F002749,C07851,2026-01-13,4,Very helpful program
F002750,C10625,2025-11-12,3,Need more follow-up
F002751,C03502,2026-01-21,3,Need more follow-up
F002752,C02702,2026-07-22,5,Good guidance from the team
F002753,C03547,2024-06-22,5,Very helpful program
F002754,C13796,2025-01-07,5,I achieved my goal
F002755,C06400,2026-08-02,1,Need more follow-up
F002756,C15018,2024-03-17,5,The coach was helpful
F002757,C12948,2026-03-22,5,Very helpful program
F002758,C04809,2024-11-06,5,Good guidance from the team
F002759,C05223,2026-08-09,3,I missed some sessions
F002760,C09907,2026-04-08,1,Need more follow-up
F002761,C07025,2026-04-14,2,I missed some sessions
F002762,C07254,2026-08-15,5,Excellent support
F002763,C13079,2025-04-20,2,I missed some sessions
F002764,C19184,2025-01-30,4,The coach was helpful
F002765,C18450,2026-02-14,5,Good guidance from the team
F002766,C07801,2026-03-20,4,The coach was helpful
F002767,C16443,2025-07-23,5,Good guidance from the team
F002768,C15478,2025-01-02,4,Very satisfied
F002769,C18941,2026-07-28,2,Program was difficult to follow
F002770,C19024,2026-09-02,4,Good experience
F002771,C16673,2026-01-19,2,Program was difficult to follow
F002772,C06480,2026-03-26,3,Expected better results
F002773,C04931,2025-05-07,3,Could be better
F002774,C08178,2025-11-11,5,Excellent support
F002775,C01237,2026-06-23,4,Very satisfied
F002776,C07428,2026-02-10,5,Excellent support
F002777,C07039,2025-08-02,4,Excellent support
F002778,C01866,2024-09-10,5,I achieved my goal
F002779,C10336,2026-02-19,3,Could be better
F002780,C19164,2025-07-30,3,Not fully satisfied
F002781,C08967,2024-09-12,5,I achieved my goal
F002782,C12638,2024-07-04,5,The coach was helpful
F002783,C05335,2025-09-21,5,Very helpful program
F002784,C08643,2024-11-02,3,Need more follow-up
F002785,C18333,2025-08-08,4,Very helpful program
F002786,C03626,2024-07-18,4,Very satisfied
F002787,C12301,2024-06-25,2,Expected better results
F002788,C02208,2026-03-22,5,I achieved my goal
F002789,C12056,2025-08-18,3,Expected better results
F002790,C11131,2024-06-22,3,Could be better
F002791,C00330,2025-09-22,3,Expected better results
F002792,C19099,2025-01-29,4,Good guidance from the team
F002793,C16033,2025-10-05,4,Very satisfied
F002794,C15999,2026-02-13,5,Very helpful program
F002795,C00434,2024-08-31,5,Very helpful program
F002796,C13177,2026-02-03,5,Excellent support
F002797,C07943,2025-01-12,5,The coach was helpful
F002798,C00331,2024-07-24,5,Good experience
F002799,C11715,2025-03-30,5,Good guidance from the team
F002800,C06623,2024-08-18,4,Good guidance from the team
F002801,C03390,2026-07-21,5,I achieved my goal
F002802,C09020,2024-07-25,3,Expected better results
F002803,C18911,2026-04-16,4,Excellent support
F002804,C04367,2024-04-13,2,Need more follow-up
F002805,C19992,2025-02-07,5,Very helpful program
F002806,C14380,2024-11-17,5,Excellent support
F002807,C13671,2025-10-11,5,Good guidance from the team
F002808,C16634,2026-04-17,3,Expected better results
F002809,C01913,2026-07-25,3,Need more follow-up
F002810,C19467,2025-11-14,3,I missed some sessions
F002811,C12450,2024-04-22,2,I missed some sessions
F002812,C05652,2025-04-13,3,Program was difficult to follow
F002813,C16905,2024-05-23,5,Excellent support
F002814,C13639,2024-11-16,5,Good experience
F002815,C10886,2026-06-10,3,Program was difficult to follow
F002816,C01879,2025-09-04,3,Could be better
F002817,C18315,2026-06-25,4,Good guidance from the team
F002818,C11646,2025-07-17,5,Very helpful program
F002819,C00329,2025-06-30,4,Very helpful program
F002820,C13554,2024-02-16,3,Program was difficult to follow
F002821,C19214,2026-03-10,5,Very satisfied
F002822,C11879,2026-04-01,5,Excellent support
F002823,C10969,2024-04-07,4,Very satisfied
F002824,C11290,2025-07-04,3,Program was difficult to follow
F002825,C12316,2025-09-28,4,Very satisfied
F002826,C12024,2025-05-17,3,I missed some sessions
F002827,C15136,2024-10-16,5,Excellent support
F002828,C02867,2026-02-27,2,Program was difficult to follow
F002829,C12226,2024-05-19,5,Excellent support
F002830,C06657,2025-07-25,1,Need more follow-up
F002831,C13647,2024-10-03,4,I achieved my goal
F002832,C19049,2024-06-23,5,Very helpful program
F002833,C07740,2024-09-15,5,Excellent support
F002834,C12559,2026-08-16,5,Very satisfied
F002835,C10322,2026-02-08,5,Good experience
F002836,C04784,2025-11-09,3,Program was difficult to follow
F002837,C18573,2026-03-11,2,Not fully satisfied
F002838,C11877,2025-11-11,5,Very helpful program
F002839,C15491,2024-09-23,5,I achieved my goal
F002840,C02976,2025-06-10,4,The coach was helpful
F002841,C00228,2025-01-11,5,Very satisfied
F002842,C00919,2025-07-02,2,Need more follow-up
F002843,C11865,2024-07-12,4,Very helpful program
F002844,C17019,2025-06-19,5,Very satisfied
F002845,C05255,2025-09-20,5,Excellent support
F002846,C14960,2025-12-18,5,Very satisfied
F002847,C00799,2026-02-03,4,The coach was helpful
F002848,C13996,2024-03-12,4,Very satisfied
F002849,C17865,2026-01-15,2,Need more follow-up
F002850,C05160,2026-07-06,3,I missed some sessions
F002851,C10176,2026-07-20,3,I missed some sessions
F002852,C15514,2025-04-21,1,Need more follow-up
F002853,C06741,2026-01-10,5,Excellent support
F002854,C02182,2026-03-29,4,I achieved my goal
F002855,C10622,2025-12-10,4,The coach was helpful
F002856,C11659,2025-04-10,3,Need more follow-up
F002857,C02518,2026-01-15,3,Need more follow-up
F002858,C05769,2026-01-09,4,Very helpful program
F002859,C18709,2026-06-02,2,Could be better
F002860,C04744,2026-01-07,4,Good guidance from the team
F002861,C16512,2025-08-27,3,Expected better results
F002862,C19544,2025-04-30,5,Very helpful program
F002863,C02069,2025-07-06,4,Good experience
F002864,C03494,2026-03-01,5,Good guidance from the team
F002865,C09988,2026-09-10,4,Excellent support
F002866,C18560,2024-12-19,4,Very satisfied
F002867,C10036,2026-01-02,5,Very helpful program
F002868,C10361,2025-07-29,3,Not fully satisfied
F002869,C00580,2024-06-10,4,Excellent support
F002870,C19721,2025-01-08,5,Very helpful program
F002871,C01947,2026-07-09,5,The coach was helpful
F002872,C13075,2025-05-31,4,The coach was helpful
F002873,C04534,2026-03-26,3,Not fully satisfied
F002874,C08987,2025-04-02,5,Very satisfied
F002875,C14683,2025-06-12,5,Good experience
F002876,C19775,2024-12-14,5,Very satisfied
F002877,C05791,2025-12-20,5,Good experience
F002878,C17568,2024-05-23,3,Not fully satisfied
F002879,C18838,2026-04-29,4,Excellent support
F002880,C11869,2025-03-10,4,Excellent support
F002881,C03222,2025-06-25,5,Very satisfied
F002882,C09647,2025-07-14,4,Good experience
F002883,C13070,2026-01-02,5,The coach was helpful
F002884,C03139,2027-02-19,4,I achieved my goal
F002885,C12006,2025-01-19,2,Could be better
F002886,C04878,2024-12-28,5,Good guidance from the team
F002887,C12584,2025-11-27,2,Could be better
F002888,C05715,2026-03-19,4,Very satisfied
F002889,C11717,2024-10-25,4,Good guidance from the team
F002890,C05074,2024-06-25,5,Good guidance from the team
F002891,C16159,2026-07-25,4,Very satisfied
F002892,C03777,2025-05-10,5,The coach was helpful
F002893,C15618,2025-08-28,5,Good guidance from the team
F002894,C09633,2025-11-11,3,Not fully satisfied
F002895,C04131,2024-12-30,4,The coach was helpful
F002896,C02869,2026-08-18,4,The coach was helpful
F002897,C07629,2026-04-04,5,Very helpful program
F002898,C10687,2024-07-17,5,The coach was helpful
F002899,C02670,2025-10-26,4,Very satisfied
F002900,C19414,2026-01-02,4,The coach was helpful
F002901,C06413,2025-08-21,1,Not fully satisfied
F002902,C07167,2025-09-05,5,Good guidance from the team
F002903,C02092,2025-01-24,5,Very helpful program
F002904,C17685,2024-03-25,2,Not fully satisfied
F002905,C19265,2024-11-27,5,Very satisfied
F002906,C04486,2027-05-07,5,Good guidance from the team
F002907,C04059,2026-03-11,3,Need more follow-up
F002908,C14022,2025-10-31,4,Very helpful program
F002909,C01795,2024-05-17,5,I achieved my goal
F002910,C01817,2024-07-22,5,The coach was helpful
F002911,C04435,2025-10-23,4,The coach was helpful
F002912,C16812,2025-07-03,3,I missed some sessions
F002913,C09621,2024-02-15,5,Very helpful program
F002914,C04215,2025-03-30,5,I achieved my goal
F002915,C08795,2026-07-31,4,Very helpful program
F002916,C03317,2025-02-17,4,Excellent support
F002917,C00918,2026-02-08,5,Excellent support
F002918,C01813,2024-05-20,5,Good experience
F002919,C10893,2025-08-22,5,Very helpful program
F002920,C14564,2025-01-12,5,Good experience
F002921,C17941,2025-11-12,4,Very satisfied
F002922,C08061,2025-11-24,2,Expected better results
F002923,C19040,2025-12-05,5,I achieved my goal
F002924,C09947,2027-01-30,3,Expected better results
F002925,C11548,2025-08-18,5,The coach was helpful
F002926,C01362,2024-05-16,2,Expected better results
F002927,C09332,2025-01-27,2,Could be better
F002928,C15638,2024-09-02,4,The coach was helpful
F002929,C07537,2024-11-03,3,Expected better results
F002930,C08408,2024-08-04,5,Excellent support
F002931,C16978,2025-09-22,5,Good experience
F002932,C04713,2025-09-18,5,I achieved my goal
F002933,C14153,2026-10-25,5,Excellent support
F002934,C14979,2024-02-17,2,Program was difficult to follow
F002935,C14541,2026-03-03,3,Not fully satisfied
F002936,C19252,2025-05-31,5,Good guidance from the team
F002937,C01449,2026-06-09,3,Could be better
F002938,C02981,2025-01-01,4,Very helpful program
F002939,C16918,2025-04-16,5,Excellent support
F002940,C08589,2024-10-07,4,Very satisfied
F002941,C03579,2025-12-10,4,Good guidance from the team
F002942,C15590,2025-02-09,3,Could be better
F002943,C06302,2024-07-31,4,Excellent support
F002944,C11115,2025-10-30,2,I missed some sessions
F002945,C12020,2026-06-13,5,Very satisfied
F002946,C02911,2024-05-20,5,Excellent support
F002947,C14981,2025-03-14,1,Not fully satisfied
F002948,C06328,2025-03-19,5,The coach was helpful
F002949,C06787,2025-01-23,4,Very helpful program
F002950,C16761,2025-07-02,3,Expected better results
F002951,C19626,2024-11-11,4,I achieved my goal
F002952,C00467,2025-05-25,2,I missed some sessions
F002953,C00088,2025-03-26,2,Could be better
F002954,C17159,2025-04-03,3,Program was difficult to follow
F002955,C14559,2025-05-17,4,I achieved my goal
F002956,C15840,2025-02-09,4,Very helpful program
F002957,C07611,2026-02-28,4,I achieved my goal
F002958,C06736,2024-04-16,4,Excellent support
F002959,C11896,2024-07-20,4,Excellent support
F002960,C01471,2026-03-15,4,I achieved my goal
F002961,C17150,2026-05-21,5,The coach was helpful
F002962,C08840,2026-08-25,3,Expected better results
F002963,C16344,2026-07-02,5,I achieved my goal
F002964,C09241,2024-07-31,3,Need more follow-up
F002965,C02081,2025-11-14,3,I missed some sessions
F002966,C14408,2026-08-29,4,The coach was helpful
F002967,C18401,2026-01-11,5,The coach was helpful
F002968,C12899,2025-09-16,5,Excellent support
F002969,C18249,2024-11-07,2,Program was difficult to follow
F002970,C09993,2025-05-22,4,Excellent support
F002971,C07739,2025-03-24,4,Very helpful program
F002972,C13665,2025-01-13,3,I missed some sessions
F002973,C04627,2025-03-10,5,Excellent support
F002974,C03652,2025-01-25,5,Very helpful program
F002975,C19673,2025-08-10,5,The coach was helpful
F002976,C08139,2027-02-09,2,Could be better
F002977,C18808,2026-02-07,5,I achieved my goal
F002978,C06040,2025-06-23,5,The coach was helpful
F002979,C18036,2025-05-02,4,Good guidance from the team
F002980,C03483,2026-02-15,4,Excellent support
F002981,C00414,2024-10-17,5,Very satisfied
F002982,C12425,2024-06-16,3,Could be better
F002983,C01610,2025-01-18,3,Need more follow-up
F002984,C04433,2026-08-25,4,Very satisfied
F002985,C05439,2024-06-16,5,Excellent support
F002986,C08719,2024-03-18,5,I achieved my goal
F002987,C16732,2026-01-07,4,I achieved my goal
F002988,C00262,2025-12-04,4,I achieved my goal
F002989,C19210,2025-03-04,5,I achieved my goal
F002990,C13054,2026-06-06,4,Very satisfied
F002991,C04253,2025-01-19,1,Program was difficult to follow
F002992,C11186,2024-04-08,4,I achieved my goal
F002993,C05122,2025-05-14,3,Program was difficult to follow
F002994,C18689,2025-11-01,4,Excellent support
F002995,C03437,2025-07-13,4,Good experience
F002996,C10756,2024-04-24,5,The coach was helpful
F002997,C18163,2025-11-21,5,The coach was helpful
F002998,C02615,2025-06-03,3,Expected better results
F002999,C10233,2024-11-04,5,Very helpful program
F003000,C07832,2024-06-13,3,Could be better
F003001,C17246,2024-05-29,4,I achieved my goal
F003002,C10840,2025-11-28,5,Very helpful program
F003003,C19699,2024-04-05,5,Good guidance from the team
F003004,C06452,2024-07-11,4,Excellent support
F003005,C01347,2025-05-25,4,The coach was helpful
F003006,C11063,2024-08-11,3,Could be better
F003007,C04246,2025-02-22,3,Could be better
F003008,C08539,2024-03-11,3,Could be better
F003009,C00379,2024-07-24,4,The coach was helpful
F003010,C16806,2025-11-23,4,The coach was helpful
F003011,C07034,2025-08-02,4,I achieved my goal
F003012,C05371,2026-07-28,4,Good guidance from the team
F003013,C18998,2025-03-07,3,Program was difficult to follow
F003014,C07748,2024-07-22,4,Good experience
F003015,C15448,2025-05-28,4,Very helpful program
F003016,C08370,2025-03-14,5,Good experience
F003017,C00145,2027-06-22,2,Need more follow-up
F003018,C06439,2025-03-06,1,Expected better results
F003019,C12946,2025-02-10,5,Good experience
F003020,C19847,2024-10-03,5,Very helpful program
F003021,C19113,2025-08-04,5,Good guidance from the team
F003022,C13313,2024-09-29,2,Need more follow-up
F003023,C13497,2024-11-08,2,Could be better
F003024,C12754,2026-04-29,5,Very helpful program
F003025,C03800,2025-02-12,5,Good experience
F003026,C01653,2024-09-11,3,Expected better results
F003027,C02463,2024-04-15,5,I achieved my goal
F003028,C05977,2026-06-29,2,Could be better
F003029,C18964,2025-08-16,5,Good guidance from the team
F003030,C02415,2024-04-01,5,Very helpful program
F003031,C08458,2025-07-23,4,The coach was helpful
F003032,C01192,2024-04-17,5,Excellent support
F003033,C12709,2025-03-03,2,Expected better results
F003034,C06547,2026-02-01,5,I achieved my goal
F003035,C15805,2024-12-18,4,The coach was helpful
F003036,C00255,2025-01-27,3,Need more follow-up
F003037,C08996,2026-05-11,1,Program was difficult to follow
F003038,C02978,2025-09-07,4,Very satisfied
F003039,C05797,2026-05-25,3,Program was difficult to follow
F003040,C01746,2025-01-03,5,I achieved my goal
F003041,C05271,2025-08-03,5,Good guidance from the team
F003042,C17011,2025-09-01,4,The coach was helpful
F003043,C17846,2024-05-09,5,I achieved my goal
F003044,C01649,2026-07-12,3,I missed some sessions
F003045,C15046,2025-10-02,3,Program was difficult to follow
F003046,C01833,2025-11-26,4,Very helpful program
F003047,C03789,2026-07-03,2,Program was difficult to follow
F003048,C08636,2026-05-04,5,Excellent support
F003049,C01503,2024-07-27,5,Very satisfied
F003050,C15321,2025-10-09,4,Good experience
F003051,C03613,2024-04-26,4,Good guidance from the team
F003052,C05802,2026-08-10,3,Need more follow-up
F003053,C01075,2025-12-01,5,The coach was helpful
F003054,C14517,2025-11-10,4,The coach was helpful
F003055,C07089,2025-06-11,2,Expected better results
F003056,C12550,2024-09-30,4,Very satisfied
F003057,C08847,2025-10-19,4,Good experience
F003058,C01724,2026-06-30,1,Could be better
F003059,C03281,2024-10-16,5,Excellent support
F003060,C00771,2025-10-12,4,Excellent support
F003061,C12390,2025-11-25,3,I missed some sessions
F003062,C09925,2024-12-05,4,Good experience
F003063,C14105,2024-08-22,4,Very satisfied
F003064,C09012,2024-07-28,4,Very helpful program
F003065,C09888,2026-06-14,4,The coach was helpful
F003066,C10185,2025-12-07,3,Not fully satisfied
F003067,C10110,2024-04-13,4,Very helpful program
F003068,C01146,2026-04-10,5,I achieved my goal
F003069,C19074,2024-06-14,2,I missed some sessions
F003070,C12410,2025-11-28,3,Not fully satisfied
F003071,C16227,2026-02-05,3,Not fully satisfied
F003072,C03464,2025-02-12,2,Need more follow-up
F003073,C13068,2025-04-20,2,Program was difficult to follow
F003074,C13641,2025-01-26,4,Excellent support
F003075,C05877,2025-12-19,4,The coach was helpful
F003076,C10647,2024-12-18,4,Excellent support
F003077,C05794,2026-02-11,3,Need more follow-up
F003078,C16166,2026-05-09,5,Excellent support
F003079,C09091,2025-03-21,4,Very helpful program
F003080,C05419,2024-12-11,4,Very satisfied
F003081,C05627,2025-06-11,3,Program was difficult to follow
F003082,C10986,2026-09-11,5,Very satisfied
F003083,C15347,2025-08-11,3,I missed some sessions
F003084,C00054,2024-07-20,4,Very helpful program
F003085,C15256,2024-07-06,5,Excellent support
F003086,C18366,2024-10-16,3,Could be better
F003087,C18159,2025-04-23,4,Very helpful program
F003088,C02435,2025-08-07,4,Very helpful program
F003089,C19884,2026-06-27,1,Could be better
F003090,C16476,2026-02-10,5,Good experience
F003091,C00489,2025-11-20,3,I missed some sessions
F003092,C16273,2025-03-25,3,Program was difficult to follow
F003093,C12963,2025-10-23,4,The coach was helpful
F003094,C19543,2025-02-22,2,I missed some sessions
F003095,C02111,2024-08-15,4,The coach was helpful
F003096,C02880,2026-03-30,2,Not fully satisfied
F003097,C05000,2025-05-04,4,Very helpful program
F003098,C04739,2025-12-19,3,Expected better results
F003099,C04417,2025-04-11,3,Expected better results
F003100,C18644,2025-05-30,5,Good experience
F003101,C02052,2025-08-20,3,Expected better results
F003102,C16333,2024-12-29,5,The coach was helpful
F003103,C09849,2025-02-09,5,Very helpful program
F003104,C02780,2026-05-19,5,Good guidance from the team
F003105,C18843,2024-06-21,5,I achieved my goal
F003106,C09959,2024-10-13,5,Good experience
F003107,C02212,2026-01-18,3,Could be better
F003108,C10451,2024-05-30,4,I achieved my goal
F003109,C14435,2025-08-25,5,Excellent support
F003110,C00961,2026-02-16,4,Good guidance from the team
F003111,C00110,2025-12-12,3,Program was difficult to follow
F003112,C18900,2025-11-17,5,Excellent support
F003113,C17329,2026-04-17,5,Good guidance from the team
F003114,C07273,2025-12-06,5,The coach was helpful
F003115,C07499,2024-12-21,4,Excellent support
F003116,C06044,2025-04-22,4,Good experience
F003117,C10319,2026-07-19,5,Good experience
F003118,C16767,2026-08-24,4,The coach was helpful
F003119,C17210,2026-01-04,5,Very satisfied
F003120,C09231,2024-09-02,5,The coach was helpful
F003121,C04097,2026-07-26,4,Good guidance from the team
F003122,C15261,2026-08-22,2,I missed some sessions
F003123,C15359,2026-03-30,3,Expected better results
F003124,C07459,2026-05-24,5,Good guidance from the team
F003125,C18416,2025-10-18,4,The coach was helpful
F003126,C15043,2026-10-20,4,Good experience
F003127,C05230,2025-05-25,5,Good guidance from the team
F003128,C00610,2026-05-19,2,Need more follow-up
F003129,C00273,2025-04-28,5,I achieved my goal
F003130,C10057,2026-07-14,2,Not fully satisfied
F003131,C04324,2026-04-23,1,Need more follow-up
F003132,C11502,2024-10-21,4,Very satisfied
F003133,C03769,2026-04-09,3,Could be better
F003134,C15432,2024-11-22,5,The coach was helpful
F003135,C01277,2025-11-01,3,Could be better
F003136,C10350,2024-11-23,4,Very helpful program
F003137,C03741,2025-02-11,4,Good guidance from the team
F003138,C15537,2025-01-18,5,I achieved my goal
F003139,C15940,2026-02-04,5,Good guidance from the team
F003140,C17181,2026-02-27,5,The coach was helpful
F003141,C15335,2024-11-22,5,The coach was helpful
F003142,C18433,2024-02-22,4,I achieved my goal
F003143,C16199,2026-10-11,4,Excellent support
F003144,C04669,2024-07-06,5,The coach was helpful
F003145,C07522,2025-04-04,4,Good guidance from the team
F003146,C15013,2026-01-28,5,I achieved my goal
F003147,C15881,2026-08-01,5,Good guidance from the team
F003148,C07675,2024-04-11,5,Excellent support
F003149,C01823,2025-09-07,4,Very satisfied
F003150,C19436,2026-05-25,2,Expected better results
F003151,C11829,2025-05-24,4,Very helpful program
F003152,C14222,2024-08-31,4,Good experience
F003153,C08711,2026-02-01,4,Good guidance from the team
F003154,C08424,2024-06-11,4,I achieved my goal
F003155,C19110,2026-02-01,5,Excellent support
F003156,C17476,2026-02-16,5,Good guidance from the team
F003157,C14890,2025-02-18,4,Very satisfied
F003158,C18585,2025-03-28,5,The coach was helpful
F003159,C03136,2025-08-07,2,I missed some sessions
F003160,C05438,2026-06-07,3,Need more follow-up
F003161,C06510,2024-10-29,5,Very satisfied
F003162,C08087,2024-08-18,3,Not fully satisfied
F003163,C09402,2024-08-17,3,I missed some sessions
F003164,C18455,2026-08-12,5,The coach was helpful
F003165,C17502,2025-03-14,5,I achieved my goal
F003166,C12070,2026-06-08,5,Very satisfied
F003167,C02597,2025-04-07,4,Very helpful program
F003168,C00751,2025-01-12,3,Could be better
F003169,C09516,2024-09-28,4,Good guidance from the team
F003170,C16342,2025-09-12,5,Good guidance from the team
F003171,C12705,2024-12-11,3,Need more follow-up
F003172,C12867,2024-12-30,1,Expected better results
F003173,C07451,2025-05-07,5,The coach was helpful
F003174,C04098,2025-11-13,5,Excellent support
F003175,C14073,2024-08-17,2,I missed some sessions
F003176,C02606,2027-03-27,1,I missed some sessions
F003177,C07793,2024-11-27,1,Need more follow-up
F003178,C01446,2025-08-10,4,Excellent support
F003179,C01337,2025-11-18,5,Good experience
F003180,C04976,2024-04-12,5,Very satisfied
F003181,C05117,2025-12-10,5,Excellent support
F003182,C00855,2025-01-30,3,Need more follow-up
F003183,C04114,2024-12-18,2,Not fully satisfied
F003184,C13942,2024-07-01,3,Not fully satisfied
F003185,C17459,2025-04-13,4,Good experience
F003186,C13460,2024-08-13,3,Program was difficult to follow
F003187,C18652,2026-01-13,3,Program was difficult to follow
F003188,C17368,2024-09-03,4,The coach was helpful
F003189,C07535,2025-01-09,5,I achieved my goal
F003190,C18341,2026-05-15,2,Program was difficult to follow
F003191,C02390,2024-12-01,2,Need more follow-up
F003192,C09680,2026-12-27,5,I achieved my goal
F003193,C13231,2026-06-26,2,Program was difficult to follow
F003194,C10373,2025-04-17,4,Very helpful program
F003195,C00385,2025-06-18,2,Program was difficult to follow
F003196,C03651,2024-03-17,4,Excellent support
F003197,C04108,2025-11-09,2,Program was difficult to follow
F003198,C03698,2025-05-17,4,Very satisfied
F003199,C00272,2025-05-02,5,The coach was helpful
F003200,C19909,2026-04-13,5,Good guidance from the team
F003201,C01516,2024-05-22,3,I missed some sessions
F003202,C05537,2024-04-16,3,Program was difficult to follow
F003203,C17485,2024-08-07,5,I achieved my goal
F003204,C14736,2026-01-20,4,The coach was helpful
F003205,C05225,2025-02-07,4,Excellent support
F003206,C09527,2024-10-06,4,Good experience
F003207,C03705,2024-12-07,4,I achieved my goal
F003208,C01026,2024-09-26,4,Very satisfied
F003209,C15580,2024-08-09,3,Could be better
F003210,C02757,2026-10-17,5,Excellent support
F003211,C10522,2026-02-02,3,Need more follow-up
F003212,C09259,2024-04-03,3,Expected better results
F003213,C11417,2025-05-31,3,Could be better
F003214,C02653,2026-07-02,4,Very satisfied
F003215,C19697,2026-03-09,5,Good guidance from the team
F003216,C13673,2024-04-11,5,Very helpful program
F003217,C06261,2024-07-23,2,I missed some sessions
F003218,C10834,2025-03-22,3,I missed some sessions
F003219,C06771,2025-04-26,5,Very satisfied
F003220,C19969,2025-01-01,5,Very satisfied
F003221,C15236,2024-07-05,5,Good experience
F003222,C07785,2026-07-30,4,I achieved my goal
F003223,C08372,2026-02-26,4,Good guidance from the team
F003224,C08359,2026-08-19,5,Good experience
F003225,C19965,2026-07-13,4,Very satisfied
F003226,C05980,2024-07-17,4,The coach was helpful
F003227,C07787,2025-07-11,5,Very helpful program
F003228,C09011,2026-05-14,4,I achieved my goal
F003229,C15695,2025-10-17,5,Good experience
F003230,C16718,2024-11-09,5,Good experience
F003231,C05638,2025-02-05,2,Not fully satisfied
F003232,C16958,2024-07-20,4,Very satisfied
F003233,C00140,2026-07-19,4,Good experience
F003234,C02391,2024-11-10,2,Need more follow-up
F003235,C10697,2025-05-28,3,Program was difficult to follow
F003236,C13888,2025-10-20,4,Good experience
F003237,C13901,2025-01-02,4,Very helpful program
F003238,C10675,2026-04-01,3,Expected better results
F003239,C12526,2025-11-06,3,Not fully satisfied
F003240,C16926,2027-01-23,4,Very helpful program
F003241,C04821,2025-10-20,4,Good experience
F003242,C01264,2024-05-03,4,Very satisfied
F003243,C02888,2024-05-26,5,Very satisfied
F003244,C02416,2024-09-25,5,Good guidance from the team
F003245,C01375,2024-05-06,5,Good guidance from the team
F003246,C05579,2026-07-20,5,The coach was helpful
F003247,C12346,2026-06-19,2,Need more follow-up
F003248,C00032,2025-09-06,5,Very satisfied
F003249,C14338,2025-11-22,3,I missed some sessions
F003250,C03958,2024-09-21,5,I achieved my goal
F003251,C16828,2025-07-04,2,Need more follow-up
F003252,C19744,2024-09-12,4,Very satisfied
F003253,C16496,2026-01-29,5,Good guidance from the team
F003254,C06859,2026-02-20,4,The coach was helpful
F003255,C12835,2026-05-30,4,The coach was helpful
F003256,C15126,2025-08-23,5,Good guidance from the team
F003257,C01765,2024-09-25,5,Excellent support
F003258,C16606,2024-10-23,4,Good guidance from the team
F003259,C07644,2024-05-05,4,Very satisfied
F003260,C11107,2026-03-26,5,The coach was helpful
F003261,C13928,2026-07-17,3,Need more follow-up
F003262,C14706,2025-04-30,4,Very satisfied
F003263,C13407,2025-07-09,5,Very satisfied
F003264,C18310,2025-02-24,3,Need more follow-up
F003265,C12256,2025-04-04,2,Expected better results
F003266,C08498,2026-03-15,4,Very helpful program
F003267,C16736,2026-02-03,4,Excellent support
F003268,C02175,2025-01-07,4,Excellent support
F003269,C09702,2026-04-21,5,Very satisfied
F003270,C11928,2026-09-11,1,Expected better results
F003271,C01523,2024-04-25,4,Very helpful program
F003272,C13721,2024-03-24,3,Expected better results
F003273,C19424,2024-11-30,1,Need more follow-up
F003274,C03223,2025-07-23,5,Very helpful program
F003275,C07299,2026-03-20,5,Very satisfied
F003276,C14336,2025-12-06,4,The coach was helpful
F003277,C14849,2025-12-29,5,I achieved my goal
F003278,C16960,2026-03-21,2,Need more follow-up
F003279,C17450,2025-07-22,3,Program was difficult to follow
F003280,C14167,2024-07-21,2,I missed some sessions
F003281,C04448,2026-03-11,5,Very satisfied
F003282,C03392,2025-04-16,4,Very satisfied
F003283,C05154,2025-11-21,2,I missed some sessions
F003284,C12998,2024-11-23,4,The coach was helpful
F003285,C17309,2025-05-21,4,Very helpful program
F003286,C14955,2024-10-17,4,The coach was helpful
F003287,C13077,2025-08-08,3,Program was difficult to follow
F003288,C19562,2026-07-30,4,Good guidance from the team
F003289,C05421,2026-06-10,5,I achieved my goal
F003290,C01118,2026-05-07,5,The coach was helpful
F003291,C11082,2025-11-13,4,Good guidance from the team
F003292,C07812,2026-07-09,5,Very satisfied
F003293,C00982,2025-04-05,4,Very helpful program
F003294,C04234,2026-07-23,4,Very satisfied
F003295,C19942,2025-05-28,5,The coach was helpful
F003296,C02167,2026-06-15,5,Good experience
F003297,C14050,2025-09-16,4,The coach was helpful
F003298,C00468,2024-08-18,4,I achieved my goal
F003299,C05856,2024-05-19,4,The coach was helpful
F003300,C09364,2024-10-25,3,Could be better
F003301,C09819,2024-07-19,2,I missed some sessions
F003302,C16741,2026-05-06,5,Very satisfied
F003303,C12444,2025-12-31,1,Program was difficult to follow
F003304,C17290,2025-12-19,4,Good guidance from the team
F003305,C05535,2025-12-26,4,Good guidance from the team
F003306,C07967,2025-11-19,4,Very helpful program
F003307,C04715,2026-07-13,5,Very satisfied
F003308,C03466,2025-11-18,4,Very helpful program
F003309,C18984,2025-07-04,4,Good experience
F003310,C12507,2026-09-11,5,The coach was helpful
F003311,C11941,2024-03-01,5,Very satisfied
F003312,C13243,2024-05-16,5,Good guidance from the team
F003313,C15181,2025-02-12,5,Excellent support
F003314,C19700,2024-09-05,3,Program was difficult to follow
F003315,C09984,2025-01-01,4,Very satisfied
F003316,C06098,2025-02-27,4,Good experience
F003317,C11022,2026-03-08,5,Good experience
F003318,C02995,2024-10-22,3,Not fully satisfied
F003319,C07892,2025-03-28,2,Not fully satisfied
F003320,C15828,2025-11-21,5,Very helpful program
F003321,C05055,2026-04-08,5,The coach was helpful
F003322,C16295,2026-03-08,3,Could be better
F003323,C10441,2026-07-04,5,Very satisfied
F003324,C10466,2025-07-15,5,Very satisfied
F003325,C10958,2025-07-25,4,Very helpful program
F003326,C03518,2024-03-18,3,Program was difficult to follow
F003327,C10823,2027-02-20,4,Excellent support
F003328,C10657,2026-05-04,3,Need more follow-up
F003329,C18128,2025-01-19,3,Program was difficult to follow
F003330,C04593,2024-10-11,4,Good experience
F003331,C09540,2026-08-03,3,Program was difficult to follow
F003332,C08375,2024-04-30,5,Good guidance from the team
F003333,C11787,2025-12-05,1,Could be better
F003334,C16454,2025-10-09,4,Very satisfied
F003335,C00894,2026-07-02,3,Need more follow-up
F003336,C16619,2025-02-22,4,I achieved my goal
F003337,C07729,2024-08-17,5,The coach was helpful
F003338,C18372,2025-01-09,3,Expected better results
F003339,C10069,2025-08-07,3,Need more follow-up
F003340,C11331,2025-09-17,5,I achieved my goal
F003341,C04258,2026-04-11,5,Good guidance from the team
F003342,C02299,2025-05-30,4,Good experience
F003343,C07438,2025-06-17,5,Very helpful program
F003344,C19117,2025-01-03,5,Good guidance from the team
F003345,C03330,2024-10-08,4,Very satisfied
F003346,C10456,2025-06-29,3,Program was difficult to follow
F003347,C17546,2024-08-26,2,Program was difficult to follow
F003348,C19993,2026-03-26,4,Good guidance from the team
F003349,C07745,2025-04-19,4,Very helpful program
F003350,C08215,2026-03-07,5,Very satisfied
F003351,C03037,2026-07-20,3,Could be better
F003352,C11978,2025-10-29,5,Excellent support
F003353,C08601,2026-03-24,4,Very satisfied
F003354,C05821,2025-01-15,4,I achieved my goal
F003355,C02892,2026-05-02,3,Could be better
F003356,C12802,2025-12-04,1,Need more follow-up
F003357,C02047,2024-10-28,5,The coach was helpful
F003358,C14910,2024-05-10,3,Not fully satisfied
F003359,C17772,2024-06-11,2,Expected better results
F003360,C04409,2026-07-05,4,Very satisfied
F003361,C01955,2026-06-29,4,Very satisfied
F003362,C06442,2025-04-01,1,Need more follow-up
F003363,C09837,2024-12-24,5,Very satisfied
F003364,C06715,2025-03-25,4,I achieved my goal
F003365,C08736,2026-02-23,4,Excellent support
F003366,C15583,2026-03-28,5,Good experience
F003367,C02659,2025-08-05,4,Good experience
F003368,C08803,2026-10-18,4,The coach was helpful
F003369,C14143,2025-09-24,5,Good guidance from the team
F003370,C00257,2024-04-09,4,I achieved my goal
F003371,C01482,2025-09-13,4,Very satisfied
F003372,C14525,2024-12-05,4,Very satisfied
F003373,C00202,2027-01-30,5,Excellent support
F003374,C07016,2024-11-15,2,Expected better results
F003375,C06636,2024-04-01,5,Very satisfied
F003376,C06356,2026-02-22,5,Very helpful program
F003377,C10925,2024-03-20,3,Expected better results
F003378,C05754,2025-10-09,3,Need more follow-up
F003379,C12786,2026-05-21,4,The coach was helpful
F003380,C13757,2026-01-03,5,Excellent support
F003381,C01202,2024-12-17,4,Excellent support
F003382,C14212,2025-10-11,5,Very satisfied
F003383,C12623,2025-05-27,4,Very helpful program
F003384,C10156,2025-05-31,5,Very helpful program
F003385,C08958,2024-12-08,4,The coach was helpful
F003386,C01368,2024-05-01,4,I achieved my goal
F003387,C10779,2024-03-08,2,Expected better results
F003388,C07346,2026-01-11,2,Program was difficult to follow
F003389,C07219,2026-05-07,5,I achieved my goal
F003390,C15555,2024-08-15,5,I achieved my goal
F003391,C11640,2025-08-11,5,Very satisfied
F003392,C12193,2026-07-13,5,Good experience
F003393,C00562,2024-03-19,1,Not fully satisfied
F003394,C05111,2025-05-06,4,The coach was helpful
F003395,C12980,2024-05-30,4,Good guidance from the team
F003396,C06122,2025-08-12,5,Very helpful program
F003397,C19755,2025-10-02,1,Need more follow-up
F003398,C02417,2025-08-30,3,I missed some sessions
F003399,C11805,2026-06-12,3,Expected better results
F003400,C07468,2026-02-05,1,I missed some sessions
F003401,C01898,2026-07-31,3,Could be better
F003402,C17387,2025-03-07,4,Good guidance from the team
F003403,C15793,2024-04-23,3,I missed some sessions
F003404,C10401,2026-02-22,5,Excellent support
F003405,C17747,2025-10-03,4,Good guidance from the team
F003406,C06196,2025-12-01,4,Excellent support
F003407,C05169,2026-05-14,3,Not fully satisfied
F003408,C17407,2025-05-17,5,Good experience
F003409,C19444,2026-05-26,4,I achieved my goal
F003410,C00927,2025-06-06,5,The coach was helpful
F003411,C14452,2025-05-04,5,I achieved my goal
F003412,C06129,2024-07-31,3,Expected better results
F003413,C13292,2025-01-31,5,Good experience
F003414,C06250,2025-11-29,3,Program was difficult to follow
F003415,C00368,2024-04-06,1,Program was difficult to follow
F003416,C17929,2026-03-25,4,I achieved my goal
F003417,C05342,2025-02-25,4,Excellent support
F003418,C03606,2024-11-22,4,Very satisfied
F003419,C10943,2025-06-02,4,Very satisfied
F003420,C19206,2026-08-15,5,Good experience
F003421,C15294,2025-12-14,3,I missed some sessions
F003422,C02904,2026-05-30,4,Very satisfied
F003423,C07988,2026-06-29,2,Could be better
F003424,C08437,2025-11-05,5,Excellent support
F003425,C18201,2025-01-13,5,Very satisfied
F003426,C10586,2025-03-19,5,Very satisfied
F003427,C04533,2027-01-23,4,Excellent support
F003428,C09366,2025-07-02,4,Very helpful program
F003429,C16093,2025-04-29,4,Very satisfied
F003430,C02662,2024-07-20,4,I achieved my goal
F003431,C16566,2026-03-24,4,I achieved my goal
F003432,C16841,2024-09-12,4,Good guidance from the team
F003433,C00790,2024-10-06,5,Excellent support
F003434,C19292,2026-04-12,4,Good experience
F003435,C09566,2026-07-06,4,I achieved my goal
F003436,C06109,2026-07-19,4,Excellent support
F003437,C18238,2026-08-15,4,Excellent support
F003438,C04988,2024-09-14,3,Need more follow-up
F003439,C11716,2024-03-20,5,I achieved my goal
F003440,C15639,2024-11-24,4,Good guidance from the team
F003441,C09178,2025-04-14,5,Very helpful program
F003442,C10089,2026-01-19,2,Could be better
F003443,C05761,2026-06-30,5,Good experience
F003444,C03279,2025-01-05,5,Very helpful program
F003445,C07896,2026-07-24,5,The coach was helpful
F003446,C18370,2026-07-14,5,Good guidance from the team
F003447,C00239,2026-09-13,5,The coach was helpful
F003448,C19748,2024-07-29,5,I achieved my goal
F003449,C05153,2025-01-08,5,Good experience
F003450,C06225,2025-12-26,3,Program was difficult to follow
F003451,C15150,2025-09-24,5,Good experience
F003452,C07108,2026-04-09,5,Good experience
F003453,C03397,2026-01-23,4,The coach was helpful
F003454,C03697,2025-07-10,5,Good guidance from the team
F003455,C08316,2026-07-22,5,I achieved my goal
F003456,C16857,2024-07-02,5,The coach was helpful
F003457,C01924,2024-09-12,3,Could be better
F003458,C01900,2026-09-18,3,Could be better
F003459,C12492,2026-08-24,2,Could be better
F003460,C02865,2024-10-12,4,Excellent support
F003461,C06460,2026-01-17,4,Very satisfied
F003462,C08405,2024-12-30,5,Excellent support
F003463,C18295,2026-02-10,5,Very helpful program
F003464,C13094,2025-11-10,4,Good experience
F003465,C15031,2026-07-15,5,Good experience
F003466,C01396,2025-12-05,2,Not fully satisfied
F003467,C10128,2026-03-20,4,Very satisfied
F003468,C05888,2024-12-23,4,Good guidance from the team
F003469,C12714,2026-10-10,2,Expected better results
F003470,C01456,2024-07-20,2,Need more follow-up
F003471,C00862,2024-08-07,5,Very satisfied
F003472,C19696,2024-07-19,3,Not fully satisfied
F003473,C15724,2025-01-18,4,Very satisfied
F003474,C09450,2025-04-01,4,Excellent support
F003475,C19826,2025-04-01,5,Excellent support
F003476,C12971,2024-07-22,4,Good guidance from the team
F003477,C10082,2024-12-27,2,Not fully satisfied
F003478,C10453,2025-02-05,5,I achieved my goal
F003479,C05993,2025-01-24,3,Need more follow-up
F003480,C11146,2025-01-21,4,I achieved my goal
F003481,C14003,2025-12-31,5,I achieved my goal
F003482,C18610,2025-04-30,1,Expected better results
F003483,C17602,2026-07-16,5,Good experience
F003484,C04656,2026-01-22,5,Good guidance from the team
F003485,C06470,2026-09-25,4,I achieved my goal
F003486,C02454,2024-06-12,5,I achieved my goal
F003487,C03182,2025-03-20,4,Very satisfied
F003488,C15980,2024-11-14,3,Not fully satisfied
F003489,C15243,2026-08-24,5,Good guidance from the team
F003490,C01372,2025-10-02,3,Expected better results
F003491,C04101,2026-01-11,4,Excellent support
F003492,C05079,2026-04-08,5,Very helpful program
F003493,C15184,2024-06-29,5,Very helpful program
F003494,C19010,2026-02-16,5,Excellent support
F003495,C19485,2024-11-28,5,Very helpful program
F003496,C14528,2025-01-09,5,Very satisfied
F003497,C08941,2024-12-07,2,Could be better
F003498,C08145,2025-10-04,5,Good experience
F003499,C15678,2024-05-01,5,Very helpful program
F003500,C05869,2024-10-19,4,Excellent support
F003501,C00087,2025-08-07,4,Excellent support
F003502,C13162,2025-10-13,3,Program was difficult to follow
F003503,C13267,2025-11-23,2,I missed some sessions
F003504,C11612,2025-12-12,2,Need more follow-up
F003505,C13959,2025-07-12,3,Need more follow-up
F003506,C11183,2025-10-14,4,I achieved my goal
F003507,C05889,2024-07-07,5,The coach was helpful
F003508,C05682,2026-01-11,4,Very helpful program
F003509,C12735,2026-05-17,5,I achieved my goal
F003510,C07251,2024-09-21,2,Program was difficult to follow
F003511,C16525,2024-10-21,2,Expected better results
F003512,C01308,2024-08-14,5,Very satisfied
F003513,C14020,2024-10-28,5,Good experience
F003514,C00188,2026-04-15,5,Good experience
F003515,C17451,2024-05-27,2,Expected better results
F003516,C06667,2025-03-19,5,Good guidance from the team
F003517,C02480,2025-04-07,5,The coach was helpful
F003518,C11606,2024-11-17,5,Good experience
F003519,C18431,2025-05-11,4,Very satisfied
F003520,C16031,2025-07-03,3,Program was difficult to follow
F003521,C06017,2024-11-25,5,Very helpful program
F003522,C17017,2024-08-25,1,Could be better
F003523,C13864,2024-09-27,4,Very satisfied
F003524,C04561,2026-09-07,5,The coach was helpful
F003525,C09200,2025-05-24,3,Not fully satisfied
F003526,C05180,2025-06-20,4,The coach was helpful
F003527,C15367,2025-09-05,4,Good experience
F003528,C15715,2024-05-18,4,Very satisfied
F003529,C09860,2026-06-14,2,Expected better results
F003530,C06967,2025-08-12,4,Very satisfied
F003531,C14882,2026-04-29,5,Good guidance from the team
F003532,C12848,2024-08-29,5,Good experience
F003533,C16708,2024-06-10,2,Program was difficult to follow
F003534,C18965,2026-09-19,3,Need more follow-up
F003535,C11170,2025-02-10,5,Good experience
F003536,C16869,2025-10-24,5,Very helpful program
F003537,C13677,2024-02-19,4,Good guidance from the team
F003538,C14820,2026-03-25,2,I missed some sessions
F003539,C14997,2024-10-09,5,Very satisfied
F003540,C05369,2024-12-25,5,Good experience
F003541,C18062,2025-12-07,3,Not fully satisfied
F003542,C11706,2024-12-27,1,Not fully satisfied
F003543,C17874,2025-04-29,4,I achieved my goal
F003544,C16977,2025-03-02,3,Could be better
F003545,C19703,2024-06-25,4,Very helpful program
F003546,C04231,2025-05-21,3,Expected better results
F003547,C10715,2025-08-25,1,Need more follow-up
F003548,C08655,2024-08-08,2,Expected better results
F003549,C11414,2026-09-06,5,Good experience
F003550,C03784,2026-02-19,4,I achieved my goal
F003551,C09064,2025-06-17,2,Could be better
F003552,C17077,2026-05-29,5,Very helpful program
F003553,C10604,2026-04-29,2,Could be better
F003554,C14179,2026-09-13,2,Not fully satisfied
F003555,C19615,2025-03-21,5,Good guidance from the team
F003556,C00974,2024-06-24,5,Good guidance from the team
F003557,C16213,2025-09-07,5,Good guidance from the team
F003558,C06457,2024-11-04,4,Good experience
F003559,C12539,2024-04-25,5,The coach was helpful
F003560,C03627,2025-04-27,3,I missed some sessions
F003561,C02629,2026-09-11,4,I achieved my goal
F003562,C18660,2024-06-28,5,Excellent support
F003563,C09352,2026-05-11,4,Very helpful program
F003564,C12765,2026-02-12,5,The coach was helpful
F003565,C10916,2025-09-21,5,I achieved my goal
F003566,C11038,2024-05-14,2,Need more follow-up
F003567,C09940,2024-05-03,5,Good experience
F003568,C11601,2024-08-13,5,Good experience
F003569,C19211,2025-03-27,1,Expected better results
F003570,C15782,2024-04-14,4,Excellent support
F003571,C05062,2026-04-06,5,I achieved my goal
F003572,C15302,2025-09-29,3,Need more follow-up
F003573,C13020,2025-04-29,2,Need more follow-up
F003574,C12358,2026-03-09,4,The coach was helpful
F003575,C13277,2024-10-01,5,I achieved my goal
F003576,C15407,2026-02-09,3,Expected better results
F003577,C09049,2024-09-13,5,The coach was helpful
F003578,C19308,2024-10-07,5,Good experience
F003579,C15931,2026-02-25,5,Excellent support
F003580,C08926,2026-06-09,4,I achieved my goal
F003581,C05990,2025-11-04,3,Could be better
F003582,C03084,2026-03-27,3,Need more follow-up
F003583,C13797,2024-05-30,5,I achieved my goal
F003584,C06804,2026-01-19,4,Good experience
F003585,C03073,2024-08-08,5,Very helpful program
F003586,C04122,2026-04-08,5,Good guidance from the team
F003587,C13059,2026-07-12,1,Expected better results
F003588,C05707,2026-09-11,4,Good guidance from the team
F003589,C14794,2026-02-28,3,Expected better results
F003590,C04085,2025-12-21,3,Program was difficult to follow
F003591,C02119,2026-02-15,5,Very helpful program
F003592,C17067,2025-12-14,4,Excellent support
F003593,C08704,2025-03-15,4,Good guidance from the team
F003594,C08132,2025-07-21,4,Very satisfied
F003595,C16313,2025-12-30,4,Excellent support
F003596,C04756,2026-05-06,5,I achieved my goal
F003597,C01616,2024-11-15,5,Very helpful program
F003598,C13899,2025-10-30,4,Excellent support
F003599,C18494,2025-06-14,5,Very helpful program
F003600,C03359,2024-11-15,5,The coach was helpful
F003601,C03843,2024-12-05,5,Excellent support
F003602,C13651,2026-02-23,4,Excellent support
F003603,C07327,2025-06-28,4,I achieved my goal
F003604,C13285,2026-10-20,4,Excellent support
F003605,C13334,2025-07-10,4,Good guidance from the team
F003606,C03981,2025-03-09,5,Very satisfied
F003607,C00010,2025-08-17,3,Need more follow-up
F003608,C10112,2026-01-18,3,Could be better
F003609,C19932,2025-09-14,1,Expected better results
F003610,C11224,2024-04-17,4,Very helpful program
F003611,C00781,2024-10-19,4,Very helpful program
F003612,C09858,2026-01-19,3,Program was difficult to follow
F003613,C12595,2025-03-14,3,I missed some sessions
F003614,C13619,2026-04-04,4,The coach was helpful
F003615,C04368,2025-12-27,2,Could be better
F003616,C19437,2025-08-25,5,Good guidance from the team
F003617,C14446,2025-05-03,3,Need more follow-up
F003618,C03198,2025-09-08,5,The coach was helpful
F003619,C12192,2024-07-05,5,Excellent support
F003620,C17378,2026-03-11,5,Good guidance from the team
F003621,C08942,2026-04-13,2,Program was difficult to follow
F003622,C13344,2025-04-11,4,Excellent support
F003623,C15759,2024-11-13,5,I achieved my goal
F003624,C03158,2025-02-10,5,Very satisfied
F003625,C19266,2025-03-09,4,Very helpful program
F003626,C02202,2025-12-01,5,Good experience
F003627,C07425,2024-03-16,3,Could be better
F003628,C18740,2025-02-13,5,Excellent support
F003629,C19055,2025-06-01,5,I achieved my goal
F003630,C04285,2024-07-14,4,Good guidance from the team
F003631,C16662,2024-08-02,5,Good guidance from the team
F003632,C17398,2024-03-23,3,I missed some sessions
F003633,C15374,2025-06-07,5,Very helpful program
F003634,C04315,2026-08-04,4,Excellent support
F003635,C07420,2026-08-27,3,Need more follow-up
F003636,C11291,2026-06-15,2,I missed some sessions
F003637,C04274,2024-09-06,5,I achieved my goal
F003638,C09507,2025-03-31,3,Expected better results
F003639,C09459,2024-11-03,3,Not fully satisfied
F003640,C11988,2026-05-10,4,I achieved my goal
F003641,C12461,2024-08-15,4,The coach was helpful
F003642,C05605,2026-08-13,2,Need more follow-up
F003643,C08899,2024-11-13,4,Excellent support
F003644,C15570,2024-11-11,3,Not fully satisfied
F003645,C19405,2025-01-12,2,Could be better
F003646,C00335,2024-06-11,5,Good experience
F003647,C04424,2025-11-20,5,Good experience
F003648,C13433,2025-07-08,3,Expected better results
F003649,C14835,2024-04-19,1,Need more follow-up
F003650,C19130,2024-12-30,5,Very helpful program
F003651,C04872,2025-11-16,5,Good guidance from the team
F003652,C15251,2024-04-28,2,I missed some sessions
F003653,C02044,2025-03-14,5,Good experience
F003654,C07416,2024-12-29,5,Very helpful program
F003655,C17759,2026-07-03,4,I achieved my goal
F003656,C05022,2025-12-26,5,Very satisfied
F003657,C06847,2025-11-04,5,The coach was helpful
F003658,C17007,2025-05-31,3,Need more follow-up
F003659,C16269,2026-08-22,4,Excellent support
F003660,C03707,2025-08-05,5,Very satisfied
F003661,C04711,2024-04-17,5,Good experience
F003662,C11105,2024-03-21,5,Excellent support
F003663,C19440,2025-12-24,4,Very satisfied
F003664,C15978,2025-08-03,1,I missed some sessions
F003665,C16098,2024-09-30,4,Good experience
F003666,C13294,2026-07-18,5,Good experience
F003667,C05453,2025-06-21,5,Excellent support
F003668,C08863,2024-06-24,3,Could be better
F003669,C17119,2026-07-11,4,Good experience
F003670,C17833,2024-11-02,4,Good guidance from the team
F003671,C01108,2024-08-02,5,Very helpful program
F003672,C08586,2027-02-15,4,The coach was helpful
F003673,C12458,2025-12-13,5,Good guidance from the team
F003674,C13008,2024-03-28,3,Need more follow-up
F003675,C06589,2025-11-17,3,Program was difficult to follow
F003676,C00803,2025-09-23,4,Good guidance from the team
F003677,C09505,2026-02-22,5,Good experience
F003678,C03283,2026-07-02,4,Very satisfied
F003679,C01475,2025-02-16,4,Excellent support
F003680,C03111,2025-10-24,4,Very helpful program
F003681,C06836,2024-06-05,3,Could be better
F003682,C10983,2025-05-01,3,Expected better results
F003683,C03270,2024-06-18,5,Very helpful program
F003684,C01349,2025-04-01,4,The coach was helpful
F003685,C01183,2024-12-02,5,The coach was helpful
F003686,C05602,2025-05-03,5,Very satisfied
F003687,C01050,2026-01-15,4,The coach was helpful
F003688,C08429,2026-06-21,5,Very helpful program
F003689,C16434,2026-03-02,4,The coach was helpful
F003690,C18477,2026-06-04,3,Not fully satisfied
F003691,C15293,2026-05-23,5,Very helpful program
F003692,C08174,2026-03-26,3,Need more follow-up
F003693,C16954,2026-02-03,4,Excellent support
F003694,C03104,2024-03-08,2,Could be better
F003695,C01721,2024-07-16,1,Need more follow-up
F003696,C11993,2025-09-09,4,Very helpful program
F003697,C19135,2025-10-02,3,Could be better
F003698,C09203,2024-07-10,4,The coach was helpful
F003699,C17435,2024-05-24,1,Program was difficult to follow
F003700,C19449,2024-09-21,3,Not fully satisfied
F003701,C14847,2026-01-08,5,I achieved my goal
F003702,C07731,2025-08-30,5,The coach was helpful
F003703,C10094,2024-12-06,1,Not fully satisfied
F003704,C07759,2025-08-11,5,Very helpful program
F003705,C00034,2026-04-28,1,Expected better results
F003706,C17225,2024-04-19,5,Excellent support
F003707,C17120,2025-01-10,5,Very helpful program
F003708,C11295,2024-10-07,5,The coach was helpful
F003709,C05895,2026-02-28,2,Could be better
F003710,C19876,2025-09-16,3,Program was difficult to follow
F003711,C06764,2025-02-14,4,Very helpful program
F003712,C10092,2024-11-19,5,Very helpful program
F003713,C09909,2026-07-04,4,I achieved my goal
F003714,C13606,2025-02-11,1,I missed some sessions
F003715,C04195,2025-06-10,2,Need more follow-up
F003716,C19077,2026-02-24,3,Could be better
F003717,C01635,2024-05-30,3,Program was difficult to follow
F003718,C09122,2026-02-03,5,Good experience
F003719,C06166,2025-05-11,3,Program was difficult to follow
F003720,C19480,2024-12-16,4,Very satisfied
F003721,C15016,2025-08-07,5,Good guidance from the team
F003722,C12137,2025-05-02,5,Very helpful program
F003723,C18337,2024-06-16,4,Excellent support
F003724,C12135,2024-09-10,3,Need more follow-up
F003725,C01637,2024-06-08,5,Good experience
F003726,C13392,2026-04-16,2,Not fully satisfied
F003727,C01190,2026-01-09,5,Excellent support
F003728,C07351,2025-09-13,4,Excellent support
F003729,C17084,2025-10-26,3,Not fully satisfied
F003730,C02676,2025-09-05,1,I missed some sessions
F003731,C07929,2026-05-18,1,Program was difficult to follow
F003732,C04659,2024-03-09,4,Very helpful program
F003733,C11729,2026-01-09,5,I achieved my goal
F003734,C19490,2024-10-28,5,Good experience
F003735,C18873,2025-09-30,3,Could be better
F003736,C11051,2026-06-20,3,Could be better
F003737,C07484,2026-08-04,3,Need more follow-up
F003738,C10267,2024-04-25,5,The coach was helpful
F003739,C13272,2024-04-09,5,Very helpful program
F003740,C14448,2024-12-03,3,I missed some sessions
F003741,C01194,2024-08-19,4,I achieved my goal
F003742,C08627,2025-04-10,1,I missed some sessions
F003743,C14074,2026-03-19,5,Good guidance from the team
F003744,C02879,2024-10-28,5,The coach was helpful
F003745,C04210,2024-08-22,5,Very satisfied
F003746,C14906,2024-10-02,5,Very satisfied
F003747,C14260,2026-01-29,5,Very helpful program
F003748,C10061,2025-08-03,2,Need more follow-up
F003749,C06077,2026-03-12,3,Not fully satisfied
F003750,C15107,2025-02-10,5,I achieved my goal
F003751,C00997,2026-07-23,3,Could be better
F003752,C03583,2026-04-08,4,I achieved my goal
F003753,C10435,2025-06-04,5,I achieved my goal
F003754,C17073,2024-11-24,3,I missed some sessions
F003755,C07626,2025-11-05,3,I missed some sessions
F003756,C15010,2024-12-10,4,Good experience
F003757,C18126,2025-08-19,4,Good guidance from the team
F003758,C01142,2025-08-19,4,The coach was helpful
F003759,C11840,2025-06-19,3,Program was difficult to follow
F003760,C14138,2026-12-28,5,Excellent support
F003761,C02652,2026-08-07,5,I achieved my goal
F003762,C00394,2025-01-29,3,Expected better results
F003763,C18641,2025-07-18,4,Good experience
F003764,C02197,2024-09-19,5,Good experience
F003765,C08241,2026-04-07,4,The coach was helpful
F003766,C03134,2024-11-02,3,Program was difficult to follow
F003767,C07849,2024-07-11,4,Very satisfied
F003768,C10109,2024-10-07,4,I achieved my goal
F003769,C12386,2024-09-06,5,I achieved my goal
F003770,C14609,2025-04-11,1,I missed some sessions
F003771,C15862,2024-06-09,4,Very satisfied
F003772,C12456,2025-06-29,5,Very satisfied
F003773,C04540,2025-06-21,1,Could be better
F003774,C10170,2024-05-10,4,Good experience
F003775,C15419,2025-08-11,5,Good experience
F003776,C06461,2026-11-20,3,Need more follow-up
F003777,C08932,2024-03-13,4,The coach was helpful
F003778,C08218,2024-05-20,4,Very helpful program
F003779,C19679,2024-11-12,4,Very helpful program
F003780,C10825,2025-01-23,3,Not fully satisfied
F003781,C02496,2026-04-16,3,Not fully satisfied
F003782,C02989,2024-12-31,4,The coach was helpful
F003783,C07404,2024-07-01,4,Good experience
F003784,C06625,2024-08-26,5,Very helpful program
F003785,C14362,2024-06-11,5,The coach was helpful
F003786,C11475,2026-07-07,4,The coach was helpful
F003787,C12392,2024-06-15,2,Could be better
F003788,C17842,2026-07-15,5,Good guidance from the team
F003789,C04990,2024-08-20,4,The coach was helpful
F003790,C15844,2025-03-09,5,Good guidance from the team
F003791,C10898,2024-06-15,4,Good guidance from the team
F003792,C00348,2026-04-26,1,Program was difficult to follow
F003793,C11261,2026-06-26,3,Could be better
F003794,C07210,2026-05-05,5,Very helpful program
F003795,C04473,2024-05-09,5,Good guidance from the team
F003796,C07512,2025-04-12,4,Excellent support
F003797,C06176,2026-02-23,4,Very satisfied
F003798,C00785,2025-06-09,5,Excellent support
F003799,C18592,2025-05-26,4,Very helpful program
F003800,C15101,2025-03-15,3,Need more follow-up
F003801,C18154,2026-01-19,5,I achieved my goal
F003802,C15967,2025-10-08,3,Not fully satisfied
F003803,C15900,2025-07-01,5,Excellent support
F003804,C01657,2024-09-29,4,Very satisfied
F003805,C01932,2025-04-21,4,Excellent support
F003806,C18421,2026-07-29,5,Good experience
F003807,C00716,2026-01-15,4,Very helpful program
F003808,C12375,2024-12-19,4,Good experience
F003809,C02352,2025-05-25,5,The coach was helpful
F003810,C09706,2025-08-24,4,Good guidance from the team
F003811,C18958,2024-09-17,4,The coach was helpful
F003812,C17932,2026-09-20,3,Need more follow-up
F003813,C07779,2024-12-10,3,Not fully satisfied
F003814,C03972,2024-05-02,5,The coach was helpful
F003815,C04230,2024-12-13,5,Very helpful program
F003816,C16545,2026-07-09,1,Need more follow-up
F003817,C04548,2025-07-27,3,Expected better results
F003818,C18722,2024-05-30,3,Need more follow-up
F003819,C19373,2026-08-13,5,Excellent support
F003820,C10099,2024-10-10,4,Very helpful program
F003821,C06018,2025-07-13,5,Excellent support
F003822,C16572,2024-07-17,4,Very satisfied
F003823,C02268,2026-03-10,4,Very helpful program
F003824,C19366,2024-06-04,4,I achieved my goal
F003825,C07906,2024-11-13,5,Excellent support
F003826,C16182,2024-09-08,3,I missed some sessions
F003827,C15056,2024-08-05,5,Excellent support
F003828,C19361,2026-09-16,4,Very helpful program
F003829,C19814,2026-05-16,2,Need more follow-up
F003830,C18246,2025-01-24,3,Could be better
F003831,C14012,2024-08-30,5,Very satisfied
F003832,C12295,2024-06-08,4,Very satisfied
F003833,C08276,2025-09-23,2,I missed some sessions
F003834,C15814,2025-08-10,2,Program was difficult to follow
F003835,C19731,2025-12-31,5,Excellent support
F003836,C02565,2025-06-10,3,Need more follow-up
F003837,C01318,2026-05-15,4,I achieved my goal
F003838,C12761,2025-07-05,3,Could be better
F003839,C05380,2025-10-21,4,The coach was helpful
F003840,C14463,2025-02-26,4,I achieved my goal
F003841,C15812,2026-07-16,3,I missed some sessions
F003842,C16458,2024-09-22,4,Excellent support
F003843,C15843,2025-08-22,4,Good experience
F003844,C17561,2025-04-25,5,Very helpful program
F003845,C01036,2026-04-19,4,Very helpful program
F003846,C08187,2025-07-04,4,Excellent support
F003847,C16771,2026-05-23,5,Very satisfied
F003848,C07181,2025-05-08,5,The coach was helpful
F003849,C03916,2025-10-17,4,Good guidance from the team
F003850,C16355,2025-09-04,5,Very satisfied
F003851,C10004,2025-01-20,5,Very helpful program
F003852,C13505,2025-06-12,5,Good guidance from the team
F003853,C03046,2026-06-06,5,Good guidance from the team
F003854,C10993,2024-08-11,5,Very helpful program
F003855,C19249,2025-08-13,4,I achieved my goal
F003856,C10793,2025-07-18,4,I achieved my goal
F003857,C03039,2025-10-18,2,Not fully satisfied
F003858,C03716,2026-09-14,5,Very helpful program
F003859,C14171,2024-10-22,5,I achieved my goal
F003860,C05403,2025-11-18,4,Very helpful program
F003861,C15134,2024-05-17,5,Very helpful program
F003862,C05466,2025-08-23,5,Very helpful program
F003863,C03353,2026-10-20,3,Could be better
F003864,C00589,2025-04-18,5,The coach was helpful
F003865,C13482,2024-05-11,4,Very helpful program
F003866,C12983,2024-12-22,3,Expected better results
F003867,C00129,2026-02-15,3,Need more follow-up
F003868,C04388,2025-07-03,2,I missed some sessions
F003869,C00096,2026-08-30,5,Good guidance from the team
F003870,C09216,2024-07-19,2,Program was difficult to follow
F003871,C17474,2026-09-23,3,Could be better
F003872,C17576,2024-09-03,4,I achieved my goal
F003873,C06494,2025-12-01,3,I missed some sessions
F003874,C05349,2026-03-01,4,I achieved my goal
F003875,C00040,2025-12-29,5,Good guidance from the team
F003876,C10846,2025-08-13,3,I missed some sessions
F003877,C05793,2025-04-04,4,I achieved my goal
F003878,C13843,2025-02-10,5,The coach was helpful
F003879,C09648,2026-09-06,4,Excellent support
F003880,C13335,2026-08-23,5,Very satisfied
F003881,C03240,2026-02-26,4,Very helpful program
F003882,C09083,2026-02-03,5,Very satisfied
F003883,C13179,2025-04-28,3,Need more follow-up
F003884,C06417,2025-04-05,4,The coach was helpful
F003885,C01639,2025-09-16,4,The coach was helpful
F003886,C14240,2026-05-03,2,Not fully satisfied
F003887,C15880,2025-05-22,4,The coach was helpful
F003888,C04127,2025-04-21,5,The coach was helpful
F003889,C03862,2024-07-31,5,I achieved my goal
F003890,C19873,2024-11-09,1,Expected better results
F003891,C15677,2025-06-08,2,Need more follow-up
F003892,C08549,2025-07-01,5,Good experience
F003893,C05451,2025-07-07,3,Could be better
F003894,C02671,2027-01-16,5,The coach was helpful
F003895,C00402,2024-09-04,1,Program was difficult to follow
F003896,C06021,2025-05-30,5,Very helpful program
F003897,C14863,2025-09-26,4,Good experience
F003898,C07311,2025-07-27,5,Very helpful program
F003899,C18346,2025-03-11,5,Excellent support
F003900,C05962,2024-08-29,2,Not fully satisfied
F003901,C19641,2025-06-13,4,Good experience
F003902,C08937,2026-01-20,2,Could be better
F003903,C02235,2025-02-27,5,Very helpful program
F003904,C11841,2024-08-16,2,Expected better results
F003905,C14055,2026-09-14,5,The coach was helpful
F003906,C10736,2026-06-28,3,Program was difficult to follow
F003907,C10998,2026-09-22,5,Good guidance from the team
F003908,C01172,2026-07-16,1,Expected better results
F003909,C00728,2025-01-12,4,The coach was helpful
F003910,C17448,2024-11-29,4,Excellent support
F003911,C05829,2024-12-30,5,I achieved my goal
F003912,C12793,2026-04-08,3,Program was difficult to follow
F003913,C10874,2024-03-12,2,I missed some sessions
F003914,C05119,2024-06-13,4,Good guidance from the team
F003915,C08358,2025-10-27,3,Expected better results
F003916,C08720,2026-07-28,5,Very satisfied
F003917,C05981,2026-04-30,5,I achieved my goal
F003918,C14345,2024-08-02,5,Good experience
F003919,C01039,2024-11-22,3,Not fully satisfied
F003920,C18239,2026-12-14,3,I missed some sessions
F003921,C10749,2026-11-13,4,I achieved my goal
F003922,C17684,2025-10-31,2,Could be better
F003923,C03712,2024-12-29,3,Not fully satisfied
F003924,C19667,2024-09-13,4,Good experience
F003925,C07612,2024-03-01,3,Program was difficult to follow
F003926,C05068,2024-08-04,3,Expected better results
F003927,C01990,2024-03-23,3,Not fully satisfied
F003928,C13024,2026-05-28,3,I missed some sessions
F003929,C18781,2024-11-13,4,The coach was helpful
F003930,C00098,2026-02-09,2,Program was difficult to follow
F003931,C00742,2026-05-27,5,Good guidance from the team
F003932,C07235,2025-08-17,5,Very helpful program
F003933,C01655,2024-06-16,5,Very satisfied
F003934,C00876,2024-07-19,2,Not fully satisfied
F003935,C12796,2026-03-02,5,Excellent support
F003936,C13123,2024-07-01,5,Very satisfied
F003937,C01024,2025-08-16,4,Good experience
F003938,C00692,2024-06-27,4,Excellent support
F003939,C01931,2026-02-28,5,Good experience
F003940,C00695,2025-11-05,4,Good experience
F003941,C02444,2026-08-16,5,Good experience
F003942,C09292,2026-04-08,5,Good guidance from the team
F003943,C04675,2025-09-22,4,I achieved my goal
F003944,C10237,2024-12-03,4,Very helpful program
F003945,C01893,2025-01-21,5,I achieved my goal
F003946,C11943,2026-01-06,5,Very helpful program
F003947,C17821,2025-02-18,5,Excellent support
F003948,C19299,2026-03-09,3,Not fully satisfied
F003949,C08278,2025-09-02,3,Program was difficult to follow
F003950,C12267,2026-01-02,4,I achieved my goal
F003951,C06222,2025-01-14,4,Good guidance from the team
F003952,C17542,2025-06-05,4,Excellent support
F003953,C12818,2025-09-03,2,Need more follow-up
F003954,C14667,2026-06-27,5,Very helpful program
F003955,C10517,2024-11-25,4,I achieved my goal
F003956,C11800,2026-03-17,5,Very helpful program
F003957,C06645,2026-04-02,4,Excellent support
F003958,C03869,2025-11-13,4,Good experience
F003959,C11398,2025-01-10,5,Good guidance from the team
F003960,C04858,2024-09-07,2,Need more follow-up
F003961,C08044,2025-07-30,3,Need more follow-up
F003962,C12939,2024-05-18,5,The coach was helpful
F003963,C05882,2026-09-10,1,Program was difficult to follow
F003964,C14704,2025-01-08,5,Very satisfied
F003965,C04580,2024-06-28,3,Not fully satisfied
F003966,C13631,2026-05-15,4,I achieved my goal
F003967,C10054,2025-10-27,5,The coach was helpful
F003968,C03616,2025-03-12,5,Good experience
F003969,C10338,2024-06-17,3,Expected better results
F003970,C04712,2024-07-22,3,Not fully satisfied
F003971,C05471,2025-02-01,5,Very satisfied
F003972,C08558,2026-03-05,5,The coach was helpful
F003973,C05641,2025-06-24,5,Excellent support
F003974,C07821,2026-05-22,3,Not fully satisfied
F003975,C17715,2026-10-18,4,The coach was helpful
F003976,C10717,2025-03-28,2,Not fully satisfied
F003977,C10484,2024-08-28,5,Good guidance from the team
F003978,C05611,2026-03-11,4,The coach was helpful
F003979,C05217,2024-06-04,5,The coach was helpful
F003980,C15326,2024-08-08,4,Good guidance from the team
F003981,C10633,2026-03-23,4,Good guidance from the team
F003982,C14250,2025-07-13,5,The coach was helpful
F003983,C01313,2025-06-18,4,I achieved my goal
F003984,C07625,2024-09-24,4,Very satisfied
F003985,C18695,2025-12-15,2,Expected better results
F003986,C18406,2026-10-10,4,Good experience
F003987,C18694,2024-11-20,3,I missed some sessions
F003988,C13819,2026-07-18,4,Very helpful program
F003989,C14741,2025-06-24,5,Very helpful program
F003990,C02818,2025-10-03,5,The coach was helpful
F003991,C11178,2025-02-07,3,Could be better
F003992,C18033,2026-03-10,4,Very satisfied
F003993,C19820,2026-08-04,3,Program was difficult to follow
F003994,C19131,2025-08-30,3,Expected better results
F003995,C04070,2025-05-09,1,I missed some sessions
F003996,C06569,2026-07-27,3,Program was difficult to follow
F003997,C09195,2024-09-25,2,Could be better
F003998,C01664,2024-03-01,5,Very satisfied
F003999,C09053,2025-01-19,5,Very satisfied
F004000,C04055,2026-06-13,4,Very satisfied
F004001,C01441,2024-03-07,5,The coach was helpful
F004002,C11404,2026-01-13,4,The coach was helpful
F004003,C05996,2025-06-15,5,I achieved my goal
F004004,C10175,2026-04-02,4,Very satisfied
F004005,C10851,2026-01-03,2,Need more follow-up
F004006,C02073,2025-08-10,5,Good guidance from the team
F004007,C05866,2026-02-22,5,The coach was helpful
F004008,C07923,2024-12-14,4,Excellent support
F004009,C08894,2025-01-22,5,Very satisfied
F004010,C08753,2024-05-27,4,Good guidance from the team
F004011,C13073,2026-08-08,2,Could be better
F004012,C07847,2026-02-01,5,Very satisfied
F004013,C19522,2025-04-12,5,Good guidance from the team
F004014,C03578,2025-10-17,4,The coach was helpful
F004015,C14544,2025-12-24,3,Program was difficult to follow
F004016,C01926,2026-03-28,3,Expected better results
F004017,C07249,2026-05-29,5,I achieved my goal
F004018,C10932,2025-12-22,5,Very helpful program
F004019,C04112,2025-06-06,5,Very helpful program
F004020,C09114,2026-05-07,5,I achieved my goal
F004021,C07444,2026-05-24,5,Good guidance from the team
F004022,C14245,2026-09-05,5,Excellent support
F004023,C13587,2024-04-29,3,I missed some sessions
F004024,C05408,2026-09-02,3,Could be better
F004025,C17003,2025-10-29,3,Not fully satisfied
F004026,C07737,2026-05-06,3,Expected better results
F004027,C07269,2024-05-31,5,Very helpful program
F004028,C01518,2026-01-30,5,The coach was helpful
F004029,C17343,2025-11-05,2,Need more follow-up
F004030,C09780,2024-08-13,4,Very satisfied
F004031,C06097,2026-05-25,2,Need more follow-up
F004032,C03559,2024-12-13,5,The coach was helpful
F004033,C10392,2025-10-13,5,Very satisfied
F004034,C02084,2025-11-19,3,Program was difficult to follow
F004035,C09913,2026-03-06,5,Very helpful program
F004036,C09115,2025-12-01,3,Need more follow-up
F004037,C15778,2024-11-10,5,Very satisfied
F004038,C06676,2025-01-19,5,I achieved my goal
F004039,C15114,2025-12-27,5,I achieved my goal
F004040,C18588,2026-02-06,3,Expected better results
F004041,C17031,2025-11-22,4,Very helpful program
F004042,C03322,2026-04-02,5,Very helpful program
F004043,C04886,2024-11-03,5,Excellent support
F004044,C19597,2024-08-19,5,Very satisfied
F004045,C02459,2026-10-12,4,Very helpful program
F004046,C13159,2026-01-25,5,The coach was helpful
F004047,C13383,2025-02-08,4,Excellent support
F004048,C08682,2024-02-24,4,Very satisfied
F004049,C17270,2026-01-27,5,Good experience
F004050,C16291,2025-09-26,5,Excellent support
F004051,C08136,2025-02-19,3,Not fully satisfied
F004052,C07815,2026-02-09,5,The coach was helpful
F004053,C00142,2025-02-02,2,Not fully satisfied
F004054,C13681,2024-10-30,4,I achieved my goal
F004055,C03962,2026-06-17,2,Expected better results
F004056,C17590,2025-04-27,5,Very helpful program
F004057,C11282,2026-02-22,1,I missed some sessions
F004058,C13713,2025-10-07,5,Good experience
F004059,C00537,2025-01-16,3,Need more follow-up
F004060,C07309,2025-12-24,4,Very satisfied
F004061,C06038,2025-06-05,3,Expected better results
F004062,C14091,2026-06-27,4,I achieved my goal
F004063,C02236,2024-07-21,4,Good experience
F004064,C18016,2025-01-05,3,Need more follow-up
F004065,C10272,2025-11-18,3,Program was difficult to follow
F004066,C01175,2025-01-05,4,The coach was helpful
F004067,C07799,2026-04-08,5,Very helpful program
F004068,C08338,2026-05-20,4,I achieved my goal
F004069,C14399,2025-01-23,2,Not fully satisfied
F004070,C02082,2024-06-06,4,Very helpful program
F004071,C19900,2024-10-18,3,Not fully satisfied
F004072,C09712,2025-09-28,4,Good experience
F004073,C09978,2025-07-23,1,Not fully satisfied
F004074,C04186,2025-12-08,3,Need more follow-up
F004075,C02003,2026-04-08,5,I achieved my goal
F004076,C14155,2025-05-30,2,I missed some sessions
F004077,C04010,2024-11-22,5,Good guidance from the team
F004078,C03201,2025-11-22,5,I achieved my goal
F004079,C14970,2024-08-24,3,I missed some sessions
F004080,C18752,2024-06-03,4,Good experience
F004081,C16326,2025-07-21,2,Program was difficult to follow
F004082,C09768,2025-07-31,2,I missed some sessions
F004083,C03537,2025-01-24,3,I missed some sessions
F004084,C16956,2024-08-15,3,I missed some sessions
F004085,C15554,2026-06-13,5,The coach was helpful
F004086,C06207,2024-05-14,4,Very helpful program
F004087,C19219,2026-02-02,2,Need more follow-up
F004088,C01113,2024-04-03,4,Good guidance from the team
F004089,C04753,2026-07-16,4,Good experience
F004090,C10495,2026-07-22,5,I achieved my goal
F004091,C01106,2026-07-07,5,Excellent support
F004092,C01634,2024-03-24,4,I achieved my goal
F004093,C01312,2025-12-01,3,Could be better
F004094,C00812,2024-09-05,5,Very helpful program
F004095,C05810,2024-04-29,4,Very helpful program
F004096,C19068,2024-11-21,4,Good guidance from the team
F004097,C03581,2025-02-02,3,Program was difficult to follow
F004098,C17438,2025-09-25,4,Good guidance from the team
F004099,C14248,2026-06-08,4,Very satisfied
F004100,C05718,2025-12-12,5,Very satisfied
F004101,C06185,2025-05-30,4,Very helpful program
F004102,C10184,2025-04-09,4,Very helpful program
F004103,C13218,2026-08-20,5,Good guidance from the team
F004104,C13286,2026-04-25,5,Good guidance from the team
F004105,C16340,2024-03-22,4,Excellent support
F004106,C09719,2026-02-07,2,Need more follow-up
F004107,C01008,2026-07-10,3,Expected better results
F004108,C01527,2025-06-02,3,Need more follow-up
F004109,C16003,2025-11-05,5,Good guidance from the team
F004110,C01525,2024-05-24,5,Very helpful program
F004111,C03679,2025-03-17,4,I achieved my goal
F004112,C04525,2025-06-20,5,Excellent support
F004113,C17371,2024-11-11,4,Very satisfied
F004114,C03169,2024-08-30,3,Expected better results
F004115,C06319,2026-09-22,4,Very helpful program
F004116,C07948,2024-04-15,3,Expected better results
F004117,C00722,2024-05-25,5,Good experience
F004118,C07283,2026-12-06,5,Excellent support
F004119,C05316,2024-07-27,3,I missed some sessions
F004120,C06198,2026-03-05,5,Good experience
F004121,C07160,2025-06-12,1,Expected better results
F004122,C18232,2025-03-03,5,Good experience
F004123,C01426,2024-11-07,5,Very helpful program
F004124,C00020,2024-12-23,1,Program was difficult to follow
F004125,C08155,2026-06-26,2,I missed some sessions
F004126,C06607,2025-08-11,4,The coach was helpful
F004127,C11614,2025-01-27,4,I achieved my goal
F004128,C09123,2024-04-25,4,Good guidance from the team
F004129,C15890,2026-05-10,5,Very helpful program
F004130,C10782,2024-08-08,3,Program was difficult to follow
F004131,C05719,2025-06-30,4,Very satisfied
F004132,C16312,2024-10-24,2,Expected better results
F004133,C11087,2025-04-18,5,Very satisfied
F004134,C16314,2025-06-10,5,Good guidance from the team
F004135,C07910,2025-01-01,3,Need more follow-up
F004136,C11773,2025-07-19,5,The coach was helpful
F004137,C16986,2025-08-31,3,I missed some sessions
F004138,C14543,2025-10-24,4,Excellent support
F004139,C03641,2026-01-11,4,I achieved my goal
F004140,C12075,2025-01-15,5,Excellent support
F004141,C19773,2025-10-24,5,Very helpful program
F004142,C18751,2026-02-11,4,Good guidance from the team
F004143,C01923,2024-09-03,5,I achieved my goal
F004144,C03880,2024-10-02,5,Very satisfied
F004145,C13692,2026-04-21,2,Not fully satisfied
F004146,C06395,2025-09-22,3,Need more follow-up
F004147,C05393,2026-04-14,3,Program was difficult to follow
F004148,C18102,2025-09-03,5,I achieved my goal
F004149,C18707,2026-01-16,5,Very satisfied
F004150,C17194,2025-03-25,5,The coach was helpful
F004151,C02709,2024-09-17,5,I achieved my goal
F004152,C17816,2026-09-22,5,Good guidance from the team
F004153,C15441,2025-05-25,5,Very helpful program
F004154,C19973,2025-05-31,3,Program was difficult to follow
F004155,C07014,2025-08-24,4,Excellent support
F004156,C02333,2024-11-24,4,I achieved my goal
F004157,C19688,2026-07-30,4,The coach was helpful
F004158,C19880,2025-10-07,5,Excellent support
F004159,C06288,2025-01-11,2,Could be better
F004160,C10802,2026-03-26,5,I achieved my goal
F004161,C03650,2025-01-20,3,Expected better results
F004162,C09318,2024-09-23,3,Expected better results
F004163,C17080,2025-01-11,4,Very satisfied
F004164,C06056,2025-08-22,4,Good guidance from the team
F004165,C12032,2026-08-02,3,Need more follow-up
F004166,C11481,2025-06-07,5,Good guidance from the team
F004167,C15893,2025-07-22,4,Good experience
F004168,C16278,2024-12-22,4,Good guidance from the team
F004169,C13563,2024-10-20,4,Excellent support
F004170,C09802,2025-01-01,2,Need more follow-up
F004171,C03183,2024-07-08,1,Could be better
F004172,C01311,2025-04-21,4,Excellent support
F004173,C14840,2025-05-13,5,Very satisfied
F004174,C08561,2024-11-09,5,The coach was helpful
F004175,C04264,2025-09-07,3,Need more follow-up
F004176,C12949,2025-04-26,5,Good guidance from the team
F004177,C16192,2026-02-06,4,Very satisfied
F004178,C13714,2025-08-15,4,I achieved my goal
F004179,C15970,2024-03-18,3,Program was difficult to follow
F004180,C14148,2025-10-07,5,I achieved my goal
F004181,C03915,2025-06-04,1,Not fully satisfied
F004182,C09771,2024-07-02,4,Very satisfied
F004183,C00772,2025-06-25,5,Good experience
F004184,C09319,2024-11-25,3,Need more follow-up
F004185,C18647,2026-07-11,5,Good experience
F004186,C11668,2026-03-06,3,Could be better
F004187,C09985,2024-06-19,3,Need more follow-up
F004188,C06523,2025-10-04,4,Very satisfied
F004189,C16005,2024-12-05,4,I achieved my goal
F004190,C15807,2025-06-18,4,Very helpful program
F004191,C09024,2025-03-29,5,Excellent support
F004192,C13926,2025-08-09,4,Excellent support
F004193,C18151,2026-02-07,4,Very satisfied
F004194,C02861,2026-10-27,3,Expected better results
F004195,C04786,2025-08-24,2,Program was difficult to follow
F004196,C11712,2024-07-18,4,The coach was helpful
F004197,C04152,2025-09-26,5,Excellent support
F004198,C11325,2024-05-21,1,Expected better results
F004199,C13658,2024-12-29,5,Very helpful program
F004200,C04750,2025-11-05,5,Very helpful program
F004201,C19259,2025-11-21,4,Very satisfied
F004202,C00187,2024-05-21,4,Very satisfied
F004203,C04140,2025-11-02,4,I achieved my goal
F004204,C06867,2026-05-29,3,I missed some sessions
F004205,C19821,2025-12-09,5,I achieved my goal
F004206,C07921,2025-01-14,4,Very satisfied
F004207,C02991,2026-09-13,4,Good experience
F004208,C19374,2025-09-04,5,The coach was helpful
F004209,C15944,2026-04-15,4,The coach was helpful
F004210,C01438,2026-02-17,3,Expected better results
F004211,C17603,2024-12-11,4,Good guidance from the team
F004212,C11176,2025-05-21,5,The coach was helpful
F004213,C15813,2026-04-16,3,Expected better results
F004214,C18166,2025-09-19,2,Program was difficult to follow
F004215,C10641,2026-08-07,4,Good experience
F004216,C07844,2026-08-11,3,Program was difficult to follow
F004217,C04111,2024-03-25,4,Good experience
F004218,C18824,2024-03-04,2,Program was difficult to follow
F004219,C06947,2025-05-11,5,Very satisfied
F004220,C11199,2024-10-17,1,Need more follow-up
F004221,C05804,2025-10-08,5,Good experience
F004222,C14781,2025-07-01,4,Good experience
F004223,C17086,2026-08-06,3,Program was difficult to follow
F004224,C04853,2025-09-27,5,Good experience
F004225,C13256,2025-01-21,4,I achieved my goal
F004226,C05203,2026-06-28,3,Expected better results
F004227,C14154,2025-12-11,5,Excellent support
F004228,C18776,2026-04-20,5,Very satisfied
F004229,C02424,2024-07-19,4,Good guidance from the team
F004230,C17005,2025-12-23,2,Program was difficult to follow
F004231,C00500,2025-10-09,4,Excellent support
F004232,C10664,2024-10-29,3,Program was difficult to follow
F004233,C15096,2025-01-03,2,Need more follow-up
F004234,C06551,2026-05-29,4,Good experience
F004235,C03850,2025-07-05,1,Could be better
F004236,C04833,2026-02-14,1,I missed some sessions
F004237,C10540,2024-04-17,5,Excellent support
F004238,C18826,2024-04-04,3,Need more follow-up
F004239,C10072,2025-10-10,3,Could be better
F004240,C06069,2026-04-06,4,Good guidance from the team
F004241,C03245,2026-07-14,5,I achieved my goal
F004242,C13149,2024-06-28,2,I missed some sessions
F004243,C17103,2026-04-01,4,Good guidance from the team
F004244,C10084,2025-09-13,5,Excellent support
F004245,C11964,2025-01-09,4,Good guidance from the team
F004246,C00662,2025-09-27,5,Very satisfied
F004247,C19604,2024-10-05,3,Program was difficult to follow
F004248,C14360,2026-06-24,5,The coach was helpful
F004249,C12783,2025-05-09,5,Excellent support
F004250,C12968,2025-09-30,5,Excellent support
F004251,C16765,2026-09-03,4,Good experience
F004252,C12476,2026-01-04,4,Excellent support
F004253,C12787,2025-12-03,5,The coach was helpful
F004254,C02495,2027-03-09,5,Very helpful program
F004255,C14691,2024-09-10,4,Very helpful program
F004256,C03888,2026-07-05,4,The coach was helpful
F004257,C11046,2025-05-30,4,Good guidance from the team
F004258,C16398,2025-01-06,5,Very helpful program
F004259,C08114,2024-11-30,3,Could be better
F004260,C19280,2024-06-05,5,Good guidance from the team
F004261,C13486,2026-05-25,2,Expected better results
F004262,C13912,2026-03-08,5,Good experience
F004263,C05726,2025-11-15,4,Good experience
F004264,C00739,2024-04-29,3,Not fully satisfied
F004265,C09434,2025-06-18,5,Good guidance from the team
F004266,C17673,2025-02-02,4,Good experience
F004267,C03563,2026-11-27,3,Need more follow-up
F004268,C15021,2025-08-18,3,Program was difficult to follow
F004269,C01728,2026-01-08,3,Program was difficult to follow
F004270,C10251,2024-06-27,4,Very satisfied
F004271,C15619,2025-10-08,3,Need more follow-up
F004272,C05927,2025-12-17,5,Excellent support
F004273,C03772,2025-05-08,5,Good guidance from the team
F004274,C09610,2024-04-19,3,Could be better
F004275,C19842,2024-11-12,5,I achieved my goal
F004276,C12048,2025-04-27,5,Excellent support
F004277,C17532,2026-01-08,5,Very helpful program
F004278,C17154,2024-09-29,1,Program was difficult to follow
F004279,C05302,2025-10-29,5,I achieved my goal
F004280,C03823,2024-05-07,1,Could be better
F004281,C07546,2025-04-20,4,Very satisfied
F004282,C19282,2025-01-06,5,Very helpful program
F004283,C01935,2025-05-08,4,Very helpful program
F004284,C00220,2024-03-29,4,Very satisfied
F004285,C03519,2024-12-16,5,Very satisfied
F004286,C08955,2025-04-07,5,Excellent support
F004287,C18977,2026-03-01,2,Program was difficult to follow
F004288,C15879,2026-01-25,4,Good guidance from the team
F004289,C16067,2026-04-08,2,Expected better results
F004290,C15519,2025-08-19,5,Good guidance from the team
F004291,C13467,2025-07-27,2,I missed some sessions
F004292,C08785,2025-07-27,2,Could be better
F004293,C01553,2024-07-31,2,I missed some sessions
F004294,C04920,2025-11-02,5,Excellent support
F004295,C02882,2024-03-12,5,Excellent support
F004296,C02030,2024-03-29,4,Very helpful program
F004297,C03636,2025-06-11,4,I achieved my goal
F004298,C13785,2025-07-04,5,Good guidance from the team
F004299,C03954,2026-05-26,4,Very satisfied
F004300,C17911,2026-07-08,5,Good experience
F004301,C05823,2025-11-25,5,The coach was helpful
F004302,C15758,2024-08-13,4,Good guidance from the team
F004303,C02949,2025-06-29,5,Very helpful program
F004304,C05686,2026-07-08,3,Not fully satisfied
F004305,C01289,2026-01-30,5,The coach was helpful
F004306,C01792,2025-02-03,2,Not fully satisfied
F004307,C09708,2026-03-28,3,Not fully satisfied
F004308,C09715,2024-04-14,3,Program was difficult to follow
F004309,C04172,2025-02-22,5,I achieved my goal
F004310,C04206,2027-01-05,5,Good guidance from the team
F004311,C17613,2026-03-13,5,Very helpful program
F004312,C19712,2025-08-23,5,Good guidance from the team
F004313,C17212,2026-04-06,4,Very helpful program
F004314,C09379,2025-02-06,3,Not fully satisfied
F004315,C17303,2025-03-16,3,I missed some sessions
F004316,C09048,2024-07-29,5,Very helpful program
F004317,C17676,2025-08-03,2,Need more follow-up
F004318,C00393,2026-01-18,4,The coach was helpful
F004319,C06812,2024-06-09,3,Not fully satisfied
F004320,C14594,2025-06-19,5,Excellent support
F004321,C11814,2024-02-19,5,Good guidance from the team
F004322,C10443,2026-07-01,5,Excellent support
F004323,C06994,2025-07-24,4,I achieved my goal
F004324,C01467,2026-07-19,5,Excellent support
F004325,C13235,2025-02-08,4,Excellent support
F004326,C19278,2024-10-11,4,I achieved my goal
F004327,C01509,2026-09-21,5,Good guidance from the team
F004328,C03467,2024-07-13,1,Not fully satisfied
F004329,C14722,2024-11-28,4,Excellent support
F004330,C12614,2024-03-16,4,Good experience
F004331,C10761,2025-09-30,4,Good experience
F004332,C16966,2027-03-11,3,Need more follow-up
F004333,C12522,2025-06-14,4,The coach was helpful
F004334,C14595,2026-01-19,4,Very satisfied
F004335,C10470,2025-04-04,2,Not fully satisfied
F004336,C15827,2025-07-30,4,I achieved my goal
F004337,C01822,2025-08-09,4,Very helpful program
F004338,C14004,2024-03-24,4,Very helpful program
F004339,C07135,2025-04-12,4,Very helpful program
F004340,C17376,2025-02-28,5,Excellent support
F004341,C07307,2025-03-08,5,Very helpful program
F004342,C17069,2024-12-31,5,The coach was helpful
F004343,C18110,2025-01-08,5,Very helpful program
F004344,C10395,2026-04-20,4,Very helpful program
F004345,C02430,2025-06-04,4,Excellent support
F004346,C06846,2025-05-09,2,Expected better results
F004347,C04200,2025-10-18,5,I achieved my goal
F004348,C18068,2024-10-12,4,The coach was helpful
F004349,C15262,2025-02-05,4,Good experience
F004350,C15469,2025-04-28,4,Very helpful program
F004351,C10741,2024-08-30,1,I missed some sessions
F004352,C14069,2024-04-10,3,Not fully satisfied
F004353,C17871,2024-11-21,4,Excellent support
F004354,C11314,2025-10-14,5,Very satisfied
F004355,C19627,2026-04-30,4,Very helpful program
F004356,C08864,2025-02-22,2,Could be better
F004357,C01886,2026-08-08,5,I achieved my goal
F004358,C10775,2025-01-20,5,Very satisfied
F004359,C14193,2024-11-01,5,Excellent support
F004360,C07940,2026-03-18,4,I achieved my goal
F004361,C12333,2025-03-01,5,The coach was helpful
F004362,C08985,2025-07-26,5,Good experience
F004363,C17722,2025-12-03,4,Good guidance from the team
F004364,C16020,2026-09-12,4,The coach was helpful
F004365,C15958,2025-11-02,5,Good guidance from the team
F004366,C11724,2026-01-31,4,Very satisfied
F004367,C02475,2026-03-01,5,Good experience
F004368,C05048,2025-04-24,2,Not fully satisfied
F004369,C10615,2025-07-11,3,I missed some sessions
F004370,C01035,2026-08-02,5,Excellent support
F004371,C01490,2025-10-04,4,Good experience
F004372,C08944,2025-12-19,2,Expected better results
F004373,C14217,2025-08-22,3,Could be better
F004374,C18084,2024-08-30,4,The coach was helpful
F004375,C13872,2024-07-18,4,Very satisfied
F004376,C18377,2025-02-19,3,Expected better results
F004377,C14778,2025-09-25,4,Good experience
F004378,C09368,2025-07-25,5,Very helpful program
F004379,C16699,2026-05-22,4,Excellent support
F004380,C10628,2025-08-12,5,Very helpful program
F004381,C08481,2026-07-25,2,Expected better results
F004382,C03605,2025-07-24,5,I achieved my goal
F004383,C14269,2024-11-29,3,I missed some sessions
F004384,C04451,2025-12-10,5,Very helpful program
F004385,C16940,2024-06-05,5,Good guidance from the team
F004386,C19648,2024-08-09,2,Need more follow-up
F004387,C11837,2025-09-25,4,I achieved my goal
F004388,C16085,2026-03-31,4,Good experience
F004389,C14219,2025-01-05,2,I missed some sessions
F004390,C18822,2025-10-04,5,Good experience
F004391,C03278,2024-04-28,5,Good guidance from the team
F004392,C10111,2026-01-03,3,Program was difficult to follow
F004393,C16962,2025-09-21,2,Need more follow-up
F004394,C00189,2025-04-16,4,The coach was helpful
F004395,C00118,2026-05-07,3,I missed some sessions
F004396,C01454,2024-12-04,4,The coach was helpful
F004397,C00823,2024-08-01,2,Expected better results
F004398,C13965,2024-10-26,5,Good experience
F004399,C13801,2024-03-20,5,Good guidance from the team
F004400,C05258,2024-08-03,4,Excellent support
F004401,C19504,2025-07-05,3,I missed some sessions
F004402,C16671,2026-01-19,3,Could be better
F004403,C08688,2025-05-12,4,Excellent support
F004404,C09171,2026-11-09,5,Good guidance from the team
F004405,C11418,2025-07-21,5,Very helpful program
F004406,C13040,2024-12-22,1,Need more follow-up
F004407,C12869,2024-10-24,3,Not fully satisfied
F004408,C06885,2025-10-23,4,Excellent support
F004409,C13031,2024-08-30,3,Could be better
F004410,C16272,2026-01-03,3,Not fully satisfied
F004411,C14682,2025-10-15,1,I missed some sessions
F004412,C06050,2025-12-09,2,Expected better results
F004413,C03592,2026-08-17,4,Good experience
F004414,C05609,2025-11-18,4,I achieved my goal
F004415,C13038,2026-04-22,3,I missed some sessions
F004416,C17859,2026-03-03,2,Could be better
F004417,C15100,2026-06-07,4,Very helpful program
F004418,C01205,2026-03-31,3,Not fully satisfied
F004419,C08413,2026-10-18,2,Not fully satisfied
F004420,C19369,2025-05-06,4,I achieved my goal
F004421,C14211,2024-07-03,4,Excellent support
F004422,C19003,2026-04-13,4,Very satisfied
F004423,C02740,2026-03-25,3,I missed some sessions
F004424,C04132,2025-04-13,1,Expected better results
F004425,C14430,2025-11-14,3,Expected better results
F004426,C02041,2025-05-16,5,Very satisfied
F004427,C12631,2025-04-20,3,Program was difficult to follow
F004428,C07421,2025-04-17,5,Excellent support
F004429,C04710,2024-05-06,5,The coach was helpful
F004430,C17649,2024-05-16,1,Could be better
F004431,C01077,2024-06-02,5,The coach was helpful
F004432,C15658,2025-08-20,4,Very satisfied
F004433,C04653,2026-03-04,2,I missed some sessions
F004434,C01324,2024-07-21,2,I missed some sessions
F004435,C14107,2026-11-10,3,Program was difficult to follow
F004436,C14176,2026-05-27,4,Excellent support
F004437,C16640,2024-06-21,5,Very helpful program
F004438,C02037,2026-08-05,5,The coach was helpful
F004439,C13494,2024-12-05,4,The coach was helpful
F004440,C12685,2026-02-21,5,Good experience
F004441,C12069,2025-02-13,2,Program was difficult to follow
F004442,C10491,2025-03-25,4,Good experience
F004443,C03065,2024-03-11,4,Good experience
F004444,C12343,2024-06-30,1,Program was difficult to follow
F004445,C16753,2025-03-28,4,The coach was helpful
F004446,C10026,2025-11-08,5,Very helpful program
F004447,C08414,2024-08-24,1,Not fully satisfied
F004448,C18485,2025-05-06,5,Excellent support
F004449,C03935,2026-01-21,5,Excellent support
F004450,C00718,2026-04-03,4,Excellent support
F004451,C07903,2024-05-18,5,The coach was helpful
F004452,C03635,2024-12-24,4,I achieved my goal
F004453,C13792,2024-09-27,4,Very helpful program
F004454,C14285,2026-06-20,5,Very satisfied
F004455,C04282,2024-09-30,4,Good guidance from the team
F004456,C02993,2025-05-02,4,The coach was helpful
F004457,C11917,2024-06-14,3,I missed some sessions
F004458,C08054,2025-01-06,5,Good experience
F004459,C12385,2026-07-30,2,Expected better results
F004460,C16874,2025-08-22,4,Very helpful program
F004461,C01541,2025-05-07,5,I achieved my goal
F004462,C12165,2025-04-17,2,Could be better
F004463,C09469,2024-08-30,5,The coach was helpful
F004464,C18454,2025-09-06,1,Need more follow-up
F004465,C00279,2024-12-29,5,Good experience
F004466,C07523,2026-01-23,4,Good experience
F004467,C06978,2024-06-29,5,Excellent support
F004468,C04052,2025-07-04,4,Excellent support
F004469,C09045,2025-09-07,4,I achieved my goal
F004470,C10668,2026-07-15,5,Excellent support
F004471,C16137,2025-10-27,4,Excellent support
F004472,C14242,2024-07-07,5,Very helpful program
F004473,C03971,2024-12-08,5,The coach was helpful
F004474,C15512,2026-02-23,3,Need more follow-up
F004475,C17646,2025-07-11,1,Not fully satisfied
F004476,C14861,2026-03-06,3,I missed some sessions
F004477,C12982,2025-06-15,4,Good experience
F004478,C06284,2026-07-06,4,Good guidance from the team
F004479,C01091,2025-12-16,5,Very helpful program
F004480,C03516,2025-10-04,3,Need more follow-up
F004481,C19987,2025-03-16,3,Not fully satisfied
F004482,C17022,2026-06-07,5,Excellent support
F004483,C14901,2025-08-28,3,Not fully satisfied
F004484,C14951,2025-03-23,4,Very satisfied
F004485,C05267,2024-12-04,3,I missed some sessions
F004486,C11388,2026-01-25,1,Not fully satisfied
F004487,C08532,2024-06-24,4,Excellent support
F004488,C16493,2026-03-26,4,Excellent support
F004489,C17520,2025-05-19,1,I missed some sessions
F004490,C11296,2025-11-19,5,The coach was helpful
F004491,C10571,2025-05-08,5,I achieved my goal
F004492,C01591,2024-12-16,3,Could be better
F004493,C19888,2026-03-11,3,Could be better
F004494,C05672,2025-02-17,4,Good guidance from the team
F004495,C11322,2026-11-02,4,Excellent support
F004496,C12426,2025-09-18,1,Expected better results
F004497,C08091,2024-07-03,3,I missed some sessions
F004498,C13262,2024-12-31,5,The coach was helpful
F004499,C14689,2025-08-20,1,I missed some sessions
F004500,C17749,2025-04-05,5,Good experience
F004501,C12784,2024-09-28,5,Excellent support
F004502,C08833,2024-12-04,4,Good experience
F004503,C14379,2025-06-17,5,Excellent support
F004504,C11032,2024-12-09,3,Not fully satisfied
F004505,C14067,2025-04-15,3,Could be better
F004506,C17339,2024-07-07,3,Program was difficult to follow
F004507,C14790,2026-03-16,1,Not fully satisfied
F004508,C02040,2026-07-19,4,Excellent support
F004509,C05248,2024-03-18,5,The coach was helpful
F004510,C02885,2026-07-30,5,Very helpful program
F004511,C08115,2025-08-12,4,Good experience
F004512,C08876,2025-12-07,5,Good guidance from the team
F004513,C00007,2025-11-15,4,Good guidance from the team
F004514,C12768,2025-08-14,3,Not fully satisfied
F004515,C04501,2025-06-19,5,Very helpful program
F004516,C02470,2026-06-18,5,The coach was helpful
F004517,C10590,2026-01-11,3,Expected better results
F004518,C18469,2024-07-04,4,The coach was helpful
F004519,C08310,2025-06-05,3,I missed some sessions
F004520,C09589,2024-12-13,3,Expected better results
F004521,C19090,2024-08-21,4,Good experience
F004522,C11066,2024-12-22,5,Good experience
F004523,C13237,2026-04-07,4,Good guidance from the team
F004524,C11778,2024-04-25,4,Good experience
F004525,C12656,2026-09-16,4,Excellent support
F004526,C01652,2026-05-05,4,Very helpful program
F004527,C07419,2026-01-02,4,The coach was helpful
F004528,C18815,2024-10-17,5,Very satisfied
F004529,C08946,2025-08-07,4,The coach was helpful
F004530,C12202,2024-09-13,4,The coach was helpful
F004531,C17191,2024-04-04,2,Program was difficult to follow
F004532,C14536,2024-12-30,5,Very helpful program
F004533,C09519,2024-07-22,5,I achieved my goal
F004534,C07564,2025-08-26,3,Program was difficult to follow
F004535,C16206,2026-08-17,3,Could be better
F004536,C02834,2024-09-28,4,Good guidance from the team
F004537,C07023,2024-11-08,4,I achieved my goal
F004538,C10685,2024-05-22,5,Good experience
F004539,C13323,2025-10-10,5,Excellent support
F004540,C09992,2024-05-02,5,Excellent support
F004541,C15513,2024-11-16,2,Could be better
F004542,C10377,2026-08-19,5,Good experience
F004543,C10320,2024-02-27,4,Good experience
F004544,C11786,2025-01-30,4,The coach was helpful
F004545,C19098,2024-09-13,4,Good experience
F004546,C08624,2024-08-09,3,Expected better results
F004547,C09720,2025-01-14,5,Good guidance from the team
F004548,C16793,2025-08-20,3,I missed some sessions
F004549,C02578,2024-12-23,4,Very helpful program
F004550,C13046,2026-04-15,5,I achieved my goal
F004551,C18894,2024-10-16,4,The coach was helpful
F004552,C14108,2025-08-15,4,I achieved my goal
F004553,C10437,2026-05-30,3,Could be better
F004554,C08073,2025-04-14,2,I missed some sessions
F004555,C12893,2026-05-06,4,I achieved my goal
F004556,C00849,2025-08-22,5,Good guidance from the team
F004557,C02101,2025-12-05,4,The coach was helpful
F004558,C00121,2024-05-14,2,Program was difficult to follow
F004559,C10331,2026-04-05,5,Excellent support
F004560,C02489,2024-06-15,3,Could be better
F004561,C19213,2025-11-07,2,Could be better
F004562,C04218,2026-03-17,4,Excellent support
F004563,C03953,2026-06-19,4,Very satisfied
F004564,C07387,2025-08-21,4,The coach was helpful
F004565,C13190,2027-05-04,5,Excellent support
F004566,C03742,2026-01-21,5,The coach was helpful
F004567,C02169,2024-05-18,4,Very satisfied
F004568,C11898,2025-08-13,5,Good guidance from the team
F004569,C11259,2024-12-07,3,Expected better results
F004570,C06826,2026-04-27,3,Could be better
F004571,C11690,2025-05-20,3,Program was difficult to follow
F004572,C07670,2025-04-01,5,The coach was helpful
F004573,C06437,2024-08-28,4,Very satisfied
F004574,C01759,2026-05-18,4,Excellent support
F004575,C02746,2026-02-21,4,Excellent support
F004576,C17741,2025-12-26,4,Excellent support
F004577,C18123,2026-07-20,4,I achieved my goal
F004578,C17010,2025-08-20,1,Program was difficult to follow
F004579,C01577,2026-01-28,4,Very helpful program
F004580,C04509,2026-07-18,3,I missed some sessions
F004581,C04017,2025-11-26,3,Expected better results
F004582,C18529,2025-04-29,5,The coach was helpful
F004583,C14216,2024-12-02,3,Need more follow-up
F004584,C08568,2024-08-16,4,The coach was helpful
F004585,C03940,2025-03-29,5,Excellent support
F004586,C06063,2026-03-20,3,Could be better
F004587,C10800,2024-09-26,4,Excellent support
F004588,C17605,2024-04-17,4,The coach was helpful
F004589,C04964,2026-04-02,5,I achieved my goal
F004590,C15709,2024-11-11,5,Very helpful program
F004591,C16221,2025-01-01,5,The coach was helpful
F004592,C06415,2024-12-26,4,Very satisfied
F004593,C16884,2024-05-03,2,Could be better
F004594,C00715,2026-01-05,3,Expected better results
F004595,C01415,2025-03-06,4,Very satisfied
F004596,C14303,2024-06-07,4,Good guidance from the team
F004597,C05208,2025-05-28,5,The coach was helpful
F004598,C14191,2024-09-10,4,Very satisfied
F004599,C00807,2025-09-08,4,Very helpful program
F004600,C13118,2026-08-30,2,Need more follow-up
F004601,C13905,2024-09-01,3,Program was difficult to follow
F004602,C07823,2026-08-29,3,Expected better results
F004603,C03191,2026-07-14,5,Good guidance from the team
F004604,C01550,2026-05-04,4,Good experience
F004605,C03030,2024-12-03,5,The coach was helpful
F004606,C03961,2025-08-21,2,Need more follow-up
F004607,C04835,2025-08-05,5,I achieved my goal
F004608,C07736,2024-08-14,5,The coach was helpful
F004609,C01528,2024-09-17,5,Excellent support
F004610,C00190,2024-12-23,4,The coach was helpful
F004611,C00352,2026-03-31,4,Good guidance from the team
F004612,C07339,2024-06-10,2,I missed some sessions
F004613,C01012,2024-10-04,5,The coach was helpful
F004614,C02258,2026-06-27,3,Program was difficult to follow
F004615,C13372,2026-03-11,4,The coach was helpful
F004616,C02951,2024-09-23,2,Need more follow-up
F004617,C08773,2025-02-28,5,Good experience
F004618,C00323,2024-12-08,4,Very helpful program
F004619,C11904,2025-04-01,5,Very satisfied
F004620,C16107,2024-07-28,4,The coach was helpful
F004621,C02050,2024-06-15,5,Excellent support
F004622,C02564,2025-08-30,5,Excellent support
F004623,C13947,2026-10-01,3,Need more follow-up
F004624,C05161,2024-10-14,4,Excellent support
F004625,C17897,2025-02-27,4,Good guidance from the team
F004626,C14576,2025-03-22,4,The coach was helpful
F004627,C03855,2026-11-10,4,Very satisfied
F004628,C18763,2026-07-22,5,Excellent support
F004629,C16941,2024-10-23,5,The coach was helpful
F004630,C15161,2025-07-19,2,Need more follow-up
F004631,C10009,2025-12-02,4,Good guidance from the team
F004632,C02770,2025-07-04,3,Not fully satisfied
F004633,C15796,2026-07-21,3,Expected better results
F004634,C08063,2026-05-07,5,Good experience
F004635,C01928,2024-08-29,5,Good experience
F004636,C00598,2026-08-26,5,Very helpful program
F004637,C08869,2024-12-21,4,Very helpful program
F004638,C14764,2024-11-28,4,I achieved my goal
F004639,C02324,2025-04-23,5,The coach was helpful
F004640,C12999,2025-05-23,4,Good experience
F004641,C10754,2025-06-19,4,Excellent support
F004642,C03303,2026-01-22,5,Very helpful program
F004643,C02942,2024-03-30,5,Very helpful program
F004644,C00734,2025-05-17,4,The coach was helpful
F004645,C04880,2025-03-26,2,Not fully satisfied
F004646,C17211,2025-01-30,4,Excellent support
F004647,C16792,2026-07-05,4,The coach was helpful
F004648,C13586,2026-07-19,5,Good guidance from the team
F004649,C12307,2025-10-15,4,Good experience
F004650,C09381,2026-04-20,4,Very helpful program
F004651,C12596,2024-11-27,5,Good experience
F004652,C17008,2025-05-27,5,Very satisfied
F004653,C01569,2024-04-13,5,The coach was helpful
F004654,C14521,2026-04-13,4,Good guidance from the team
F004655,C00554,2025-03-26,4,The coach was helpful
F004656,C15690,2026-03-19,5,Good experience
F004657,C01052,2027-01-04,5,Good guidance from the team
F004658,C15954,2025-01-06,4,The coach was helpful
F004659,C10528,2025-11-10,4,Very helpful program
F004660,C09210,2026-01-20,3,Need more follow-up
F004661,C03106,2025-01-19,5,I achieved my goal
F004662,C11864,2024-11-19,5,Good experience
F004663,C11890,2025-03-26,4,I achieved my goal
F004664,C19051,2025-01-12,2,I missed some sessions
F004665,C06884,2025-03-12,5,Good guidance from the team
F004666,C02223,2026-02-15,5,Excellent support
F004667,C17487,2024-09-28,5,The coach was helpful
F004668,C06034,2025-11-18,4,The coach was helpful
F004669,C16712,2024-07-08,4,Good guidance from the team
F004670,C09659,2026-07-19,4,Good experience
F004671,C09958,2024-10-23,5,Good experience
F004672,C13002,2026-01-01,3,Program was difficult to follow
F004673,C06996,2025-05-25,4,Good guidance from the team
F004674,C19684,2026-07-24,5,Good experience
F004675,C13411,2024-11-26,3,Expected better results
F004676,C04691,2025-09-13,4,Good experience
F004677,C03671,2026-09-09,5,Very helpful program
F004678,C10859,2024-10-05,3,Program was difficult to follow
F004679,C12367,2025-11-13,5,Good experience
F004680,C09513,2024-07-03,4,I achieved my goal
F004681,C16079,2025-12-05,5,Good guidance from the team
F004682,C05392,2025-03-04,1,Expected better results
F004683,C00574,2024-08-16,1,Could be better
F004684,C04505,2025-03-23,4,Very satisfied
F004685,C10431,2025-07-08,4,Excellent support
F004686,C18426,2026-11-08,1,Need more follow-up
F004687,C17383,2026-01-02,3,I missed some sessions
F004688,C09404,2025-05-09,2,Not fully satisfied
F004689,C01342,2024-04-08,5,Good experience
F004690,C03858,2025-05-08,5,Very satisfied
F004691,C00443,2025-12-16,4,I achieved my goal
F004692,C03596,2025-11-24,2,Expected better results
F004693,C15193,2026-02-15,4,The coach was helpful
F004694,C13401,2026-02-19,3,Not fully satisfied
F004695,C09079,2024-06-10,4,Good experience
F004696,C03118,2026-06-08,3,I missed some sessions
F004697,C06697,2025-06-14,5,Very satisfied
F004698,C09268,2024-06-29,3,Could be better
F004699,C15402,2024-04-16,3,Need more follow-up
F004700,C14550,2024-10-11,5,Very satisfied
F004701,C07566,2025-02-09,5,Excellent support
F004702,C03261,2025-12-12,4,Excellent support
F004703,C14938,2024-06-12,3,I missed some sessions
F004704,C07520,2024-09-07,2,Need more follow-up
F004705,C10852,2024-07-26,4,Good experience
F004706,C03903,2025-09-12,5,Very helpful program
F004707,C06197,2026-07-26,2,I missed some sessions
F004708,C03859,2024-10-17,2,Could be better
F004709,C01299,2025-06-03,4,Good experience
F004710,C19951,2026-07-29,3,Expected better results
F004711,C15229,2025-05-31,4,Very helpful program
F004712,C04916,2025-08-04,5,Good guidance from the team
F004713,C15615,2024-05-02,2,Program was difficult to follow
F004714,C10420,2024-08-07,3,Not fully satisfied
F004715,C05452,2024-04-13,5,Very satisfied
F004716,C01560,2025-03-18,3,Not fully satisfied
F004717,C17991,2024-08-19,3,Could be better
F004718,C05874,2026-04-26,4,I achieved my goal
F004719,C07568,2025-10-09,4,The coach was helpful
F004720,C14417,2024-06-22,4,I achieved my goal
F004721,C10771,2025-07-13,2,Program was difficult to follow
F004722,C11863,2024-03-22,4,Good guidance from the team
F004723,C15849,2025-01-07,4,Good guidance from the team
F004724,C16519,2024-07-14,3,Program was difficult to follow
F004725,C12535,2025-12-06,4,Very satisfied
F004726,C09099,2025-07-03,4,Excellent support
F004727,C17071,2025-08-27,4,I achieved my goal
F004728,C04353,2026-02-19,4,I achieved my goal
F004729,C13071,2026-09-23,4,Good experience
F004730,C04857,2026-03-04,2,Need more follow-up
F004731,C04320,2026-07-20,4,The coach was helpful
F004732,C15928,2024-05-08,4,The coach was helpful
F004733,C16445,2026-06-06,4,Good experience
F004734,C11428,2024-11-02,4,Excellent support
F004735,C11934,2026-08-14,4,I achieved my goal
F004736,C13314,2025-12-09,5,I achieved my goal
F004737,C17805,2025-10-30,5,Excellent support
F004738,C15611,2024-10-05,4,The coach was helpful
F004739,C03863,2024-10-10,4,Good experience
F004740,C19253,2026-04-07,1,Need more follow-up
F004741,C08916,2025-01-27,5,I achieved my goal
F004742,C07833,2026-08-02,2,Need more follow-up
F004743,C17559,2024-11-28,3,Expected better results
F004744,C08502,2026-05-07,3,I missed some sessions
F004745,C17660,2026-07-26,5,Good guidance from the team
F004746,C01839,2024-06-29,5,I achieved my goal
F004747,C00548,2026-06-13,4,Very helpful program
F004748,C08813,2025-10-11,5,Very helpful program
F004749,C00201,2026-08-28,5,Good guidance from the team
F004750,C14328,2026-07-06,5,Good guidance from the team
F004751,C19014,2025-06-21,3,Not fully satisfied
F004752,C13578,2026-06-10,5,Good guidance from the team
F004753,C16130,2026-02-05,3,Need more follow-up
F004754,C09328,2024-11-18,4,I achieved my goal
F004755,C06237,2025-10-17,4,I achieved my goal
F004756,C13711,2025-10-16,2,Program was difficult to follow
F004757,C01720,2026-06-01,5,Very helpful program
F004758,C08929,2024-02-29,3,Could be better
F004759,C19749,2025-08-11,5,Very helpful program
F004760,C12556,2025-03-24,2,Could be better
F004761,C02814,2025-10-23,4,Good experience
F004762,C14723,2026-04-14,5,Good guidance from the team
F004763,C15152,2025-03-25,5,The coach was helpful
F004764,C12038,2025-07-08,5,Excellent support
F004765,C15187,2024-07-15,5,Very helpful program
F004766,C18868,2024-04-10,3,Need more follow-up
F004767,C19387,2025-03-08,5,Good guidance from the team
F004768,C01263,2026-08-30,3,Could be better
F004769,C04625,2025-07-02,4,Good guidance from the team
F004770,C04610,2026-04-23,1,Expected better results
F004771,C18480,2025-02-28,5,Excellent support
F004772,C19042,2026-10-20,5,Good guidance from the team
F004773,C04054,2026-10-08,5,The coach was helpful
F004774,C19335,2024-11-26,5,The coach was helpful
F004775,C18127,2026-03-31,4,Very satisfied
F004776,C19556,2026-04-15,3,Expected better results
F004777,C02210,2025-05-30,3,Could be better
F004778,C11247,2025-02-18,4,I achieved my goal
F004779,C10911,2024-03-14,5,I achieved my goal
F004780,C04799,2026-04-03,5,Good guidance from the team
F004781,C06540,2024-10-29,3,Expected better results
F004782,C09420,2025-02-17,4,I achieved my goal
F004783,C04494,2025-06-29,5,Good guidance from the team
F004784,C14129,2026-08-23,4,I achieved my goal
F004785,C12778,2024-07-16,5,The coach was helpful
F004786,C17737,2026-04-21,4,Good guidance from the team
F004787,C07733,2026-04-13,5,Very helpful program
F004788,C02408,2024-09-06,3,Program was difficult to follow
F004789,C12431,2024-11-16,5,Very helpful program
F004790,C19578,2026-07-02,2,I missed some sessions
F004791,C11899,2026-06-18,3,Not fully satisfied
F004792,C14186,2026-07-02,1,Not fully satisfied
F004793,C02494,2025-10-22,5,Very satisfied
F004794,C00702,2026-05-18,3,Not fully satisfied
F004795,C14749,2025-08-30,5,I achieved my goal
F004796,C13048,2024-10-31,5,I achieved my goal
F004797,C14404,2024-09-17,3,Could be better
F004798,C09260,2025-01-20,4,The coach was helpful
F004799,C05391,2026-01-18,3,Expected better results
F004800,C02436,2024-09-03,3,Not fully satisfied
F004801,C16155,2024-10-23,4,Good guidance from the team
F004802,C10380,2024-11-18,3,Program was difficult to follow
F004803,C02318,2026-09-11,4,Very satisfied
F004804,C10594,2025-12-08,3,I missed some sessions
F004805,C17140,2024-12-29,1,Need more follow-up
F004806,C11055,2024-12-07,1,I missed some sessions
F004807,C02301,2025-03-31,3,Not fully satisfied
F004808,C18895,2025-11-08,5,Very satisfied
F004809,C05174,2024-11-18,5,Excellent support
F004810,C13637,2025-05-25,2,Program was difficult to follow
F004811,C15405,2024-08-01,4,Good experience
F004812,C03179,2026-02-08,2,Could be better
F004813,C12180,2025-01-26,5,The coach was helpful
F004814,C09838,2024-11-01,3,Not fully satisfied
F004815,C11366,2025-11-11,4,Good guidance from the team
F004816,C19247,2026-04-11,3,Could be better
F004817,C05822,2025-11-29,1,Need more follow-up
F004818,C03603,2024-11-25,4,Very helpful program
F004819,C11939,2026-08-22,4,Excellent support
F004820,C16961,2025-11-14,5,Very satisfied
F004821,C15637,2025-07-10,4,Very helpful program
F004822,C16357,2025-10-07,3,Need more follow-up
F004823,C16824,2024-07-07,4,The coach was helpful
F004824,C06553,2025-04-11,5,Very helpful program
F004825,C06528,2025-10-14,3,Program was difficult to follow
F004826,C17938,2024-11-04,3,Program was difficult to follow
F004827,C16982,2025-03-15,4,Good experience
F004828,C14047,2026-03-04,4,Good experience
F004829,C17187,2024-03-16,5,Good experience
F004830,C17765,2026-02-27,5,Good experience
F004831,C07140,2025-09-15,4,Excellent support
F004832,C14447,2024-12-16,3,Not fully satisfied
F004833,C17972,2024-02-12,5,I achieved my goal
F004834,C09057,2025-07-06,5,Very satisfied
F004835,C08106,2024-08-04,5,Good experience
F004836,C13170,2025-02-24,4,Very satisfied
F004837,C15128,2025-05-28,5,I achieved my goal
F004838,C07177,2024-03-28,3,Could be better
F004839,C14675,2025-11-04,3,I missed some sessions
F004840,C13374,2026-04-13,5,Good experience
F004841,C10217,2026-08-05,2,Not fully satisfied
F004842,C11009,2024-07-14,5,Very satisfied
F004843,C01864,2026-04-13,5,I achieved my goal
F004844,C15525,2024-05-23,4,Good guidance from the team
F004845,C06308,2025-08-02,3,Need more follow-up
F004846,C18674,2025-08-29,5,Good experience
F004847,C00451,2025-07-26,5,Good experience
F004848,C03130,2025-03-03,5,Good guidance from the team
F004849,C19911,2025-08-17,5,I achieved my goal
F004850,C05563,2026-03-08,5,I achieved my goal
F004851,C01939,2026-03-28,4,Good experience
F004852,C09733,2025-05-04,4,Good guidance from the team
F004853,C06584,2026-01-08,4,Good experience
F004854,C12781,2026-03-05,3,I missed some sessions
F004855,C00543,2025-12-23,4,Excellent support
F004856,C05577,2026-08-15,5,Good experience
F004857,C11968,2027-01-11,5,Good experience
F004858,C08792,2026-07-14,4,Very helpful program
F004859,C05851,2024-03-12,4,I achieved my goal
F004860,C00641,2025-08-05,2,Program was difficult to follow
F004861,C12179,2025-11-21,3,Need more follow-up
F004862,C09810,2025-11-05,5,I achieved my goal
F004863,C09942,2026-09-10,5,Very satisfied
F004864,C02281,2024-12-31,4,Good guidance from the team
F004865,C00661,2025-04-24,4,I achieved my goal
F004866,C13553,2024-12-21,2,Need more follow-up
F004867,C03060,2026-12-27,4,Good experience
F004868,C13943,2025-05-31,3,Program was difficult to follow
F004869,C17188,2025-04-15,5,Very helpful program
F004870,C12974,2024-02-15,2,Expected better results
F004871,C03684,2025-01-06,3,Expected better results
F004872,C08345,2025-08-01,4,The coach was helpful
F004873,C13836,2025-01-10,4,The coach was helpful
F004874,C11779,2026-06-12,4,The coach was helpful
F004875,C11955,2025-09-30,3,Need more follow-up
F004876,C02189,2025-09-11,3,I missed some sessions
F004877,C09269,2025-10-26,5,The coach was helpful
F004878,C08644,2025-07-24,3,Not fully satisfied
F004879,C14608,2025-05-28,4,Very satisfied
F004880,C06496,2025-07-29,3,Expected better results
F004881,C10010,2024-08-17,3,Expected better results
F004882,C09717,2024-12-27,5,Excellent support
F004883,C13752,2024-02-14,4,Excellent support
F004884,C13815,2025-03-30,3,I missed some sessions
F004885,C07802,2025-10-05,4,Very satisfied
F004886,C16737,2025-10-15,4,Very satisfied
F004887,C04426,2026-07-26,5,Good experience
F004888,C18860,2024-11-23,4,Good experience
F004889,C09520,2025-07-23,4,Good guidance from the team
F004890,C14695,2024-07-09,4,Good experience
F004891,C08388,2024-07-30,5,Excellent support
F004892,C04202,2026-02-05,5,Excellent support
F004893,C18181,2025-02-26,4,I achieved my goal
F004894,C14919,2025-05-19,1,I missed some sessions
F004895,C10254,2026-05-01,4,Good experience
F004896,C18775,2024-05-11,3,Program was difficult to follow
F004897,C09482,2024-12-23,4,Good guidance from the team
F004898,C04516,2024-09-25,4,Very satisfied
F004899,C10564,2025-05-29,3,Need more follow-up
F004900,C08725,2025-02-18,3,Expected better results
F004901,C18685,2027-03-01,4,I achieved my goal
F004902,C15801,2024-11-27,4,Good experience
F004903,C05458,2024-09-05,4,Good experience
F004904,C03093,2026-06-22,3,Expected better results
F004905,C04499,2024-09-06,4,The coach was helpful
F004906,C02109,2025-04-13,4,Good guidance from the team
F004907,C19096,2026-08-20,4,Good guidance from the team
F004908,C01665,2024-08-10,5,Good guidance from the team
F004909,C11768,2024-11-09,4,Good guidance from the team
F004910,C09289,2026-04-02,1,Expected better results
F004911,C05764,2025-11-17,4,Very helpful program
F004912,C11852,2025-08-25,3,Could be better
F004913,C10220,2024-05-03,5,Very satisfied
F004914,C09396,2026-11-23,4,Very satisfied
F004915,C00184,2025-09-26,4,Very satisfied
F004916,C00779,2024-07-24,4,Very satisfied
F004917,C04960,2025-02-06,4,Excellent support
F004918,C09081,2025-05-17,5,The coach was helpful
F004919,C19714,2026-08-22,3,I missed some sessions
F004920,C03453,2026-04-17,1,Not fully satisfied
F004921,C05063,2025-05-01,5,Good guidance from the team
F004922,C04517,2026-01-05,4,The coach was helpful
F004923,C00116,2026-04-10,4,Good guidance from the team
F004924,C18959,2026-06-25,4,Very helpful program
F004925,C08557,2026-07-23,4,Very helpful program
F004926,C18841,2024-07-31,4,Excellent support
F004927,C01435,2024-09-04,1,Expected better results
F004928,C11774,2026-04-28,5,Very satisfied
F004929,C07455,2025-11-28,3,Expected better results
F004930,C05188,2025-04-14,4,I achieved my goal
F004931,C06279,2025-06-28,4,The coach was helpful
F004932,C02729,2026-08-03,3,Not fully satisfied
F004933,C04873,2025-09-26,4,The coach was helpful
F004934,C00415,2024-06-02,3,Not fully satisfied
F004935,C06462,2025-09-16,3,I missed some sessions
F004936,C15038,2024-09-10,3,Expected better results
F004937,C16029,2024-10-19,4,Very helpful program
F004938,C07176,2024-05-25,5,Good experience
F004939,C07949,2024-10-15,5,The coach was helpful
F004940,C11579,2026-07-03,5,The coach was helpful
F004941,C01674,2025-03-31,5,I achieved my goal
F004942,C10488,2025-03-17,5,Good experience
F004943,C07749,2025-06-28,3,Need more follow-up
F004944,C15373,2024-03-05,5,Good guidance from the team
F004945,C02177,2026-11-28,4,Good experience
F004946,C01748,2024-07-03,4,I achieved my goal
F004947,C07448,2025-01-08,5,Very satisfied
F004948,C17712,2026-05-29,4,Very helpful program
F004949,C08909,2026-02-02,4,Very satisfied
F004950,C06090,2025-01-23,4,Very satisfied
F004951,C19587,2025-10-20,5,Excellent support
F004952,C05731,2025-09-26,3,Expected better results
F004953,C03132,2024-04-10,5,I achieved my goal
F004954,C10202,2025-10-05,4,The coach was helpful
F004955,C06889,2026-03-23,2,Expected better results
F004956,C12008,2024-03-21,1,Need more follow-up
F004957,C15835,2025-02-18,4,Very helpful program
F004958,C04912,2026-05-09,4,Very satisfied
F004959,C17118,2024-03-18,5,Very helpful program
F004960,C01265,2024-03-14,5,Very helpful program
F004961,C16681,2026-01-01,4,The coach was helpful
F004962,C11849,2025-12-06,3,Not fully satisfied
F004963,C14652,2026-10-11,4,Excellent support
F004964,C12066,2024-03-06,5,Excellent support
F004965,C19220,2026-07-18,5,Excellent support
F004966,C10879,2024-09-18,5,I achieved my goal
F004967,C09515,2024-07-06,3,Not fully satisfied
F004968,C07086,2026-07-01,5,Very satisfied
F004969,C17768,2024-07-26,3,Not fully satisfied
F004970,C16215,2026-09-22,5,Good experience
F004971,C08122,2025-05-01,5,Very helpful program
F004972,C06537,2024-07-14,3,Program was difficult to follow
F004973,C03758,2024-06-20,4,Excellent support
F004974,C16284,2025-09-11,4,Good guidance from the team
F004975,C10601,2026-04-29,3,Need more follow-up
F004976,C11221,2025-11-12,3,Could be better
F004977,C01480,2025-03-23,3,I missed some sessions
F004978,C01196,2026-11-15,4,Very helpful program
F004979,C13511,2024-05-07,4,Very satisfied
F004980,C05914,2024-11-15,1,Expected better results
F004981,C18280,2024-12-01,5,Good guidance from the team
F004982,C10205,2025-08-02,4,Excellent support
F004983,C10066,2026-03-29,5,Good guidance from the team
F004984,C13828,2025-04-06,3,Could be better
F004985,C05691,2026-03-29,5,Good experience
F004986,C11078,2025-06-25,3,I missed some sessions
F004987,C05930,2025-02-07,4,Excellent support
F004988,C06123,2025-10-21,5,The coach was helpful
F004989,C14720,2024-11-01,2,I missed some sessions
F004990,C14913,2026-07-16,4,Excellent support
F004991,C16997,2025-06-02,5,Good guidance from the team
F004992,C16404,2024-05-15,3,Program was difficult to follow
F004993,C07354,2024-12-19,5,The coach was helpful
F004994,C12435,2026-04-30,5,Very satisfied
F004995,C16839,2025-01-02,4,Excellent support
F004996,C06819,2024-08-12,4,I achieved my goal
F004997,C01742,2025-01-28,5,Very satisfied
F004998,C01022,2024-05-27,3,Expected better results
F004999,C01612,2025-11-08,3,Not fully satisfied
F005000,C03907,2025-06-14,5,The coach was helpful
F005001,C01984,2024-10-14,3,I missed some sessions
F005002,C19298,2024-03-10,5,The coach was helpful
F005003,C06030,2024-11-08,4,Good guidance from the team
F005004,C12792,2025-06-07,3,Expected better results
F005005,C09199,2024-07-18,2,Program was difficult to follow
F005006,C00106,2025-08-22,4,I achieved my goal
F005007,C16151,2026-05-23,5,Good experience
F005008,C00292,2024-11-25,5,Good experience
F005009,C12078,2025-06-07,2,Could be better
F005010,C05211,2026-03-07,2,Not fully satisfied
F005011,C16158,2025-11-19,5,Good guidance from the team
F005012,C01530,2026-04-24,5,I achieved my goal
F005013,C07579,2025-11-07,4,Excellent support
F005014,C09070,2025-06-08,5,Very helpful program
F005015,C02509,2026-04-02,5,The coach was helpful
F005016,C01317,2026-06-21,5,The coach was helpful
F005017,C12101,2026-03-24,4,The coach was helpful
F005018,C03195,2026-01-12,5,Very helpful program
F005019,C06690,2027-02-25,3,I missed some sessions
F005020,C14024,2026-09-17,4,Excellent support
F005021,C01165,2025-11-10,4,Very satisfied
F005022,C06504,2024-04-06,4,Excellent support
F005023,C10286,2025-07-26,3,Not fully satisfied
F005024,C05562,2025-05-15,3,Need more follow-up
F005025,C00940,2024-05-06,3,Expected better results
F005026,C02563,2024-12-22,5,The coach was helpful
F005027,C06539,2026-04-29,5,Good guidance from the team
F005028,C15771,2024-08-16,5,I achieved my goal
F005029,C08912,2025-10-16,5,The coach was helpful
F005030,C13812,2025-03-24,1,I missed some sessions
F005031,C02317,2026-02-24,3,Not fully satisfied
F005032,C09795,2024-10-15,2,Could be better
F005033,C12195,2025-10-07,3,Program was difficult to follow
F005034,C02679,2025-07-10,4,Very satisfied
F005035,C05951,2024-09-26,4,Very helpful program
F005036,C18098,2024-09-07,4,The coach was helpful
F005037,C04273,2025-03-26,2,Could be better
F005038,C17406,2026-03-23,2,I missed some sessions
F005039,C01448,2025-12-09,4,I achieved my goal
F005040,C04565,2025-02-03,5,Very helpful program
F005041,C12495,2026-08-05,3,I missed some sessions
F005042,C07056,2026-08-23,4,Very helpful program
F005043,C00471,2024-07-27,5,Very satisfied
F005044,C00720,2025-12-01,5,The coach was helpful
F005045,C13076,2025-10-11,5,The coach was helpful
F005046,C02554,2027-03-02,3,Could be better
F005047,C04251,2024-04-28,3,Expected better results
F005048,C15257,2025-06-08,4,I achieved my goal
F005049,C17405,2026-02-23,4,The coach was helpful
F005050,C16046,2026-06-19,4,Good guidance from the team
F005051,C10989,2024-12-18,1,Not fully satisfied
F005052,C00756,2025-05-01,4,Excellent support
F005053,C00594,2024-11-08,3,Program was difficult to follow
F005054,C18926,2026-09-06,5,Excellent support
F005055,C05685,2025-05-22,5,The coach was helpful
F005056,C16821,2026-01-31,4,Very satisfied
F005057,C11274,2025-03-06,4,Very helpful program
F005058,C16279,2025-05-16,3,Not fully satisfied
F005059,C12600,2024-04-02,5,Excellent support
F005060,C14604,2025-10-08,4,Excellent support
F005061,C08024,2024-06-28,5,Very satisfied
F005062,C12155,2026-07-27,4,Good guidance from the team
F005063,C12018,2025-09-07,5,Very satisfied
F005064,C07816,2025-08-19,4,Very satisfied
F005065,C01246,2025-05-02,4,Very satisfied
F005066,C07431,2025-08-01,1,I missed some sessions
F005067,C01458,2026-01-03,5,Very satisfied
F005068,C05254,2026-04-28,5,Excellent support
F005069,C01810,2025-12-07,2,Need more follow-up
F005070,C10250,2025-07-10,5,Very satisfied
F005071,C01936,2026-12-06,3,I missed some sessions
F005072,C05743,2026-05-21,4,The coach was helpful
F005073,C12330,2025-02-24,3,Program was difficult to follow
F005074,C04254,2025-11-20,3,Could be better
F005075,C06078,2025-05-24,5,The coach was helpful
F005076,C05433,2024-10-27,3,I missed some sessions
F005077,C14752,2026-06-11,4,Good experience
F005078,C03115,2026-06-17,5,Very satisfied
F005079,C05891,2024-07-06,1,Need more follow-up
F005080,C18290,2026-06-01,5,I achieved my goal
F005081,C02022,2026-08-12,4,Excellent support
F005082,C03192,2025-03-23,1,Not fully satisfied
F005083,C10105,2026-06-08,5,Good experience
F005084,C09262,2025-02-12,5,I achieved my goal
F005085,C04243,2026-05-13,5,Excellent support
F005086,C01571,2026-12-04,3,I missed some sessions
F005087,C19629,2026-08-19,4,Good experience
F005088,C19133,2024-12-19,3,Could be better
F005089,C00518,2025-01-17,2,I missed some sessions
F005090,C15878,2024-02-14,5,Very helpful program
F005091,C02035,2025-11-14,3,I missed some sessions
F005092,C14669,2025-04-22,4,Good experience
F005093,C15095,2025-12-16,3,Could be better
F005094,C04430,2025-01-31,5,Very satisfied
F005095,C04400,2025-02-06,5,Very satisfied
F005096,C05796,2026-07-05,5,Good experience
F005097,C00307,2024-09-28,5,Very satisfied
F005098,C06272,2024-02-18,4,Good guidance from the team
F005099,C15461,2025-10-05,3,Need more follow-up
F005100,C05568,2026-08-19,4,I achieved my goal
F005101,C05526,2026-01-27,4,Very satisfied
F005102,C18606,2024-05-17,4,Excellent support
F005103,C05376,2026-11-05,5,Good guidance from the team
F005104,C16990,2026-06-10,4,Excellent support
F005105,C07602,2025-10-21,5,Very helpful program
F005106,C17500,2026-03-18,5,Excellent support
F005107,C12373,2024-10-29,2,Program was difficult to follow
F005108,C01345,2026-04-22,4,Excellent support
F005109,C08248,2025-01-16,5,Good experience
F005110,C15596,2026-03-17,5,I achieved my goal
F005111,C16448,2026-04-15,4,Excellent support
F005112,C09365,2024-06-14,4,Good guidance from the team
F005113,C15517,2024-03-28,4,Excellent support
F005114,C15910,2025-08-26,1,Could be better
F005115,C11913,2024-10-01,4,Very helpful program
F005116,C00440,2025-11-18,4,Very helpful program
F005117,C06502,2025-11-08,2,Could be better
F005118,C18572,2026-04-11,4,The coach was helpful
F005119,C08167,2026-04-03,3,Expected better results
F005120,C04295,2026-11-11,5,Very helpful program
F005121,C09994,2025-06-05,5,Very satisfied
F005122,C08410,2024-08-06,1,Program was difficult to follow
F005123,C14311,2025-02-11,4,Excellent support
F005124,C00200,2025-08-14,5,Very satisfied
F005125,C19966,2024-05-09,5,I achieved my goal
F005126,C10869,2024-11-30,4,Good experience
F005127,C06562,2026-07-24,1,I missed some sessions
F005128,C00981,2026-08-14,4,Very satisfied
F005129,C12729,2024-10-12,4,Excellent support
F005130,C01601,2026-10-19,4,I achieved my goal
F005131,C11691,2026-06-22,5,Very satisfied
F005132,C13745,2024-05-23,5,The coach was helpful
F005133,C00991,2025-12-13,3,Need more follow-up
F005134,C18389,2026-03-01,4,Good guidance from the team
F005135,C06370,2025-08-04,5,Very helpful program
F005136,C01944,2025-03-21,5,The coach was helpful
F005137,C00558,2026-07-28,3,Program was difficult to follow
F005138,C04402,2025-07-23,4,Excellent support
F005139,C17161,2026-10-21,3,Program was difficult to follow
F005140,C19046,2025-02-03,4,Good experience
F005141,C14382,2026-08-18,5,Very satisfied
F005142,C06495,2024-05-21,3,I missed some sessions
F005143,C03009,2025-11-20,4,Very helpful program
F005144,C11861,2026-06-19,1,I missed some sessions
F005145,C02284,2026-09-06,4,Very helpful program
F005146,C12918,2024-11-30,5,I achieved my goal
F005147,C19830,2025-05-19,5,Good experience
F005148,C12554,2025-11-26,5,Very helpful program
F005149,C06151,2025-03-06,4,The coach was helpful
F005150,C00104,2025-12-20,3,Could be better
F005151,C00482,2024-02-25,5,The coach was helpful
F005152,C03921,2024-05-04,5,I achieved my goal
F005153,C03793,2026-02-12,4,Good guidance from the team
F005154,C02626,2026-02-10,3,Not fully satisfied
F005155,C04002,2025-01-13,4,Very satisfied
F005156,C06792,2024-06-21,3,Expected better results
F005157,C08180,2026-06-11,4,The coach was helpful
F005158,C18915,2024-06-07,4,I achieved my goal
F005159,C17556,2024-07-14,5,The coach was helpful
F005160,C11037,2025-12-01,5,Good guidance from the team
F005161,C17589,2024-11-20,4,Excellent support
F005162,C07260,2024-10-12,4,Very helpful program
F005163,C07890,2026-07-12,5,I achieved my goal
F005164,C07248,2025-07-19,4,The coach was helpful
F005165,C13319,2026-04-04,3,Program was difficult to follow
F005166,C19709,2025-10-19,4,Excellent support
F005167,C01444,2026-03-03,3,Expected better results
F005168,C16642,2026-08-20,4,Good experience
F005169,C11327,2026-08-18,2,Program was difficult to follow
F005170,C01105,2025-01-08,2,Expected better results
F005171,C10161,2024-09-22,4,Very helpful program
F005172,C00132,2025-09-07,4,I achieved my goal
F005173,C04250,2024-06-18,5,The coach was helpful
F005174,C11172,2025-02-22,5,The coach was helpful
F005175,C19801,2027-03-14,5,Good experience
F005176,C14183,2024-03-20,5,I achieved my goal
F005177,C16535,2024-08-25,5,Good experience
F005178,C16702,2025-07-27,5,The coach was helpful
F005179,C08082,2024-08-17,4,Very helpful program
F005180,C06477,2026-06-16,5,Very helpful program
F005181,C10295,2024-06-26,4,Very helpful program
F005182,C08492,2026-10-03,3,Expected better results
F005183,C12618,2025-10-29,5,Excellent support
F005184,C19793,2025-01-30,4,I achieved my goal
F005185,C01207,2025-05-09,3,Could be better
F005186,C08691,2025-12-23,5,Good guidance from the team
F005187,C03980,2024-04-17,2,Not fully satisfied
F005188,C10830,2025-12-05,3,Need more follow-up
F005189,C05588,2026-08-23,4,Good experience
F005190,C08882,2024-07-27,1,Not fully satisfied
F005191,C04901,2025-02-12,4,Good guidance from the team
F005192,C08028,2026-03-18,4,Good experience
F005193,C03588,2025-01-09,2,Expected better results
F005194,C10048,2026-02-21,3,Need more follow-up
F005195,C10293,2026-08-27,5,Very helpful program
F005196,C03875,2026-04-04,5,The coach was helpful
F005197,C12207,2024-12-20,1,Program was difficult to follow
F005198,C07418,2025-09-22,1,I missed some sessions
F005199,C02622,2024-08-13,5,Very helpful program
F005200,C17739,2024-07-07,4,Good guidance from the team
F005201,C00552,2024-06-22,4,I achieved my goal
F005202,C01434,2025-04-11,5,The coach was helpful
F005203,C06671,2024-11-27,4,Good guidance from the team
F005204,C03779,2024-05-07,4,Good guidance from the team
F005205,C18884,2026-03-31,4,The coach was helpful
F005206,C10620,2025-04-24,5,Good experience
F005207,C08535,2026-09-19,4,I achieved my goal
F005208,C09221,2025-10-20,5,Good guidance from the team
F005209,C15436,2026-08-29,3,Could be better
F005210,C06362,2026-03-07,5,Very satisfied
F005211,C00150,2025-11-02,4,The coach was helpful
F005212,C08821,2025-08-06,3,Expected better results
F005213,C19279,2026-05-16,5,The coach was helpful
F005214,C08347,2024-02-17,5,Good guidance from the team
F005215,C12049,2025-02-23,4,Good experience
F005216,C13058,2026-04-04,3,Program was difficult to follow
F005217,C14509,2025-11-05,3,Expected better results
F005218,C00497,2026-02-13,3,Program was difficult to follow
F005219,C16051,2025-07-20,5,The coach was helpful
F005220,C15360,2025-12-25,4,Very helpful program
F005221,C06292,2025-06-15,4,The coach was helpful
F005222,C16511,2025-09-13,5,The coach was helpful
F005223,C15427,2024-11-02,5,Very satisfied
F005224,C17734,2024-12-30,3,I missed some sessions
F005225,C16386,2024-05-06,4,The coach was helpful
F005226,C14307,2024-07-10,5,Good guidance from the team
F005227,C09066,2025-11-01,4,Good experience
F005228,C05405,2024-10-20,3,Expected better results
F005229,C11981,2024-08-09,3,Expected better results
F005230,C01861,2026-08-24,2,Not fully satisfied
F005231,C15935,2024-06-04,5,I achieved my goal
F005232,C18761,2026-03-10,5,I achieved my goal
F005233,C19538,2026-06-06,1,Expected better results
F005234,C14403,2024-07-02,2,I missed some sessions
F005235,C18640,2024-11-14,2,I missed some sessions
F005236,C18618,2025-02-24,5,Good experience
F005237,C19201,2025-03-29,2,Expected better results
F005238,C11377,2026-06-27,4,Excellent support
F005239,C16044,2025-05-10,3,Program was difficult to follow
F005240,C07870,2024-07-16,3,Program was difficult to follow
F005241,C15185,2024-10-16,3,I missed some sessions
F005242,C06811,2026-03-15,5,Very satisfied
F005243,C06767,2025-02-24,5,Very helpful program
F005244,C08495,2024-11-07,3,Need more follow-up
F005245,C10490,2026-08-24,1,Expected better results
F005246,C03725,2026-11-18,3,Expected better results
F005247,C13975,2025-10-11,5,Good guidance from the team
F005248,C13268,2025-02-12,4,Very helpful program
F005249,C16695,2026-04-25,2,Expected better results
F005250,C17955,2024-09-27,4,Good experience
F005251,C12832,2025-12-24,5,Very satisfied
F005252,C11862,2025-09-03,5,Very helpful program
F005253,C19430,2024-12-04,3,Need more follow-up
F005254,C05233,2024-10-30,5,Excellent support
F005255,C01850,2025-05-16,1,Need more follow-up
F005256,C03978,2025-06-07,4,Excellent support
F005257,C13364,2026-08-02,2,Not fully satisfied
F005258,C09721,2024-10-18,2,I missed some sessions
F005259,C18943,2025-04-16,5,Good experience
F005260,C09457,2026-01-16,3,Program was difficult to follow
F005261,C10979,2024-08-12,1,Not fully satisfied
F005262,C19390,2024-04-16,2,Could be better
F005263,C07561,2024-09-09,1,Program was difficult to follow
F005264,C06274,2025-03-12,4,I achieved my goal
F005265,C09455,2025-11-09,4,Very satisfied
F005266,C00248,2024-07-18,4,The coach was helpful
F005267,C11982,2026-05-11,4,Very satisfied
F005268,C13321,2026-07-21,3,Program was difficult to follow
F005269,C00016,2025-10-30,4,Good guidance from the team
F005270,C09500,2025-06-29,5,Excellent support
F005271,C12578,2026-10-24,5,Good experience
F005272,C15025,2026-04-04,2,Expected better results
F005273,C05901,2026-06-30,5,Very satisfied
F005274,C12096,2026-06-25,4,Good experience
F005275,C19585,2024-07-19,4,Very satisfied
F005276,C09386,2025-09-03,5,Good experience
F005277,C05667,2025-11-18,4,The coach was helpful
F005278,C19334,2026-07-22,4,Excellent support
F005279,C06766,2026-04-10,4,I achieved my goal
F005280,C14537,2025-09-28,5,Very satisfied
F005281,C06487,2024-09-29,4,Good guidance from the team
F005282,C16370,2024-12-06,4,Good experience
F005283,C03382,2024-12-27,5,Very helpful program
F005284,C15650,2025-08-03,3,Could be better
F005285,C16769,2024-11-01,4,The coach was helpful
F005286,C10459,2025-04-23,4,The coach was helpful
F005287,C05264,2025-11-24,5,The coach was helpful
F005288,C03808,2024-05-31,4,Excellent support
F005289,C01814,2025-09-01,1,Not fully satisfied
F005290,C00606,2026-11-12,5,Excellent support
F005291,C01920,2024-06-12,5,Good guidance from the team
F005292,C02396,2026-03-31,4,Very satisfied
F005293,C15726,2024-05-11,4,I achieved my goal
F005294,C11271,2025-04-25,4,I achieved my goal
F005295,C15398,2025-12-19,4,Good experience
F005296,C13875,2024-02-22,4,Very helpful program
F005297,C01333,2025-03-26,4,Good experience
F005298,C10013,2025-01-12,5,Excellent support
F005299,C09975,2024-07-06,4,The coach was helpful
F005300,C17223,2026-03-30,5,Good experience
F005301,C07946,2026-12-22,4,Excellent support
F005302,C08667,2024-06-04,5,Excellent support
F005303,C03305,2026-01-22,3,Expected better results
F005304,C02321,2024-08-05,4,Good guidance from the team
F005305,C04663,2026-04-06,3,Could be better
F005306,C17380,2025-12-05,5,The coach was helpful
F005307,C14197,2025-12-31,5,Very satisfied
F005308,C10317,2025-12-23,3,Expected better results
F005309,C14499,2025-12-01,5,Good experience
F005310,C08523,2025-02-27,5,Excellent support
F005311,C15145,2024-07-06,4,I achieved my goal
F005312,C16021,2025-12-11,5,The coach was helpful
F005313,C08556,2026-08-14,4,Very helpful program
F005314,C12161,2024-11-15,5,Good experience
F005315,C15466,2025-02-15,4,The coach was helpful
F005316,C11933,2025-12-12,5,Very helpful program
F005317,C02935,2024-04-07,5,The coach was helpful
F005318,C05150,2024-12-08,3,Expected better results
F005319,C03744,2025-08-22,5,Good guidance from the team
F005320,C10118,2026-05-31,5,Excellent support
F005321,C01726,2025-10-17,4,I achieved my goal
F005322,C02134,2026-04-17,5,Good guidance from the team
F005323,C13253,2026-06-15,3,Could be better
F005324,C07503,2027-04-20,4,Excellent support
F005325,C03200,2025-04-08,2,Not fully satisfied
F005326,C01592,2026-04-24,4,Very helpful program
F005327,C10683,2026-06-07,5,The coach was helpful
F005328,C00859,2024-06-27,5,The coach was helpful
F005329,C04077,2025-08-08,1,Not fully satisfied
F005330,C14351,2026-02-22,5,Good guidance from the team
F005331,C16811,2025-08-27,4,Good guidance from the team
F005332,C16921,2024-10-16,3,I missed some sessions
F005333,C19465,2025-10-04,5,Good experience
F005334,C13672,2024-04-20,3,Expected better results
F005335,C04841,2024-04-29,4,Good guidance from the team
F005336,C05065,2025-11-30,5,Very satisfied
F005337,C09664,2025-02-19,4,Good guidance from the team
F005338,C12969,2025-03-28,4,The coach was helpful
F005339,C14113,2025-05-01,4,Good experience
F005340,C18928,2025-03-01,3,Not fully satisfied
F005341,C11042,2025-04-22,4,Good experience
F005342,C02999,2026-11-27,5,Good experience
F005343,C13337,2026-02-23,5,I achieved my goal
F005344,C02001,2025-02-20,5,The coach was helpful
F005345,C14117,2025-06-10,5,The coach was helpful
F005346,C11372,2025-02-12,4,Good experience
F005347,C19557,2026-08-10,5,The coach was helpful
F005348,C19288,2024-05-06,4,I achieved my goal
F005349,C09349,2027-06-05,5,Very satisfied
F005350,C14368,2026-03-04,5,Very satisfied
F005351,C09718,2026-09-11,3,Need more follow-up
F005352,C09088,2026-03-31,1,Not fully satisfied
F005353,C16283,2024-12-31,2,Expected better results
F005354,C14453,2026-09-09,1,Expected better results
F005355,C16077,2025-08-31,3,Could be better
F005356,C07560,2024-11-16,4,Excellent support
F005357,C07179,2026-03-22,2,Need more follow-up
F005358,C00520,2024-06-16,4,Excellent support
F005359,C17321,2025-12-12,2,Not fully satisfied
F005360,C13306,2026-09-12,3,Not fully satisfied
F005361,C08127,2025-10-05,4,Good guidance from the team
F005362,C05389,2026-01-28,3,Not fully satisfied
F005363,C19602,2024-10-14,5,I achieved my goal
F005364,C14828,2025-11-14,5,Very satisfied
F005365,C00412,2024-10-01,4,Good experience
F005366,C13746,2026-05-14,5,Good guidance from the team
F005367,C10992,2025-04-19,4,The coach was helpful
F005368,C10558,2024-04-16,2,Program was difficult to follow
F005369,C08714,2026-06-01,5,The coach was helpful
F005370,C10258,2024-12-20,5,I achieved my goal
F005371,C15168,2024-07-15,3,Need more follow-up
F005372,C01152,2024-11-28,5,The coach was helpful
F005373,C09071,2024-08-07,5,Excellent support
F005374,C04267,2026-07-04,5,Very satisfied
F005375,C17960,2025-06-01,4,Excellent support
F005376,C00212,2025-10-15,4,Good experience
F005377,C01702,2026-02-06,5,Good experience
F005378,C19607,2025-02-12,5,Very helpful program
F005379,C01179,2025-07-17,4,Very satisfied
F005380,C12992,2025-07-07,5,Very helpful program
F005381,C06114,2025-01-20,4,Excellent support
F005382,C11406,2025-12-09,4,I achieved my goal
F005383,C01809,2025-09-23,4,Very satisfied
F005384,C11518,2025-12-29,4,Very helpful program
F005385,C10938,2026-05-15,3,Could be better
F005386,C06743,2025-10-17,5,The coach was helpful
F005387,C12964,2024-08-24,5,Very satisfied
F005388,C03426,2025-05-20,4,Good guidance from the team
F005389,C07204,2025-08-14,5,Good guidance from the team
F005390,C17637,2025-07-29,5,Very helpful program
F005391,C06593,2026-07-16,4,Excellent support
F005392,C19341,2024-10-30,4,Excellent support
F005393,C08616,2025-10-01,4,The coach was helpful
F005394,C15913,2026-11-04,5,The coach was helpful
F005395,C07758,2026-05-11,3,I missed some sessions
F005396,C12482,2025-03-11,5,Very helpful program
F005397,C00584,2025-07-16,4,Good experience
F005398,C19016,2026-04-01,1,Could be better
F005399,C19994,2024-05-27,4,The coach was helpful
F005400,C18093,2025-09-20,5,Good guidance from the team
F005401,C01137,2026-08-04,4,Good experience
F005402,C00600,2025-12-03,5,Good guidance from the team
F005403,C14322,2025-01-19,5,Good experience
F005404,C08867,2024-12-31,5,Very satisfied
F005405,C00070,2024-12-17,4,The coach was helpful
F005406,C02023,2024-10-15,3,Could be better
F005407,C07685,2025-05-11,5,I achieved my goal
F005408,C15157,2024-08-21,5,I achieved my goal
F005409,C04895,2024-12-01,1,Could be better
F005410,C11491,2025-11-10,4,Very helpful program
F005411,C14333,2024-09-07,4,I achieved my goal
F005412,C11682,2026-10-10,5,Very satisfied
F005413,C05622,2024-05-04,5,I achieved my goal
F005414,C12751,2025-01-28,4,I achieved my goal
F005415,C04419,2024-11-21,5,Good guidance from the team
F005416,C11792,2026-02-05,3,Expected better results
F005417,C10868,2026-08-15,5,Very satisfied
F005418,C06220,2025-03-01,5,I achieved my goal
F005419,C13481,2025-10-20,4,The coach was helpful
F005420,C09961,2026-01-02,5,Good experience
F005421,C19371,2026-06-16,2,Program was difficult to follow
F005422,C19551,2026-04-16,5,Good guidance from the team
F005423,C03269,2026-09-14,4,Very helpful program
F005424,C05506,2026-05-29,2,Could be better
F005425,C03127,2026-04-30,5,I achieved my goal
F005426,C11393,2026-09-24,4,Excellent support
F005427,C02828,2025-04-27,5,Good experience
F005428,C16134,2025-12-19,2,Need more follow-up
F005429,C02354,2026-02-16,5,I achieved my goal
F005430,C04817,2025-03-03,2,Need more follow-up
F005431,C12551,2024-11-16,4,Good guidance from the team
F005432,C07853,2025-05-10,5,Very satisfied
F005433,C11200,2025-12-17,5,Very satisfied
F005434,C01216,2025-04-09,4,Good guidance from the team
F005435,C09946,2026-01-14,5,Excellent support
F005436,C17552,2024-05-18,4,Good guidance from the team
F005437,C06627,2025-03-02,4,Very helpful program
F005438,C16855,2026-05-26,4,Good guidance from the team
F005439,C06703,2025-05-17,3,I missed some sessions
F005440,C04816,2025-09-27,5,Good guidance from the team
F005441,C17836,2026-04-18,4,The coach was helpful
F005442,C18520,2026-05-08,5,Good experience
F005443,C01841,2024-08-17,3,Expected better results
F005444,C11626,2025-04-02,4,Good experience
F005445,C10275,2025-10-04,5,Very satisfied
F005446,C00737,2024-11-15,4,Good guidance from the team
F005447,C09956,2025-10-06,4,Very satisfied
F005448,C16320,2026-03-16,5,The coach was helpful
F005449,C19935,2025-01-27,5,Good experience
F005450,C08134,2024-04-05,5,Very satisfied
F005451,C16127,2024-11-11,3,I missed some sessions
F005452,C15569,2024-11-03,5,Very helpful program
F005453,C08006,2026-03-26,2,Program was difficult to follow
F005454,C05648,2026-03-21,4,Very satisfied
F005455,C07100,2025-11-05,2,Program was difficult to follow
F005456,C01697,2024-10-06,4,The coach was helpful
F005457,C14041,2026-04-12,4,I achieved my goal
F005458,C04490,2024-09-30,4,Good guidance from the team
F005459,C06133,2026-02-26,3,Program was difficult to follow
F005460,C09440,2026-02-09,3,I missed some sessions
F005461,C17409,2025-11-13,5,Good guidance from the team
F005462,C15552,2024-12-14,1,Not fully satisfied
F005463,C11135,2026-08-09,5,I achieved my goal
F005464,C16714,2026-06-05,4,Very satisfied
F005465,C02209,2025-02-18,5,Excellent support
F005466,C14464,2025-02-25,4,Good guidance from the team
F005467,C00539,2024-06-26,5,Very helpful program
F005468,C14294,2024-10-07,2,Not fully satisfied
F005469,C07524,2026-05-18,3,I missed some sessions
F005470,C14944,2026-08-07,4,Good experience
F005471,C12627,2025-09-17,2,I missed some sessions
F005472,C14792,2026-04-29,4,Excellent support
F005473,C18215,2024-09-11,3,Could be better
F005474,C11552,2026-04-05,4,Good experience
F005475,C12513,2026-03-06,2,Need more follow-up
F005476,C07413,2025-04-30,2,Need more follow-up
F005477,C17302,2024-02-18,5,Very helpful program
F005478,C02348,2025-12-24,5,I achieved my goal
F005479,C09614,2025-12-10,2,Program was difficult to follow
F005480,C15723,2025-06-12,3,Not fully satisfied
F005481,C15836,2026-04-14,2,Expected better results
F005482,C12758,2026-07-23,5,Good experience
F005483,C10944,2025-04-29,5,I achieved my goal
F005484,C17896,2024-12-02,4,Good guidance from the team
F005485,C16949,2024-07-12,4,Good guidance from the team
F005486,C07716,2024-04-13,5,The coach was helpful
F005487,C14923,2024-09-24,4,Very helpful program
F005488,C15688,2024-11-30,5,Very satisfied
F005489,C07162,2025-04-29,5,Very satisfied
F005490,C03221,2025-03-29,5,Good experience
F005491,C03573,2026-07-13,5,I achieved my goal
F005492,C11485,2025-12-17,4,Very helpful program
F005493,C08200,2026-01-20,4,The coach was helpful
F005494,C00904,2025-09-19,1,Expected better results
F005495,C15397,2024-08-09,5,Good experience
F005496,C15300,2024-10-01,1,Need more follow-up
F005497,C05246,2026-08-27,5,Good guidance from the team
F005498,C12371,2024-12-20,5,I achieved my goal
F005499,C06865,2025-12-15,4,Excellent support
F005500,C04065,2025-09-20,3,Could be better
F005501,C13410,2026-01-06,5,Good guidance from the team
F005502,C16257,2024-09-29,3,I missed some sessions
F005503,C09671,2026-02-04,4,Excellent support
F005504,C15254,2025-04-26,5,Excellent support
F005505,C18693,2025-09-08,4,Very satisfied
F005506,C12994,2025-01-30,4,I achieved my goal
F005507,C02602,2025-03-22,2,Not fully satisfied
F005508,C16703,2025-12-15,1,Need more follow-up
F005509,C02913,2024-10-20,4,The coach was helpful
F005510,C15040,2026-05-29,4,Excellent support
F005511,C01047,2025-05-18,5,Very satisfied
F005512,C02712,2025-05-06,5,Good guidance from the team
F005513,C00386,2024-09-14,3,I missed some sessions
F005514,C08008,2025-01-03,3,Need more follow-up
F005515,C00119,2026-08-15,4,Very satisfied
F005516,C18523,2026-05-08,3,Expected better results
F005517,C08595,2026-03-07,4,Very satisfied
F005518,C04991,2025-07-07,5,I achieved my goal
F005519,C18065,2026-05-23,5,Very helpful program
F005520,C10562,2025-07-05,5,The coach was helpful
F005521,C08518,2025-02-13,5,Very satisfied
F005522,C13537,2026-05-04,4,The coach was helpful
F005523,C16008,2026-05-08,4,Very satisfied
F005524,C01016,2024-04-22,5,Good guidance from the team
F005525,C04102,2025-03-05,5,Very satisfied
F005526,C18059,2025-10-22,5,Good guidance from the team
F005527,C14194,2026-09-08,3,Need more follow-up
F005528,C08998,2024-09-24,4,Good experience
F005529,C04887,2025-07-11,4,Very satisfied
F005530,C09607,2024-11-13,5,Excellent support
F005531,C08761,2025-02-20,3,Program was difficult to follow
F005532,C00283,2026-07-07,4,I achieved my goal
F005533,C06095,2025-11-28,4,Very helpful program
F005534,C06966,2024-11-22,5,Very helpful program
F005535,C11273,2024-07-15,4,Good guidance from the team
F005536,C16672,2025-10-16,2,Need more follow-up
F005537,C04312,2025-10-05,4,I achieved my goal
F005538,C02442,2024-09-04,4,Good guidance from the team
F005539,C09980,2024-09-06,3,Program was difficult to follow
F005540,C17866,2024-10-29,4,Very helpful program
F005541,C08618,2026-04-15,2,Could be better
F005542,C10507,2025-06-28,5,Very satisfied
F005543,C13859,2024-07-04,4,Good experience
F005544,C06855,2027-02-08,5,Very helpful program
F005545,C01129,2025-11-21,4,Very satisfied
F005546,C02667,2025-05-21,3,Need more follow-up
F005547,C06831,2024-11-07,2,Not fully satisfied
F005548,C00328,2025-10-31,5,I achieved my goal
F005549,C09438,2025-11-17,3,Not fully satisfied
F005550,C14628,2025-11-13,4,Excellent support
F005551,C04546,2025-11-21,4,Good guidance from the team
F005552,C01713,2026-01-05,5,Good guidance from the team
F005553,C03761,2024-03-15,4,Excellent support
F005554,C05825,2024-06-19,4,Excellent support
F005555,C02008,2025-11-16,5,The coach was helpful
F005556,C13739,2026-07-12,5,Very helpful program
F005557,C02787,2027-03-25,4,I achieved my goal
F005558,C17491,2025-07-23,5,I achieved my goal
F005559,C02246,2025-05-23,1,Could be better
F005560,C04037,2026-12-31,3,Expected better results
F005561,C02902,2024-03-22,4,Good experience
F005562,C07306,2024-06-13,2,Expected better results
F005563,C10587,2026-04-02,3,Could be better
F005564,C09134,2026-01-18,3,Not fully satisfied
F005565,C10310,2026-07-19,5,Excellent support
F005566,C01585,2025-08-25,4,Excellent support
F005567,C11497,2024-07-23,2,I missed some sessions
F005568,C03806,2025-09-08,3,Not fully satisfied
F005569,C19780,2024-10-07,4,Very satisfied
F005570,C05599,2024-07-10,5,Very satisfied
F005571,C01661,2025-01-23,5,Good experience
F005572,C14035,2025-03-14,3,Not fully satisfied
F005573,C13608,2024-03-14,3,Expected better results
F005574,C01630,2025-12-02,5,Very helpful program
F005575,C08931,2024-12-11,5,Good experience
F005576,C07663,2025-04-02,5,The coach was helpful
F005577,C02147,2025-08-17,5,I achieved my goal
F005578,C05519,2026-01-10,5,The coach was helpful
F005579,C00230,2024-11-02,5,Excellent support
F005580,C17235,2024-09-23,4,Good experience
F005581,C08298,2025-10-14,5,Good guidance from the team
F005582,C06580,2024-07-26,4,Good guidance from the team
F005583,C04248,2026-06-30,4,I achieved my goal
F005584,C13212,2026-08-14,5,The coach was helpful
F005585,C04788,2026-03-09,4,Excellent support
F005586,C11935,2025-04-03,5,Good experience
F005587,C03681,2026-01-09,1,Expected better results
F005588,C06324,2025-02-12,2,I missed some sessions
F005589,C11718,2026-01-04,4,I achieved my goal
F005590,C17910,2025-01-15,3,Expected better results
F005591,C01258,2025-12-06,3,I missed some sessions
F005592,C09253,2025-09-16,4,Very satisfied
F005593,C12422,2026-04-28,5,Good guidance from the team
F005594,C14613,2024-04-16,5,Good experience
F005595,C09524,2026-07-18,5,Good guidance from the team
F005596,C13463,2026-02-13,5,Very satisfied
F005597,C16303,2024-07-30,4,Very satisfied
F005598,C05152,2024-09-17,3,I missed some sessions
F005599,C12148,2025-08-05,5,Good guidance from the team
F005600,C19500,2025-12-04,3,Program was difficult to follow
F005601,C18518,2025-01-13,5,Good experience
F005602,C02871,2025-05-05,5,Very satisfied
F005603,C04935,2024-03-30,2,I missed some sessions
F005604,C03568,2025-04-28,5,Good experience
F005605,C01942,2025-09-09,5,Very helpful program
F005606,C01691,2024-12-12,5,Good guidance from the team
F005607,C02938,2025-09-13,5,Good guidance from the team
F005608,C13428,2024-06-19,5,Very helpful program
F005609,C13384,2026-06-14,2,Program was difficult to follow
F005610,C07022,2026-06-17,4,The coach was helpful
F005611,C00207,2026-05-29,4,I achieved my goal
F005612,C01522,2025-12-26,4,Very helpful program
F005613,C13386,2026-06-15,3,Program was difficult to follow
F005614,C10474,2024-12-01,5,Good guidance from the team
F005615,C17242,2025-09-25,3,Could be better
F005616,C17048,2024-11-30,3,I missed some sessions
F005617,C11538,2025-07-19,3,Not fully satisfied
F005618,C05730,2025-04-25,5,Very helpful program
F005619,C11035,2026-06-18,5,I achieved my goal
F005620,C02014,2026-01-16,4,Good experience
F005621,C15121,2025-01-26,3,I missed some sessions
F005622,C11223,2025-04-19,1,Program was difficult to follow
F005623,C04597,2024-11-01,3,Expected better results
F005624,C01729,2026-01-09,5,Good guidance from the team
F005625,C02124,2024-05-30,4,Good guidance from the team
F005626,C14471,2025-11-19,1,Expected better results
F005627,C06656,2025-10-06,4,Good experience
F005628,C06130,2024-04-25,3,Need more follow-up
F005629,C15667,2025-11-02,3,Could be better
F005630,C10479,2025-05-27,5,Very satisfied
F005631,C11079,2026-05-16,4,The coach was helpful
F005632,C18854,2026-08-27,4,Excellent support
F005633,C17853,2024-08-18,5,Good guidance from the team
F005634,C10068,2025-07-18,5,Excellent support
F005635,C12045,2026-05-08,5,I achieved my goal
F005636,C01354,2025-05-04,5,The coach was helpful
F005637,C14673,2026-06-24,1,Not fully satisfied
F005638,C09194,2026-03-21,5,Good experience
F005639,C07010,2024-08-29,5,Good guidance from the team
F005640,C15977,2025-06-06,2,Expected better results
F005641,C06382,2025-11-12,5,Good experience
F005642,C18120,2024-07-16,4,I achieved my goal
F005643,C11241,2025-12-09,3,Need more follow-up
F005644,C04456,2025-07-10,3,I missed some sessions
F005645,C15162,2024-12-20,5,I achieved my goal
F005646,C04651,2024-04-09,5,Excellent support
F005647,C15943,2024-10-17,1,Expected better results
F005648,C11940,2024-07-06,4,I achieved my goal
F005649,C10554,2025-08-04,5,Excellent support
F005650,C14551,2024-12-27,5,Good guidance from the team
F005651,C13466,2025-02-15,4,I achieved my goal
F005652,C04591,2025-04-25,4,Very satisfied
F005653,C05815,2026-08-20,1,Program was difficult to follow
F005654,C09547,2025-03-29,2,I missed some sessions
F005655,C09050,2026-01-14,4,Excellent support
F005656,C08445,2024-09-24,4,Excellent support
F005657,C06372,2026-05-14,4,Very satisfied
F005658,C01832,2024-10-17,3,I missed some sessions
F005659,C10222,2024-08-05,4,Very helpful program
F005660,C02139,2024-10-24,4,Very helpful program
F005661,C05517,2026-06-01,4,Excellent support
F005662,C18208,2026-04-23,5,I achieved my goal
F005663,C00599,2025-11-28,3,Need more follow-up
F005664,C06249,2026-03-02,3,Expected better results
F005665,C19883,2026-07-02,3,Not fully satisfied
F005666,C07303,2025-06-10,5,Excellent support
F005667,C16650,2024-12-04,5,Good experience
F005668,C18340,2025-01-16,3,Expected better results
F005669,C02404,2025-01-11,4,Good guidance from the team
F005670,C12398,2024-10-07,5,Very helpful program
F005671,C04009,2026-09-01,4,Very satisfied
F005672,C06187,2026-09-17,4,I achieved my goal
F005673,C10127,2026-09-15,4,I achieved my goal
F005674,C04519,2025-09-10,3,Not fully satisfied
F005675,C12157,2025-01-08,5,Good experience
F005676,C14213,2026-07-30,4,Excellent support
F005677,C12182,2026-06-10,4,Good guidance from the team
F005678,C10818,2026-02-11,2,I missed some sessions
F005679,C13501,2024-11-01,5,I achieved my goal
F005680,C19929,2024-05-22,3,Not fully satisfied
F005681,C08531,2024-08-06,5,Good guidance from the team
F005682,C01797,2025-10-07,4,Good guidance from the team
F005683,C10440,2025-12-22,5,Excellent support
F005684,C14516,2026-04-20,5,Very satisfied
F005685,C08430,2025-11-22,5,Very satisfied
F005686,C08476,2024-06-22,4,Good guidance from the team
F005687,C11830,2024-09-19,1,Program was difficult to follow
F005688,C16055,2026-01-30,3,I missed some sessions
F005689,C00090,2025-12-04,5,Very satisfied
F005690,C13271,2024-06-26,4,Good guidance from the team
F005691,C16204,2025-07-02,4,The coach was helpful
F005692,C12277,2026-06-20,3,I missed some sessions
F005693,C18155,2024-03-12,1,Program was difficult to follow
F005694,C05632,2025-03-31,1,Could be better
F005695,C05473,2026-11-10,4,Good guidance from the team
F005696,C16560,2026-01-18,2,Expected better results
F005697,C13649,2026-05-12,4,The coach was helpful
F005698,C03220,2025-10-03,4,I achieved my goal
F005699,C16876,2026-07-11,5,The coach was helpful
F005700,C07916,2024-12-11,1,Not fully satisfied
F005701,C15979,2024-05-13,3,Not fully satisfied
F005702,C05881,2026-06-18,3,I missed some sessions
F005703,C15203,2026-01-31,5,The coach was helpful
F005704,C12942,2025-03-13,3,I missed some sessions
F005705,C10835,2024-10-27,4,Good experience
F005706,C12870,2025-08-23,5,Excellent support
F005707,C10947,2024-04-22,4,Very satisfied
F005708,C11316,2025-05-08,4,The coach was helpful
F005709,C07443,2024-06-17,5,I achieved my goal
F005710,C03151,2024-10-19,5,The coach was helpful
F005711,C00485,2024-12-11,3,Expected better results
F005712,C03948,2026-02-09,4,Excellent support
F005713,C19072,2026-02-25,2,Expected better results
F005714,C13549,2025-12-05,5,Very satisfied
F005715,C19330,2024-06-08,2,Program was difficult to follow
F005716,C05054,2025-04-30,3,Expected better results
F005717,C01094,2024-11-20,3,Expected better results
F005718,C06443,2026-05-13,4,I achieved my goal
F005719,C10335,2025-12-10,1,I missed some sessions
F005720,C07959,2026-04-23,4,I achieved my goal
F005721,C01701,2025-04-20,5,Very helpful program
F005722,C09403,2024-11-22,2,Not fully satisfied
F005723,C11507,2024-10-14,3,Could be better
F005724,C12095,2025-05-21,3,Expected better results
F005725,C16315,2025-09-13,5,Very helpful program
F005726,C02088,2025-05-10,3,Not fully satisfied
F005727,C06139,2024-05-02,2,Need more follow-up
F005728,C02837,2026-09-11,4,Good guidance from the team
F005729,C14010,2026-08-13,2,Could be better
F005730,C12028,2025-08-09,5,Excellent support
F005731,C16337,2026-01-08,5,Very satisfied
F005732,C04284,2025-03-13,5,I achieved my goal
F005733,C10922,2026-04-09,5,Very helpful program
F005734,C09385,2024-04-08,5,Good experience
F005735,C10096,2026-05-05,5,I achieved my goal
F005736,C15484,2025-07-02,4,Very satisfied
F005737,C18942,2026-03-04,4,Excellent support
F005738,C09112,2025-10-31,5,Good experience
F005739,C10635,2026-07-25,4,Very helpful program
F005740,C10252,2024-07-17,2,Could be better
F005741,C02254,2025-02-07,4,Very satisfied
F005742,C19438,2024-08-30,4,Good experience
F005743,C02027,2025-05-13,5,The coach was helpful
F005744,C01048,2025-09-22,3,Need more follow-up
F005745,C14015,2026-01-20,4,Very helpful program
F005746,C13772,2024-10-07,5,Good experience
F005747,C17275,2024-05-26,3,Need more follow-up
F005748,C07340,2025-07-04,4,Excellent support
F005749,C04144,2025-10-29,5,Good guidance from the team
F005750,C16925,2026-08-06,4,Good guidance from the team
F005751,C13006,2025-09-11,3,Program was difficult to follow
F005752,C18629,2026-02-12,4,Very helpful program
F005753,C02900,2026-06-01,2,Could be better
F005754,C16917,2025-02-26,5,Good experience
F005755,C09435,2025-01-19,5,I achieved my goal
F005756,C18906,2025-08-11,3,Need more follow-up
F005757,C15087,2026-07-20,5,Very satisfied
F005758,C01640,2025-01-13,4,Very helpful program
F005759,C11088,2026-10-27,5,I achieved my goal
F005760,C03461,2025-07-28,4,Very satisfied
F005761,C11677,2025-09-20,5,The coach was helpful
F005762,C01648,2025-04-28,3,Could be better
F005763,C18599,2025-10-13,4,I achieved my goal
F005764,C01329,2026-06-30,5,Very satisfied
F005765,C14933,2026-02-09,5,I achieved my goal
F005766,C07935,2024-04-01,4,Very satisfied
F005767,C10303,2025-06-26,2,Expected better results
F005768,C10519,2026-03-15,4,Very satisfied
F005769,C16752,2026-01-12,3,Need more follow-up
F005770,C03534,2026-09-23,4,Excellent support
F005771,C03313,2026-12-15,4,I achieved my goal
F005772,C16276,2026-01-08,4,I achieved my goal
F005773,C11683,2024-05-06,2,Not fully satisfied
F005774,C14881,2025-10-20,4,I achieved my goal
F005775,C00792,2026-05-22,4,Good experience
F005776,C14327,2025-12-09,5,I achieved my goal
F005777,C05097,2026-04-16,2,Expected better results
F005778,C18844,2026-09-10,2,Program was difficult to follow
F005779,C02078,2027-04-02,4,I achieved my goal
F005780,C04013,2026-02-10,5,Very satisfied
F005781,C12601,2024-12-10,2,Not fully satisfied
F005782,C11655,2025-09-01,3,I missed some sessions
F005783,C17918,2025-08-01,5,Good experience
F005784,C04134,2024-08-01,4,Excellent support
F005785,C01210,2025-02-01,5,Good experience
F005786,C08154,2025-12-30,5,Very satisfied
F005787,C08371,2026-08-31,4,Very satisfied
F005788,C15905,2025-03-09,5,Very helpful program
F005789,C13885,2026-03-11,4,Excellent support
F005790,C18631,2026-03-04,4,Very helpful program
F005791,C02451,2025-10-28,2,Need more follow-up
F005792,C11191,2024-06-05,3,Not fully satisfied
F005793,C19086,2024-09-16,4,I achieved my goal
F005794,C08205,2025-02-19,5,Good guidance from the team
F005795,C13868,2026-03-16,5,Very helpful program
F005796,C08045,2025-06-18,5,Very satisfied
F005797,C05936,2026-05-23,5,Excellent support
F005798,C09422,2025-04-07,4,Very satisfied
F005799,C11842,2024-04-25,2,Expected better results
F005800,C04337,2026-03-01,5,Very satisfied
F005801,C12154,2025-04-30,3,Need more follow-up
F005802,C08357,2024-03-22,5,Very satisfied
F005803,C04566,2025-09-04,3,Not fully satisfied
F005804,C04345,2025-09-26,4,Good experience
F005805,C02116,2025-12-11,5,Good experience
F005806,C12764,2024-05-16,5,The coach was helpful
F005807,C15361,2026-06-18,5,Very helpful program
F005808,C17996,2024-03-28,4,Very satisfied
F005809,C03816,2025-09-30,5,Excellent support
F005810,C09773,2025-09-08,4,Good guidance from the team
F005811,C04867,2025-08-27,4,The coach was helpful
F005812,C06906,2024-09-01,4,Very satisfied
F005813,C05475,2026-03-23,3,Program was difficult to follow
F005814,C19552,2025-01-31,3,Expected better results
F005815,C13940,2025-06-03,4,Very helpful program
F005816,C18934,2026-06-27,3,Need more follow-up
F005817,C05277,2026-06-14,3,Program was difficult to follow
F005818,C14804,2026-03-19,5,Good guidance from the team
F005819,C03645,2026-02-27,4,Excellent support
F005820,C15494,2024-08-20,5,Excellent support
F005821,C04643,2024-10-04,1,Expected better results
F005822,C05434,2026-08-22,4,Excellent support
F005823,C17335,2026-03-17,1,I missed some sessions
F005824,C04502,2025-01-24,5,Good experience
F005825,C13012,2026-08-15,5,Very helpful program
F005826,C17794,2024-09-01,2,Program was difficult to follow
F005827,C14510,2024-02-18,5,I achieved my goal
F005828,C13749,2025-01-31,4,Very satisfied
F005829,C19716,2025-03-16,3,I missed some sessions
F005830,C03003,2025-03-14,5,Excellent support
F005831,C12478,2024-07-04,4,Good guidance from the team
F005832,C01481,2024-03-31,5,The coach was helpful
F005833,C15144,2024-07-22,1,Need more follow-up
F005834,C16622,2025-01-14,4,Excellent support
F005835,C05812,2024-12-18,4,Good experience
F005836,C02556,2026-01-01,5,I achieved my goal
F005837,C04722,2024-12-12,5,Very satisfied
F005838,C12569,2024-08-17,5,The coach was helpful
F005839,C05858,2026-08-23,4,Excellent support
F005840,C05818,2025-06-05,3,Need more follow-up
F005841,C14766,2025-01-17,3,Need more follow-up
F005842,C01385,2026-03-28,2,I missed some sessions
F005843,C15028,2026-08-13,5,The coach was helpful
F005844,C09184,2026-05-22,2,Could be better
F005845,C08679,2026-05-17,5,Very satisfied
F005846,C01755,2025-04-21,3,Expected better results
F005847,C14508,2025-04-27,4,Excellent support
F005848,C18687,2025-01-17,5,The coach was helpful
F005849,C14844,2026-07-13,3,Not fully satisfied
F005850,C17135,2026-02-10,4,Good experience
F005851,C06575,2026-05-25,5,Very helpful program
F005852,C04584,2026-05-09,3,Program was difficult to follow
F005853,C16959,2024-11-21,4,The coach was helpful
F005854,C17419,2024-09-06,4,Very helpful program
F005855,C04196,2024-12-16,3,Program was difficult to follow
F005856,C18619,2024-06-16,5,I achieved my goal
F005857,C15499,2025-11-26,5,The coach was helpful
F005858,C08068,2025-03-01,5,Excellent support
F005859,C19927,2024-08-26,4,Very satisfied
F005860,C03224,2024-03-04,5,Very helpful program
F005861,C04706,2026-01-30,4,Good experience
F005862,C06433,2024-08-25,2,Could be better
F005863,C07576,2025-04-04,4,Very helpful program
F005864,C17042,2024-03-22,4,Very helpful program
F005865,C15072,2025-05-10,5,Good experience
F005866,C16922,2024-08-08,4,I achieved my goal
F005867,C18398,2026-04-12,3,Could be better
F005868,C11530,2025-04-24,4,Excellent support
F005869,C16302,2025-09-21,5,The coach was helpful
F005870,C10862,2024-07-19,1,Not fully satisfied
F005871,C12579,2024-10-12,5,The coach was helpful
F005872,C15247,2026-05-11,4,Very satisfied
F005873,C17840,2026-03-21,5,The coach was helpful
F005874,C06344,2025-05-18,5,Very helpful program
F005875,C09931,2025-06-08,5,I achieved my goal
F005876,C13096,2024-10-23,5,Good experience
F005877,C10523,2024-10-26,4,The coach was helpful
F005878,C14733,2025-01-09,5,I achieved my goal
F005879,C10434,2025-07-12,3,I missed some sessions
F005880,C16263,2025-02-10,4,Very satisfied
F005881,C13331,2025-01-27,1,Program was difficult to follow
F005882,C14661,2024-12-05,5,I achieved my goal
F005883,C18088,2024-04-04,5,Good experience
F005884,C11701,2025-07-30,3,I missed some sessions
F005885,C13877,2025-11-24,5,Good experience
F005886,C18719,2024-09-14,4,I achieved my goal
F005887,C16167,2026-09-05,4,Very helpful program
F005888,C18071,2025-12-28,2,Not fully satisfied
F005889,C01916,2025-11-02,4,Very satisfied
F005890,C05723,2025-10-12,3,Expected better results
F005891,C07227,2025-11-05,5,The coach was helpful
F005892,C15411,2026-07-12,4,Good experience
F005893,C17091,2024-08-24,4,Very satisfied
F005894,C00924,2025-04-28,5,Very satisfied
F005895,C07281,2025-07-27,4,Good guidance from the team
F005896,C07377,2026-05-17,3,Program was difficult to follow
F005897,C10927,2026-08-01,5,Very helpful program
F005898,C00905,2025-04-08,4,Very helpful program
F005899,C06089,2025-08-21,3,Program was difficult to follow
F005900,C08927,2024-10-27,5,Good experience
F005901,C18188,2025-09-24,3,Not fully satisfied
F005902,C15803,2025-08-27,1,Could be better
F005903,C08690,2026-07-16,1,Program was difficult to follow
F005904,C04328,2024-04-14,4,The coach was helpful
F005905,C18938,2024-04-26,4,The coach was helpful
F005906,C11460,2024-04-21,3,Not fully satisfied
F005907,C05210,2026-04-02,3,I missed some sessions
F005908,C07165,2024-08-21,1,Could be better
F005909,C07658,2025-04-11,3,Need more follow-up
F005910,C01485,2025-03-08,4,I achieved my goal
F005911,C15002,2025-01-21,5,The coach was helpful
F005912,C14189,2026-03-22,2,I missed some sessions
F005913,C18476,2025-09-18,5,The coach was helpful
F005914,C07243,2026-03-22,3,Not fully satisfied
F005915,C14350,2024-10-06,5,Good experience
F005916,C09766,2025-04-01,2,Program was difficult to follow
F005917,C08048,2026-06-28,3,I missed some sessions
F005918,C12439,2024-09-21,5,Excellent support
F005919,C01762,2025-11-10,2,Expected better results
F005920,C18075,2025-06-07,3,Could be better
F005921,C19510,2024-08-10,3,Could be better
F005922,C15297,2026-02-18,5,Very satisfied
F005923,C06468,2026-08-10,1,I missed some sessions
F005924,C10613,2025-01-19,5,I achieved my goal
F005925,C07978,2024-05-29,4,Very helpful program
F005926,C18956,2026-04-13,5,Good guidance from the team
F005927,C16581,2025-03-26,4,Good experience
F005928,C14264,2025-11-02,4,Good guidance from the team
F005929,C07869,2024-10-03,4,The coach was helpful
F005930,C10673,2025-06-09,3,Expected better results
F005931,C04385,2024-03-31,4,Very helpful program
F005932,C15239,2024-10-04,4,The coach was helpful
F005933,C17004,2024-07-26,5,Good guidance from the team
F005934,C03640,2025-11-05,4,Good experience
F005935,C09665,2024-11-20,3,Expected better results
F005936,C18946,2024-11-26,2,I missed some sessions
F005937,C03628,2026-05-12,4,I achieved my goal
F005938,C03734,2025-09-12,5,Very helpful program
F005939,C10848,2024-04-23,2,Could be better
F005940,C09350,2025-12-17,5,Very satisfied
F005941,C17850,2024-11-14,4,I achieved my goal
F005942,C09698,2025-12-08,4,Very helpful program
F005943,C14487,2025-07-30,3,Not fully satisfied
F005944,C18384,2025-07-20,4,Good experience
F005945,C19970,2025-04-25,5,Good experience
F005946,C06427,2025-09-04,5,Excellent support
F005947,C11575,2025-01-23,5,Excellent support
F005948,C01093,2024-12-30,1,Not fully satisfied
F005949,C10043,2024-06-25,5,Very helpful program
F005950,C08957,2024-11-18,4,Good guidance from the team
F005951,C18731,2024-08-14,3,Need more follow-up
F005952,C11666,2026-03-05,4,Good guidance from the team
F005953,C03311,2024-04-24,1,I missed some sessions
F005954,C03535,2024-09-09,5,Good guidance from the team
F005955,C12292,2024-12-10,5,Very helpful program
F005956,C18474,2025-06-25,2,Program was difficult to follow
F005957,C10907,2025-09-06,5,Very helpful program
F005958,C06167,2024-07-02,4,Very helpful program
F005959,C09847,2025-06-06,5,The coach was helpful
F005960,C09930,2025-10-12,2,Could be better
F005961,C15340,2026-03-01,2,I missed some sessions
F005962,C12771,2025-05-03,4,Good experience
F005963,C14163,2026-02-03,5,Excellent support
F005964,C02429,2026-02-26,3,Could be better
F005965,C07117,2025-05-01,5,The coach was helpful
F005966,C12940,2025-09-20,4,Good experience
F005967,C16657,2025-11-15,4,The coach was helpful
F005968,C02057,2025-04-19,3,Need more follow-up
F005969,C15492,2024-03-12,4,Good guidance from the team
F005970,C17442,2024-10-28,4,Very satisfied
F005971,C12665,2025-11-09,2,Not fully satisfied
F005972,C06053,2025-09-18,5,Very helpful program
F005973,C01515,2024-07-23,5,Good experience
F005974,C10812,2025-08-17,5,The coach was helpful
F005975,C01297,2024-08-04,5,Very helpful program
F005976,C19529,2026-08-10,4,Very helpful program
F005977,C05658,2026-04-10,5,Good experience
F005978,C15409,2026-05-12,4,The coach was helpful
F005979,C09794,2025-02-18,2,Program was difficult to follow
F005980,C08893,2025-08-31,4,I achieved my goal
F005981,C02922,2024-10-10,5,Very satisfied
F005982,C02743,2024-10-10,4,Good experience
F005983,C17718,2024-07-20,5,I achieved my goal
F005984,C16794,2026-08-21,3,Not fully satisfied
F005985,C18457,2024-03-10,5,The coach was helpful
F005986,C01727,2025-08-12,5,Very satisfied
F005987,C12648,2026-04-14,4,Excellent support
F005988,C04779,2026-01-15,3,Not fully satisfied
F005989,C16087,2025-05-04,4,The coach was helpful
F005990,C10965,2026-03-09,3,Expected better results
F005991,C12697,2026-06-22,3,I missed some sessions
F005992,C09910,2024-12-15,5,I achieved my goal
F005993,C08774,2026-08-01,5,Good guidance from the team
F005994,C07221,2026-02-07,4,The coach was helpful
F005995,C18430,2025-06-07,4,Excellent support
F005996,C09723,2024-10-05,4,Very satisfied
F005997,C06642,2024-12-18,5,Very helpful program
F005998,C04629,2025-12-23,1,Not fully satisfied
F005999,C02515,2024-10-06,5,The coach was helpful
F006000,C09275,2025-07-17,3,Could be better
F006001,C00874,2025-04-24,5,Good experience
F006002,C13021,2026-03-31,4,Very satisfied
F006003,C04800,2024-05-12,5,Good experience
F006004,C19450,2025-03-28,4,Very helpful program
F006005,C09308,2027-02-20,3,Program was difficult to follow
F006006,C09629,2024-11-11,4,The coach was helpful
F006007,C08489,2024-10-20,5,Good guidance from the team
F006008,C18931,2025-05-08,4,The coach was helpful
F006009,C17796,2026-02-17,1,Need more follow-up
F006010,C17268,2025-05-12,3,I missed some sessions
F006011,C19981,2025-12-23,4,Very helpful program
F006012,C16219,2026-08-07,4,I achieved my goal
F006013,C01567,2025-05-20,5,Excellent support
F006014,C19635,2025-09-13,4,Very satisfied
F006015,C11250,2025-11-14,5,The coach was helpful
F006016,C18612,2025-03-26,4,I achieved my goal
F006017,C14109,2026-04-08,5,I achieved my goal
F006018,C07840,2024-12-22,5,Very helpful program
F006019,C04685,2025-03-27,4,Good experience
F006020,C14265,2024-09-08,5,The coach was helpful
F006021,C14679,2025-07-07,2,I missed some sessions
F006022,C11695,2024-07-29,1,Not fully satisfied
F006023,C01588,2025-04-19,5,I achieved my goal
F006024,C15722,2025-10-29,5,The coach was helpful
F006025,C11129,2025-11-17,4,Excellent support
F006026,C15708,2024-10-14,4,Excellent support
F006027,C03241,2025-05-04,4,Good experience
F006028,C00529,2025-08-09,2,Need more follow-up
F006029,C01340,2024-09-01,3,Not fully satisfied
F006030,C09781,2025-09-28,3,Program was difficult to follow
F006031,C06555,2024-06-22,2,Could be better
F006032,C03970,2024-08-18,2,Not fully satisfied
F006033,C12335,2026-01-12,4,Very helpful program
F006034,C07718,2024-08-18,3,Could be better
F006035,C00550,2026-09-14,2,Not fully satisfied
F006036,C09804,2025-02-14,3,Expected better results
F006037,C13180,2024-08-29,3,Program was difficult to follow
F006038,C09014,2026-03-27,5,I achieved my goal
F006039,C03468,2024-02-24,5,Very satisfied
F006040,C13203,2025-09-21,4,Good guidance from the team
F006041,C08135,2026-02-26,2,Need more follow-up
F006042,C05099,2024-09-01,5,Very satisfied
F006043,C12987,2026-07-14,4,Very helpful program
F006044,C07465,2024-04-03,5,The coach was helpful
F006045,C00671,2026-03-28,4,The coach was helpful
F006046,C03799,2025-05-27,3,I missed some sessions
F006047,C16251,2025-07-17,4,Good guidance from the team
F006048,C07930,2026-08-12,3,Not fully satisfied
F006049,C03718,2025-02-07,5,Very helpful program
F006050,C01057,2025-04-23,5,Very helpful program
F006051,C02132,2024-06-22,2,Expected better results
F006052,C07452,2025-04-01,4,I achieved my goal
F006053,C09943,2026-02-18,5,Good guidance from the team
F006054,C02049,2026-03-21,2,Program was difficult to follow
F006055,C06429,2026-05-27,3,I missed some sessions
F006056,C12838,2025-02-17,4,The coach was helpful
F006057,C11736,2025-07-17,2,Program was difficult to follow
F006058,C16531,2026-07-21,4,The coach was helpful
F006059,C06734,2025-09-04,3,Program was difficult to follow
F006060,C08220,2024-12-22,5,The coach was helpful
F006061,C11258,2025-08-21,4,Very helpful program
F006062,C10674,2026-06-07,3,I missed some sessions
F006063,C09906,2025-01-14,5,Excellent support
F006064,C12986,2024-10-17,4,Good guidance from the team
F006065,C08065,2025-06-10,5,Good guidance from the team
F006066,C03797,2024-07-10,2,Not fully satisfied
F006067,C06232,2025-07-30,5,Excellent support
F006068,C01101,2025-02-03,5,I achieved my goal
F006069,C14200,2024-07-08,3,Program was difficult to follow
F006070,C13980,2024-10-24,4,The coach was helpful
F006071,C10955,2026-07-29,4,The coach was helpful
F006072,C00928,2026-01-06,5,Very satisfied
F006073,C01627,2024-09-15,4,Good guidance from the team
F006074,C12908,2024-10-06,4,I achieved my goal
F006075,C04718,2026-08-15,5,Good guidance from the team
F006076,C14982,2024-10-23,3,Could be better
F006077,C18015,2026-02-13,2,Expected better results
F006078,C09972,2024-11-10,5,Good guidance from the team
F006079,C11762,2024-12-07,4,Very helpful program
F006080,C08119,2024-12-20,3,Could be better
F006081,C03460,2025-06-20,5,Good experience
F006082,C04463,2025-01-17,4,Excellent support
F006083,C19532,2024-06-30,3,Expected better results
F006084,C00852,2024-06-21,5,Good guidance from the team
F006085,C08951,2026-06-14,3,I missed some sessions
F006086,C17538,2025-06-24,5,I achieved my goal
F006087,C17864,2026-06-07,3,Need more follow-up
F006088,C09311,2024-08-30,4,Excellent support
F006089,C16515,2024-07-30,5,Good experience
F006090,C08144,2024-07-31,4,I achieved my goal
F006091,C13339,2025-09-18,4,Good experience
F006092,C11074,2024-03-26,2,I missed some sessions
F006093,C11455,2025-05-12,4,Very helpful program
F006094,C05954,2026-02-28,3,I missed some sessions
F006095,C04700,2024-12-08,5,I achieved my goal
F006096,C11616,2024-03-30,3,Program was difficult to follow
F006097,C01922,2024-06-11,2,I missed some sessions
F006098,C01549,2025-09-11,4,Very satisfied
F006099,C19912,2024-06-21,4,The coach was helpful
F006100,C05992,2026-04-30,4,Good experience
F006101,C03487,2026-06-02,4,Excellent support
F006102,C00808,2024-07-08,4,Very satisfied
F006103,C03885,2025-04-27,3,Could be better
F006104,C03879,2024-07-16,5,Excellent support
F006105,C03385,2024-10-28,3,Program was difficult to follow
F006106,C08559,2025-04-02,5,The coach was helpful
F006107,C02453,2026-01-21,5,I achieved my goal
F006108,C16584,2024-10-21,5,The coach was helpful
F006109,C01223,2024-06-27,4,Very satisfied
F006110,C02912,2024-09-10,4,Excellent support
F006111,C18040,2025-07-13,4,Excellent support
F006112,C09922,2025-08-15,5,Good experience
F006113,C08436,2025-02-21,4,Good guidance from the team
F006114,C17030,2024-06-09,5,The coach was helpful
F006115,C18104,2025-07-01,4,The coach was helpful
F006116,C06390,2025-04-19,4,Excellent support
F006117,C04334,2025-10-09,4,Very helpful program
F006118,C18272,2025-10-09,4,I achieved my goal
F006119,C17527,2026-03-22,5,Very satisfied
F006120,C03087,2025-12-05,3,Need more follow-up
F006121,C01708,2024-08-03,4,Very satisfied
F006122,C02921,2025-01-10,3,Expected better results
F006123,C01417,2025-06-07,2,Need more follow-up
F006124,C11252,2024-07-18,1,Need more follow-up
F006125,C18756,2025-09-18,4,I achieved my goal
F006126,C09497,2026-11-30,5,I achieved my goal
F006127,C11053,2025-02-27,5,Very helpful program
F006128,C11843,2025-03-17,5,Very satisfied
F006129,C11351,2024-11-24,4,Very helpful program
F006130,C16575,2025-07-14,5,Very satisfied
F006131,C15381,2026-01-29,4,Very helpful program
F006132,C11220,2026-01-14,5,Excellent support
F006133,C02129,2025-01-04,4,Very satisfied
F006134,C19818,2025-09-20,5,Very helpful program
F006135,C18247,2026-03-18,4,I achieved my goal
F006136,C03931,2024-07-12,5,Good experience
F006137,C00613,2025-01-06,3,Could be better
F006138,C06798,2024-09-03,3,Expected better results
F006139,C02734,2025-06-12,3,Need more follow-up
F006140,C00008,2025-05-01,2,Need more follow-up
F006141,C14963,2025-08-23,4,Good guidance from the team
F006142,C03484,2025-02-16,5,Very satisfied
F006143,C06956,2024-11-25,5,The coach was helpful
F006144,C05261,2024-11-21,4,Good experience
F006145,C19871,2026-02-28,3,Program was difficult to follow
F006146,C19158,2026-06-11,5,Good experience
F006147,C02203,2026-06-03,5,The coach was helpful
F006148,C05503,2027-01-07,3,Expected better results
F006149,C11478,2025-02-19,4,Very helpful program
F006150,C09672,2025-09-14,4,I achieved my goal
F006151,C10214,2025-11-12,4,Very satisfied
F006152,C13597,2025-12-08,1,Could be better
F006153,C00951,2024-10-27,2,Expected better results
F006154,C12988,2026-04-21,4,Excellent support
F006155,C11307,2025-01-16,5,I achieved my goal
F006156,C13944,2025-07-31,2,Program was difficult to follow
F006157,C04034,2025-10-13,4,Excellent support
F006158,C06744,2025-09-18,1,Program was difficult to follow
F006159,C18385,2025-04-12,3,Program was difficult to follow
F006160,C11280,2026-03-16,2,Program was difficult to follow
F006161,C15744,2024-02-21,3,Could be better
F006162,C03553,2024-12-21,5,Excellent support
F006163,C12378,2026-04-15,4,The coach was helpful
F006164,C03696,2026-01-29,3,I missed some sessions
F006165,C06566,2025-09-16,5,The coach was helpful
F006166,C01734,2025-02-13,4,The coach was helpful
F006167,C01406,2026-02-10,5,Very satisfied
F006168,C09206,2025-05-11,4,I achieved my goal
F006169,C18328,2024-12-08,5,Good experience
F006170,C14546,2025-07-24,4,Excellent support
F006171,C12907,2024-08-04,2,Program was difficult to follow
F006172,C08933,2026-04-29,3,Expected better results
F006173,C04492,2025-10-05,5,I achieved my goal
F006174,C12219,2026-03-31,4,Very satisfied
F006175,C12725,2026-08-29,4,Excellent support
F006176,C07710,2026-10-06,3,Need more follow-up
F006177,C12937,2026-06-09,4,Very satisfied
F006178,C10804,2024-11-15,3,Not fully satisfied
F006179,C03668,2025-12-17,3,Not fully satisfied
F006180,C04734,2025-09-28,4,Good experience
F006181,C02802,2025-06-29,5,Good guidance from the team
F006182,C17808,2024-02-04,5,I achieved my goal
F006183,C01204,2025-08-10,4,The coach was helpful
F006184,C00271,2024-10-17,4,Excellent support
F006185,C18874,2025-06-20,4,The coach was helpful
F006186,C13774,2025-02-18,3,I missed some sessions
F006187,C07103,2026-08-27,4,I achieved my goal
F006188,C08486,2024-05-03,2,Could be better
F006189,C06834,2025-07-03,4,Good guidance from the team
F006190,C10908,2026-07-03,2,Could be better
F006191,C14973,2026-06-27,4,Good guidance from the team
F006192,C19137,2024-04-28,2,Need more follow-up
F006193,C02537,2024-06-22,5,Very helpful program
F006194,C09822,2025-07-04,3,Not fully satisfied
F006195,C03649,2026-03-27,1,I missed some sessions
F006196,C17664,2026-11-25,5,Very satisfied
F006197,C14700,2024-06-02,4,Good experience
F006198,C16686,2024-03-23,5,Very satisfied
F006199,C07294,2024-07-31,4,Excellent support
F006200,C13125,2025-04-02,3,Program was difficult to follow
F006201,C12708,2025-10-17,2,Program was difficult to follow
F006202,C15649,2025-12-17,5,Very satisfied
F006203,C08164,2024-10-19,3,Need more follow-up
F006204,C16467,2025-08-07,4,Very satisfied
F006205,C07109,2026-10-18,3,Need more follow-up
F006206,C18108,2026-06-11,3,Could be better
F006207,C18306,2025-04-06,2,I missed some sessions
F006208,C17686,2025-09-14,5,Very satisfied
F006209,C13543,2026-06-02,5,I achieved my goal
F006210,C00411,2024-10-13,3,Need more follow-up
F006211,C02117,2025-02-16,3,Program was difficult to follow
F006212,C06942,2025-10-16,2,I missed some sessions
F006213,C02059,2026-03-31,3,I missed some sessions
F006214,C12609,2025-09-20,4,I achieved my goal
F006215,C09899,2026-07-06,5,Very satisfied
F006216,C12249,2025-09-03,4,Very helpful program
F006217,C02695,2024-11-24,3,Need more follow-up
F006218,C00975,2025-01-11,3,Not fully satisfied
F006219,C04088,2025-06-01,4,Good guidance from the team
F006220,C13250,2025-02-18,5,Good guidance from the team
F006221,C06086,2024-09-16,4,Good guidance from the team
F006222,C07800,2024-07-04,5,Good experience
F006223,C13219,2026-05-04,5,Excellent support
F006224,C18916,2026-07-31,5,Very satisfied
F006225,C05950,2026-06-27,5,Good experience
F006226,C02910,2024-08-31,5,Good guidance from the team
F006227,C09737,2024-03-01,4,Very satisfied
F006228,C16520,2025-02-17,5,Good experience
F006229,C14151,2024-08-23,5,Good experience
F006230,C03362,2024-09-12,5,Good guidance from the team
F006231,C08721,2026-09-23,4,Good experience
F006232,C05240,2025-04-24,4,Good guidance from the team
F006233,C05449,2025-06-09,4,The coach was helpful
F006234,C18379,2026-03-24,5,Excellent support
F006235,C05315,2025-07-07,4,The coach was helpful
F006236,C00130,2024-04-25,3,I missed some sessions
F006237,C02366,2025-06-20,4,Good guidance from the team
F006238,C15368,2026-08-04,5,I achieved my goal
F006239,C17012,2027-03-16,5,Very helpful program
F006240,C14180,2024-11-13,5,Excellent support
F006241,C19089,2025-10-14,3,Not fully satisfied
F006242,C04957,2026-09-01,4,Very satisfied
F006243,C16225,2024-09-13,4,Very satisfied
F006244,C04176,2024-04-12,4,Excellent support
F006245,C14765,2024-10-02,5,The coach was helpful
F006246,C19005,2025-04-17,5,I achieved my goal
F006247,C13098,2026-03-20,4,The coach was helpful
F006248,C00124,2025-10-13,4,The coach was helpful
F006249,C17606,2025-04-29,5,I achieved my goal
F006250,C15950,2026-08-13,1,Expected better results
F006251,C14064,2026-06-20,3,Program was difficult to follow
F006252,C01506,2025-03-31,5,Good experience
F006253,C08533,2025-03-07,4,Very helpful program
F006254,C13973,2025-04-06,5,Very helpful program
F006255,C13493,2025-05-30,5,Good guidance from the team
F006256,C02271,2025-03-01,2,Program was difficult to follow
F006257,C08417,2026-09-24,5,Very helpful program
F006258,C17704,2026-02-21,5,Very satisfied
F006259,C07040,2024-03-10,5,Very satisfied
F006260,C19804,2025-01-02,4,I achieved my goal
F006261,C15116,2024-10-17,4,I achieved my goal
F006262,C01820,2025-10-12,4,Very satisfied
F006263,C01295,2024-05-10,5,I achieved my goal
F006264,C11300,2025-01-10,4,Excellent support
F006265,C11744,2025-12-25,2,I missed some sessions
F006266,C02144,2025-12-27,3,Not fully satisfied
F006267,C01140,2025-12-25,3,Not fully satisfied
F006268,C04087,2024-06-05,4,Good experience
F006269,C02314,2024-12-30,3,Expected better results
F006270,C14660,2024-12-21,3,Need more follow-up
F006271,C18774,2024-09-01,3,Expected better results
F006272,C07009,2026-04-08,4,Good experience
F006273,C08848,2025-02-26,5,Excellent support
F006274,C08236,2026-06-12,5,Very satisfied
F006275,C17083,2024-11-01,5,Very helpful program
F006276,C19314,2025-09-26,4,The coach was helpful
F006277,C18136,2025-12-31,4,Very satisfied
F006278,C06933,2026-08-29,4,Good experience
F006279,C19182,2026-03-01,5,Very satisfied
F006280,C17774,2025-01-14,3,Expected better results
F006281,C00363,2025-12-24,3,Could be better
F006282,C06096,2026-01-24,4,I achieved my goal
F006283,C01537,2025-11-23,4,Good guidance from the team
F006284,C02431,2025-08-05,4,Excellent support
F006285,C08984,2025-11-27,5,Very satisfied
F006286,C16690,2025-07-23,5,Excellent support
F006287,C03503,2026-03-25,3,Need more follow-up
F006288,C02249,2026-06-17,4,Good experience
F006289,C15117,2024-09-07,4,Very helpful program
F006290,C10909,2025-06-08,3,Not fully satisfied
F006291,C01771,2025-01-17,4,Good experience
F006292,C11825,2024-05-30,5,Excellent support
F006293,C00655,2026-08-11,2,Need more follow-up
F006294,C12211,2024-11-24,4,Very helpful program
F006295,C07250,2025-01-30,5,I achieved my goal
F006296,C00826,2025-06-04,5,The coach was helpful
F006297,C03209,2025-12-15,2,Not fully satisfied
F006298,C00384,2026-05-07,3,Expected better results
F006299,C15379,2024-05-27,4,Excellent support
F006300,C04558,2026-04-18,5,The coach was helpful
F006301,C04265,2024-05-08,4,The coach was helpful
F006302,C11263,2026-02-28,5,Excellent support
F006303,C06678,2024-11-02,4,Very helpful program
F006304,C15786,2024-05-05,5,I achieved my goal
F006305,C03257,2024-07-23,4,I achieved my goal
F006306,C10037,2025-10-21,5,Good experience
F006307,C11751,2024-07-11,4,The coach was helpful
F006308,C16970,2025-11-16,4,Good experience
F006309,C15285,2025-07-29,5,Good guidance from the team
F006310,C11128,2024-08-07,4,Good experience
F006311,C04665,2024-04-18,4,Very satisfied
F006312,C08767,2025-06-07,4,Excellent support
F006313,C03393,2025-12-03,4,Very satisfied
F006314,C07313,2025-07-24,2,Expected better results
F006315,C14845,2026-03-15,3,Program was difficult to follow
F006316,C06739,2024-10-02,4,Excellent support
F006317,C07467,2025-10-28,4,I achieved my goal
F006318,C17056,2025-04-09,4,I achieved my goal
F006319,C14123,2026-07-17,4,Very satisfied
F006320,C03210,2026-05-30,5,I achieved my goal
F006321,C14314,2024-11-26,3,Program was difficult to follow
F006322,C07082,2025-08-24,4,I achieved my goal
F006323,C06895,2026-03-23,3,Need more follow-up
F006324,C03695,2025-08-16,4,Good guidance from the team
F006325,C12927,2026-05-31,5,Good experience
F006326,C15195,2026-03-05,4,Good guidance from the team
F006327,C17915,2026-03-03,5,Excellent support
F006328,C16015,2024-05-09,4,Very satisfied
F006329,C11031,2024-10-20,2,Program was difficult to follow
F006330,C03952,2025-09-13,4,Good experience
F006331,C15410,2025-12-27,5,The coach was helpful
F006332,C08231,2025-06-24,5,Very satisfied
F006333,C03602,2024-12-01,3,Expected better results
F006334,C11557,2026-04-16,4,I achieved my goal
F006335,C19915,2024-10-04,3,Program was difficult to follow
F006336,C18828,2024-10-18,5,Excellent support
F006337,C01112,2025-08-21,1,Could be better
F006338,C18578,2026-06-01,4,Very helpful program
F006339,C12713,2024-12-31,2,I missed some sessions
F006340,C15051,2025-09-24,5,Good experience
F006341,C07510,2024-04-30,5,Excellent support
F006342,C02926,2026-02-16,3,Not fully satisfied
F006343,C02372,2026-06-06,4,Very helpful program
F006344,C11537,2025-04-09,4,Excellent support
F006345,C04755,2024-06-23,3,Need more follow-up
F006346,C04623,2026-08-06,3,Need more follow-up
F006347,C13811,2026-06-16,4,Good guidance from the team
F006348,C03355,2024-12-27,4,Excellent support
F006349,C07392,2026-02-22,3,I missed some sessions
F006350,C09570,2026-03-21,4,Good experience
F006351,C09023,2026-06-22,3,Could be better
F006352,C04083,2026-06-02,5,Very satisfied
F006353,C18639,2025-11-26,5,Excellent support
F006354,C07617,2025-12-28,3,Not fully satisfied
F006355,C12189,2024-10-13,1,Not fully satisfied
F006356,C09094,2024-05-10,3,Not fully satisfied
F006357,C01547,2024-10-31,3,Could be better
F006358,C19377,2025-02-10,3,Could be better
F006359,C17654,2025-02-14,5,Good guidance from the team
F006360,C01247,2024-09-13,5,Excellent support
F006361,C10007,2024-12-07,4,Good guidance from the team
F006362,C02143,2024-10-02,5,The coach was helpful
F006363,C05312,2026-08-17,3,I missed some sessions
F006364,C13687,2024-08-23,5,Good guidance from the team
F006365,C10525,2024-10-02,4,Good guidance from the team
F006366,C13404,2026-06-30,4,Very satisfied
F006367,C05288,2025-11-03,5,Good guidance from the team
F006368,C12322,2026-07-27,4,Excellent support
F006369,C02866,2026-01-18,5,Excellent support
F006370,C19189,2024-10-24,5,The coach was helpful
F006371,C16465,2025-01-08,4,Good experience
F006372,C06473,2025-04-23,4,Very satisfied
F006373,C09891,2026-01-10,2,Expected better results
F006374,C06174,2025-04-23,4,Very satisfied
F006375,C13731,2024-10-19,3,Not fully satisfied
F006376,C15099,2024-05-11,5,Good guidance from the team
F006377,C04395,2025-11-09,5,Very satisfied
F006378,C16492,2025-03-10,4,Very satisfied
F006379,C11730,2025-01-04,4,Good guidance from the team
F006380,C11464,2026-08-18,3,Not fully satisfied
F006381,C13957,2025-03-10,5,Excellent support
F006382,C14354,2025-06-06,4,Very helpful program
F006383,C04826,2026-03-21,3,Expected better results
F006384,C15751,2025-09-21,4,Good guidance from the team
F006385,C05946,2025-06-11,4,Good experience
F006386,C05338,2024-08-06,3,Not fully satisfied
F006387,C12012,2025-03-16,5,Good guidance from the team
F006388,C07732,2024-12-08,5,I achieved my goal
F006389,C10062,2026-02-08,3,I missed some sessions
F006390,C01123,2024-04-20,5,Excellent support
F006391,C06992,2025-11-12,5,Very satisfied
F006392,C06641,2026-04-07,5,The coach was helpful
F006393,C16109,2025-01-19,2,Program was difficult to follow
F006394,C04089,2024-02-26,3,Need more follow-up
F006395,C09498,2024-10-21,5,The coach was helpful
F006396,C18621,2026-10-26,3,Could be better
F006397,C00293,2025-04-20,5,I achieved my goal
F006398,C15869,2025-05-15,3,Program was difficult to follow
F006399,C06522,2025-10-19,2,Not fully satisfied
F006400,C09297,2025-04-21,5,Excellent support
F006401,C12565,2026-06-03,4,Good experience
F006402,C01757,2025-04-11,4,The coach was helpful
F006403,C14398,2024-07-28,3,Need more follow-up
F006404,C19263,2026-05-20,5,I achieved my goal
F006405,C02105,2024-05-11,5,Excellent support
F006406,C06907,2027-06-20,4,The coach was helpful
F006407,C04793,2025-09-16,1,Expected better results
F006408,C19939,2026-03-18,5,Excellent support
F006409,C04480,2024-12-18,5,Good experience
F006410,C03898,2024-08-19,5,I achieved my goal
F006411,C17751,2026-08-26,4,Good experience
F006412,C12854,2026-01-19,1,Not fully satisfied
F006413,C00658,2026-03-01,5,Very satisfied
F006414,C15079,2025-12-20,5,I achieved my goal
F006415,C03412,2024-10-21,4,Very satisfied
F006416,C09405,2024-06-14,5,Very satisfied
F006417,C03589,2025-04-26,5,The coach was helpful
F006418,C11361,2025-07-17,4,Good experience
F006419,C11980,2025-12-18,4,Very satisfied
F006420,C13847,2025-12-09,3,Could be better
F006421,C18945,2025-05-02,4,Excellent support
F006422,C03809,2025-04-21,4,The coach was helpful
F006423,C00156,2024-10-15,3,I missed some sessions
F006424,C07481,2025-05-03,5,Excellent support
F006425,C10229,2025-10-29,4,Excellent support
F006426,C07519,2025-01-03,3,Expected better results
F006427,C03864,2025-11-03,2,Could be better
F006428,C01730,2026-04-23,4,The coach was helpful
F006429,C15241,2025-03-07,5,Good experience
F006430,C19646,2025-12-10,4,Good experience
F006431,C16886,2026-08-16,4,Good experience
F006432,C15644,2025-08-13,5,I achieved my goal
F006433,C13240,2024-06-28,4,Very helpful program
F006434,C11549,2024-03-12,3,Not fully satisfied
F006435,C05103,2024-05-27,4,Very satisfied
F006436,C18796,2027-01-05,4,Very satisfied
F006437,C01219,2025-12-08,4,Very helpful program
F006438,C06057,2024-08-22,4,I achieved my goal
F006439,C16795,2024-03-03,4,Excellent support
F006440,C17587,2025-05-22,4,Good experience
F006441,C11120,2026-08-13,3,Could be better
F006442,C02309,2024-03-28,4,Good guidance from the team
F006443,C18125,2026-05-03,4,The coach was helpful
F006444,C08541,2025-07-16,5,Excellent support
F006445,C19091,2025-04-01,3,Need more follow-up
F006446,C16264,2025-04-19,3,Need more follow-up
F006447,C00476,2025-06-08,4,Very satisfied
F006448,C04740,2027-03-05,5,Excellent support
F006449,C15717,2025-09-30,4,Good guidance from the team
F006450,C15221,2026-03-27,5,Good guidance from the team
F006451,C16171,2025-03-19,5,Very satisfied
F006452,C08328,2024-08-28,4,I achieved my goal
F006453,C01704,2024-11-23,5,Excellent support
F006454,C08683,2025-05-04,2,I missed some sessions
F006455,C04460,2025-07-13,4,I achieved my goal
F006456,C10973,2026-02-14,3,Program was difficult to follow
F006457,C06297,2025-11-09,5,Good experience
F006458,C05493,2026-05-18,4,Very helpful program
F006459,C08487,2024-05-28,4,Very helpful program
F006460,C05530,2026-05-19,5,Excellent support
F006461,C07651,2025-04-28,2,Not fully satisfied
F006462,C13832,2024-06-13,4,Excellent support
F006463,C02517,2024-05-11,5,Very satisfied
F006464,C19767,2026-07-08,3,Expected better results
F006465,C12782,2026-06-01,4,Very satisfied
F006466,C02933,2024-08-06,5,Excellent support
F006467,C16094,2025-08-26,5,Good experience
F006468,C17756,2025-09-30,2,Not fully satisfied
F006469,C03619,2024-02-26,3,Program was difficult to follow
F006470,C09552,2026-05-12,5,Very helpful program
F006471,C07977,2025-07-07,3,Program was difficult to follow
F006472,C07725,2025-03-07,2,Program was difficult to follow
F006473,C13919,2025-11-30,4,Very helpful program
F006474,C16802,2024-06-07,1,Program was difficult to follow
F006475,C08617,2025-04-24,4,Very satisfied
F006476,C07070,2025-06-16,3,Not fully satisfied
F006477,C14846,2024-09-14,4,I achieved my goal
F006478,C15394,2027-06-08,2,Program was difficult to follow
F006479,C15164,2025-12-24,4,The coach was helpful
F006480,C06445,2026-07-07,3,Need more follow-up
F006481,C14187,2025-12-02,5,The coach was helpful
F006482,C09676,2025-01-14,3,Not fully satisfied
F006483,C09695,2024-03-04,4,I achieved my goal
F006484,C06287,2026-03-25,4,Good guidance from the team
F006485,C09790,2026-08-15,5,Good experience
F006486,C19309,2025-07-06,4,Very helpful program
F006487,C10923,2026-07-14,5,Good guidance from the team
F006488,C10780,2026-07-08,3,I missed some sessions
F006489,C14455,2026-07-01,1,Could be better
F006490,C12952,2024-06-25,4,I achieved my goal
F006491,C19971,2024-10-09,3,Expected better results
F006492,C13249,2025-01-08,5,Very helpful program
F006493,C08990,2024-05-18,3,Expected better results
F006494,C01686,2024-07-21,4,Very satisfied
F006495,C05355,2025-09-09,4,Good guidance from the team
F006496,C17175,2026-01-17,4,Very satisfied
F006497,C07384,2025-06-08,4,Good guidance from the team
F006498,C11001,2025-06-09,4,Good guidance from the team
F006499,C04617,2024-07-21,5,Very satisfied
F006500,C08019,2025-05-21,5,Excellent support
F006501,C16082,2026-07-23,5,Good guidance from the team
F006502,C15280,2024-10-18,2,Not fully satisfied
F006503,C09639,2026-08-20,4,Very helpful program
F006504,C18347,2026-04-11,3,Could be better
F006505,C15730,2025-09-28,5,Good guidance from the team
F006506,C13490,2026-04-19,5,Very satisfied
F006507,C13894,2025-06-24,4,I achieved my goal
F006508,C07554,2024-08-22,2,I missed some sessions
F006509,C12019,2026-09-20,3,Expected better results
F006510,C16514,2025-01-18,5,Good guidance from the team
F006511,C17795,2026-10-12,2,I missed some sessions
F006512,C10882,2024-12-06,4,The coach was helpful
F006513,C09850,2026-09-24,3,Not fully satisfied
F006514,C12232,2024-04-05,4,Very satisfied
F006515,C09055,2025-03-13,5,The coach was helpful
F006516,C18235,2025-07-13,5,The coach was helpful
F006517,C15413,2025-12-10,5,Very helpful program
F006518,C09707,2026-01-25,5,Excellent support
F006519,C02973,2026-03-18,5,Very satisfied
F006520,C05390,2024-11-21,5,Excellent support
F006521,C06738,2025-07-25,3,Could be better
F006522,C06883,2025-08-29,2,Expected better results
F006523,C10014,2024-07-13,5,Very satisfied
F006524,C09129,2025-10-11,5,I achieved my goal
F006525,C02087,2025-08-03,5,The coach was helpful
F006526,C08751,2026-02-03,4,The coach was helpful
F006527,C14144,2026-03-07,4,Excellent support
F006528,C00360,2025-09-03,5,Very helpful program
F006529,C03638,2025-10-24,4,Very helpful program
F006530,C13328,2025-02-22,5,Very satisfied
F006531,C00452,2025-08-29,5,Very satisfied
F006532,C16861,2026-08-07,5,Very helpful program
F006533,C06931,2025-12-13,5,Good guidance from the team
F006534,C18083,2024-11-28,5,Very helpful program
F006535,C05861,2026-01-30,4,I achieved my goal
F006536,C09109,2024-10-26,2,Program was difficult to follow
F006537,C03844,2024-05-13,4,The coach was helpful
F006538,C13101,2025-09-01,5,The coach was helpful
F006539,C11429,2025-10-27,3,Need more follow-up
F006540,C17075,2025-03-25,3,Not fully satisfied
F006541,C03992,2025-07-28,2,Program was difficult to follow
F006542,C15576,2024-11-19,5,The coach was helpful
F006543,C16796,2024-09-18,3,Program was difficult to follow
F006544,C00031,2024-07-20,5,Good experience
F006545,C06026,2026-05-30,4,Good experience
F006546,C04050,2025-11-11,5,Excellent support
F006547,C09320,2024-06-11,5,Good guidance from the team
F006548,C19236,2026-03-01,5,I achieved my goal
F006549,C08727,2025-09-16,3,Could be better
F006550,C09362,2026-02-10,5,I achieved my goal
F006551,C14617,2025-03-08,1,Not fully satisfied
F006552,C00541,2025-06-15,3,Could be better
F006553,C06574,2026-02-24,1,Could be better
F006554,C16748,2026-03-29,1,I missed some sessions
F006555,C14653,2026-02-08,4,Very satisfied
F006556,C18487,2024-10-04,4,Good experience
F006557,C04554,2024-09-27,4,Very satisfied
F006558,C15015,2026-08-23,5,Very helpful program
F006559,C07786,2026-06-20,4,Good experience
F006560,C06644,2025-01-26,5,I achieved my goal
F006561,C10221,2026-08-13,2,Not fully satisfied
F006562,C09124,2024-12-31,5,Good guidance from the team
F006563,C16189,2025-04-08,4,I achieved my goal
F006564,C01735,2026-09-18,1,Need more follow-up
F006565,C00842,2026-06-04,2,Expected better results
F006566,C00820,2025-06-20,5,The coach was helpful
F006567,C17261,2024-05-28,5,The coach was helpful
F006568,C14057,2026-01-21,4,Good guidance from the team
F006569,C05709,2025-08-29,5,Very helpful program
F006570,C00851,2025-12-25,4,The coach was helpful
F006571,C13794,2026-07-27,5,I achieved my goal
F006572,C02891,2026-04-10,5,Good experience
F006573,C15633,2024-06-06,3,I missed some sessions
F006574,C17171,2026-10-13,3,I missed some sessions
F006575,C18994,2025-06-19,5,Very helpful program
F006576,C14325,2025-11-07,2,I missed some sessions
F006577,C12438,2024-09-16,4,Good experience
F006578,C12820,2024-05-19,1,I missed some sessions
F006579,C04162,2025-02-20,4,Excellent support
F006580,C10307,2024-04-13,1,Need more follow-up
F006581,C17789,2025-11-17,3,Expected better results
F006582,C03067,2024-06-07,2,Could be better
F006583,C13661,2025-02-23,5,Very helpful program
F006584,C04447,2026-01-10,4,Excellent support
F006585,C07144,2025-12-23,5,Very satisfied
F006586,C09265,2026-04-19,4,The coach was helpful
F006587,C05820,2024-04-06,5,The coach was helpful
F006588,C08906,2026-04-08,4,Very satisfied
F006589,C10553,2026-08-03,4,The coach was helpful
F006590,C13821,2024-08-19,4,The coach was helpful
F006591,C04838,2026-05-08,4,I achieved my goal
F006592,C12815,2025-04-17,4,The coach was helpful
F006593,C03853,2024-12-11,4,Good experience
F006594,C10460,2026-02-25,5,Good guidance from the team
F006595,C19515,2025-12-27,4,I achieved my goal
F006596,C18464,2024-07-09,4,Excellent support
F006597,C10769,2025-06-24,5,The coach was helpful
F006598,C16720,2025-07-28,4,Very satisfied
F006599,C04207,2024-09-18,4,I achieved my goal
F006600,C08734,2024-09-29,4,Good experience
F006601,C19698,2024-10-19,4,Good guidance from the team
F006602,C13897,2024-04-19,5,Very helpful program
F006603,C05290,2024-12-24,4,The coach was helpful
F006604,C12379,2025-05-08,4,I achieved my goal
F006605,C15303,2025-01-10,5,Very helpful program
F006606,C11645,2024-10-15,2,Not fully satisfied
F006607,C18081,2025-05-28,3,I missed some sessions
F006608,C09885,2026-06-22,5,Good experience
F006609,C01945,2025-04-16,4,Good guidance from the team
F006610,C13829,2024-10-14,1,Not fully satisfied
F006611,C00344,2026-05-25,5,I achieved my goal
F006612,C14744,2024-06-20,4,The coach was helpful
F006613,C05997,2024-09-22,5,Good guidance from the team
F006614,C11952,2025-06-14,4,Good guidance from the team
F006615,C07783,2026-04-29,3,Need more follow-up
F006616,C02398,2024-06-27,4,Good guidance from the team
F006617,C06940,2025-12-03,5,The coach was helpful
F006618,C12483,2024-07-12,5,I achieved my goal
F006619,C14750,2025-08-09,4,I achieved my goal
F006620,C01769,2025-10-06,3,I missed some sessions
F006621,C01191,2025-02-05,5,Good guidance from the team
F006622,C16502,2026-05-04,4,Excellent support
F006623,C15338,2024-12-26,4,Excellent support
F006624,C12170,2026-05-01,5,Excellent support
F006625,C18967,2026-01-14,3,I missed some sessions
F006626,C11036,2024-11-27,4,Very satisfied
F006627,C04305,2025-05-17,5,I achieved my goal
F006628,C06724,2026-07-18,5,Good experience
F006629,C07845,2025-06-06,4,Good experience
F006630,C17320,2024-03-18,3,Expected better results
F006631,C05035,2025-01-23,4,I achieved my goal
F006632,C19840,2026-01-18,4,I achieved my goal
F006633,C11112,2025-01-08,5,Good experience
F006634,C15141,2025-01-19,4,The coach was helpful
F006635,C11594,2025-02-13,5,I achieved my goal
F006636,C05374,2024-10-05,4,Good experience
F006637,C08908,2025-09-15,5,Very helpful program
F006638,C04790,2026-07-03,2,Expected better results
F006639,C16287,2026-08-15,4,Good guidance from the team
F006640,C10567,2025-10-31,5,Good experience
F006641,C06036,2025-02-13,5,The coach was helpful
F006642,C13881,2026-06-30,4,Very helpful program
F006643,C07808,2026-03-09,5,The coach was helpful
F006644,C02282,2024-09-25,2,Need more follow-up
F006645,C13302,2025-02-13,3,Need more follow-up
F006646,C19859,2026-06-15,4,Good experience
F006647,C15687,2025-02-01,4,Very satisfied
F006648,C16854,2024-09-13,3,Need more follow-up
F006649,C16682,2024-11-19,2,Program was difficult to follow
F006650,C18470,2025-11-04,4,Good guidance from the team
F006651,C16523,2024-08-19,4,Very helpful program
F006652,C05507,2024-08-20,4,I achieved my goal
F006653,C13743,2024-04-23,4,The coach was helpful
F006654,C14361,2025-09-06,3,I missed some sessions
F006655,C08275,2024-04-01,5,Very helpful program
F006656,C11512,2024-12-12,2,Program was difficult to follow
F006657,C15915,2024-09-07,4,Very helpful program
F006658,C18459,2026-11-15,3,Program was difficult to follow
F006659,C05407,2024-04-21,5,Good experience
F006660,C07245,2026-07-25,4,Good experience
F006661,C03219,2024-07-25,4,Very satisfied
F006662,C12694,2025-08-11,5,Good experience
F006663,C10524,2024-06-24,5,The coach was helpful
F006664,C10326,2025-02-27,4,I achieved my goal
F006665,C11319,2026-06-09,3,Not fully satisfied
F006666,C11487,2026-01-06,5,Very satisfied
F006667,C00013,2025-03-17,3,I missed some sessions
F006668,C04522,2026-02-14,2,Program was difficult to follow
F006669,C06306,2025-01-12,5,Very helpful program
F006670,C03138,2024-10-03,4,I achieved my goal
F006671,C18402,2025-01-17,2,I missed some sessions
F006672,C00191,2026-02-09,5,The coach was helpful
F006673,C01982,2025-12-26,2,Not fully satisfied
F006674,C03299,2025-04-04,4,Excellent support
F006675,C09261,2024-11-23,5,Very satisfied
F006676,C18122,2025-03-02,2,I missed some sessions
F006677,C18833,2025-07-02,5,Good experience
F006678,C18183,2024-08-03,3,Need more follow-up
F006679,C00193,2025-02-28,3,Could be better
F006680,C01393,2026-02-04,4,Good experience
F006681,C02113,2025-10-19,3,I missed some sessions
F006682,C13529,2024-08-13,4,Very satisfied
F006683,C12860,2026-04-29,2,Program was difficult to follow
F006684,C13378,2026-02-04,4,I achieved my goal
F006685,C18785,2024-08-03,5,Good experience
F006686,C18244,2026-04-03,5,Good experience
F006687,C05006,2025-06-25,5,Very helpful program
F006688,C05931,2024-06-03,1,Could be better
F006689,C19742,2025-05-02,4,The coach was helpful
F006690,C13297,2025-02-24,2,I missed some sessions
F006691,C06453,2024-09-10,4,Very satisfied
F006692,C15974,2026-11-01,4,Very helpful program
F006693,C09464,2026-04-13,4,Very helpful program
F006694,C15327,2024-07-04,3,Not fully satisfied
F006695,C16853,2026-07-21,2,Could be better
F006696,C07494,2025-04-13,5,I achieved my goal
F006697,C11483,2024-08-29,5,Very helpful program
F006698,C03401,2025-01-14,5,Very satisfied
F006699,C00787,2024-04-06,3,Could be better
F006700,C19326,2026-03-16,4,Excellent support
F006701,C13245,2026-01-21,5,I achieved my goal
F006702,C17709,2025-03-12,4,I achieved my goal
F006703,C19576,2024-12-17,3,Need more follow-up
F006704,C01281,2024-09-27,3,Not fully satisfied
F006705,C11574,2025-02-28,5,Good experience
F006706,C12734,2024-05-14,4,Good guidance from the team
F006707,C16069,2026-07-18,2,Need more follow-up
F006708,C14367,2025-06-22,4,Good experience
F006709,C19768,2026-02-23,4,Good experience
F006710,C14424,2024-05-11,2,Program was difficult to follow
F006711,C13972,2027-01-31,5,I achieved my goal
F006712,C10814,2025-07-31,2,I missed some sessions
F006713,C00014,2026-10-22,4,The coach was helpful
F006714,C13365,2024-07-22,3,Could be better
F006715,C17037,2025-10-18,5,Good experience
F006716,C13251,2024-10-29,5,Very helpful program
F006717,C04631,2025-02-17,4,Good guidance from the team
F006718,C09489,2026-03-14,5,Excellent support
F006719,C07399,2025-07-13,5,Good guidance from the team
F006720,C01974,2026-07-08,4,I achieved my goal
F006721,C03731,2025-02-05,4,Good guidance from the team
F006722,C13035,2026-07-30,4,The coach was helpful
F006723,C16379,2026-08-01,5,Very helpful program
F006724,C13469,2025-11-05,3,Program was difficult to follow
F006725,C10209,2025-09-11,5,Very satisfied
F006726,C15748,2025-05-14,5,The coach was helpful
F006727,C14319,2025-09-25,5,I achieved my goal
F006728,C19386,2026-04-09,5,The coach was helpful
F006729,C14527,2025-09-01,4,The coach was helpful
F006730,C11149,2024-11-28,5,Good guidance from the team
F006731,C15069,2025-08-18,4,Very satisfied
F006732,C00909,2024-09-15,2,Program was difficult to follow
F006733,C06532,2026-01-07,5,I achieved my goal
F006734,C03490,2024-06-13,3,Not fully satisfied
F006735,C04842,2024-08-28,4,Good experience
F006736,C09180,2026-06-04,4,Very helpful program
F006737,C12183,2025-07-23,4,Good experience
F006738,C03817,2025-06-10,4,Good experience
F006739,C19412,2024-04-28,5,I achieved my goal
F006740,C03838,2024-12-03,5,Very helpful program
F006741,C15061,2026-07-05,4,Good experience
F006742,C18369,2024-09-03,3,Program was difficult to follow
F006743,C12009,2026-07-22,5,The coach was helpful
F006744,C02184,2024-05-08,2,Could be better
F006745,C18092,2025-02-07,2,Could be better
F006746,C17752,2025-07-02,3,Need more follow-up
F006747,C08446,2024-10-05,4,I achieved my goal
F006748,C00041,2024-12-16,5,Good experience
F006749,C03943,2025-08-24,2,Not fully satisfied
F006750,C05978,2024-06-20,5,The coach was helpful
F006751,C03485,2025-10-30,4,I achieved my goal
F006752,C02443,2025-05-11,4,Good experience
F006753,C03042,2024-12-12,5,Very satisfied
F006754,C13689,2025-04-17,5,I achieved my goal
F006755,C14712,2026-01-25,3,Not fully satisfied
F006756,C07902,2026-08-09,4,The coach was helpful
F006757,C17948,2026-08-27,3,Expected better results
F006758,C05198,2024-09-22,4,The coach was helpful
F006759,C03670,2026-06-30,1,Need more follow-up
F006760,C18375,2024-07-12,3,Need more follow-up
F006761,C13397,2025-12-30,3,Program was difficult to follow
F006762,C15472,2026-01-22,4,I achieved my goal
F006763,C14255,2026-06-11,5,Very satisfied
F006764,C01606,2024-12-18,1,Expected better results
F006765,C06219,2024-05-13,3,Program was difficult to follow
F006766,C10950,2026-06-10,2,Program was difficult to follow
F006767,C05059,2024-07-03,5,Excellent support
F006768,C08696,2026-07-04,4,Very satisfied
F006769,C15197,2024-10-12,3,Could be better
F006770,C15108,2026-08-16,4,Good guidance from the team
F006771,C19484,2024-06-15,3,Need more follow-up
F006772,C16896,2024-08-10,5,Excellent support
F006773,C09212,2026-02-19,4,Good guidance from the team
F006774,C01089,2026-02-10,4,Very satisfied
F006775,C18173,2025-11-08,5,Good guidance from the team
F006776,C16013,2026-01-01,4,Good experience
F006777,C11559,2024-12-15,4,Excellent support
F006778,C08760,2025-11-28,5,Good experience
F006779,C01334,2024-02-04,3,Program was difficult to follow
F006780,C15620,2024-11-04,3,Program was difficult to follow
F006781,C14086,2026-04-18,4,I achieved my goal
F006782,C13979,2025-05-18,3,I missed some sessions
F006783,C08011,2025-08-18,5,Good experience
F006784,C07246,2024-09-11,4,The coach was helpful
F006785,C15989,2026-04-09,4,Excellent support
F006786,C11069,2025-03-17,5,Good guidance from the team
F006787,C16135,2025-02-05,3,Need more follow-up
F006788,C16517,2026-06-22,2,Program was difficult to follow
F006789,C18496,2026-03-10,3,Need more follow-up
F006790,C11125,2026-02-28,5,Good guidance from the team
F006791,C05019,2026-05-01,4,Very satisfied
F006792,C01187,2024-05-23,3,Could be better
F006793,C10091,2025-07-18,4,Good experience
F006794,C06869,2024-09-30,5,Excellent support
F006795,C00245,2024-07-13,3,Not fully satisfied
F006796,C06617,2025-01-21,2,Program was difficult to follow
F006797,C05911,2026-04-17,4,Good experience
F006798,C03048,2024-08-06,5,Good guidance from the team
F006799,C01030,2025-09-22,4,Very satisfied
F006800,C17401,2026-05-22,5,Excellent support
F006801,C12429,2024-05-09,5,I achieved my goal
F006802,C09631,2025-05-12,4,Good guidance from the team
F006803,C03560,2026-07-20,4,Excellent support
F006804,C07868,2025-04-22,5,Excellent support
F006805,C01586,2024-11-25,3,Need more follow-up
F006806,C00346,2026-09-06,5,The coach was helpful
F006807,C13311,2024-05-29,5,The coach was helpful
F006808,C16780,2025-05-29,4,Excellent support
F006809,C06716,2024-07-07,5,The coach was helpful
F006810,C06567,2025-11-10,3,Expected better results
F006811,C18383,2027-03-21,4,I achieved my goal
F006812,C07240,2026-01-20,4,Very satisfied
F006813,C08571,2024-06-16,4,Good guidance from the team
F006814,C16697,2025-02-21,5,Very helpful program
F006815,C04879,2025-11-15,2,Program was difficult to follow
F006816,C09613,2025-11-11,5,Good experience
F006817,C03121,2025-08-30,4,Excellent support
F006818,C04559,2025-07-24,3,I missed some sessions
F006819,C02616,2026-02-12,5,The coach was helpful
F006820,C08253,2026-02-21,5,Good guidance from the team
F006821,C01834,2026-03-19,4,Excellent support
F006822,C04595,2025-08-22,5,Good experience
F006823,C15911,2025-04-07,4,The coach was helpful
F006824,C17143,2025-05-02,5,Very helpful program
F006825,C19087,2026-02-06,3,Program was difficult to follow
F006826,C06505,2025-10-06,1,Expected better results
F006827,C18902,2025-08-13,3,Program was difficult to follow
F006828,C00745,2026-01-07,5,Very helpful program
F006829,C07771,2025-11-15,3,Need more follow-up
F006830,C10394,2026-09-08,3,Need more follow-up
F006831,C09759,2026-02-06,2,Not fully satisfied
F006832,C08252,2024-08-08,5,The coach was helpful
F006833,C11651,2026-07-24,5,Good guidance from the team
F006834,C16548,2024-08-16,5,Very satisfied
F006835,C12593,2026-06-14,5,Good experience
F006836,C14045,2025-07-06,5,I achieved my goal
F006837,C04636,2025-07-26,5,Good guidance from the team
F006838,C13083,2025-10-12,4,Very helpful program
F006839,C05937,2026-04-15,4,The coach was helpful
F006840,C05209,2025-12-02,2,Program was difficult to follow
F006841,C06256,2026-07-05,1,Could be better
F006842,C03432,2026-03-13,5,Good experience
F006843,C00445,2026-09-01,4,Excellent support
F006844,C07694,2025-05-18,3,Could be better
F006845,C15090,2025-02-10,5,The coach was helpful
F006846,C14548,2025-07-02,4,The coach was helpful
F006847,C00612,2026-04-09,4,The coach was helpful
F006848,C17230,2027-03-05,5,I achieved my goal
F006849,C00729,2026-03-08,5,I achieved my goal
F006850,C12977,2026-07-24,2,Program was difficult to follow
F006851,C10148,2025-12-20,5,Good experience
F006852,C15996,2025-01-28,5,I achieved my goal
F006853,C13523,2025-02-25,4,The coach was helpful
F006854,C13508,2024-07-29,1,Program was difficult to follow
F006855,C06591,2024-08-31,5,Very satisfied
F006856,C03917,2025-09-10,4,I achieved my goal
F006857,C16733,2026-08-07,5,Very helpful program
F006858,C12757,2026-11-03,4,Excellent support
F006859,C02706,2026-02-07,5,I achieved my goal
F006860,C00950,2025-08-26,3,I missed some sessions
F006861,C04771,2024-12-14,3,Expected better results
F006862,C03776,2024-08-10,3,Program was difficult to follow
F006863,C08067,2025-07-14,3,Need more follow-up
F006864,C18960,2025-05-08,3,Not fully satisfied
F006865,C13530,2025-11-19,3,Not fully satisfied
F006866,C08675,2025-06-06,4,Good guidance from the team
F006867,C09533,2024-06-19,4,I achieved my goal
F006868,C09529,2026-03-23,5,Very satisfied
F006869,C03298,2024-07-08,5,Good experience
F006870,C07433,2024-09-06,5,Very satisfied
F006871,C02233,2025-04-23,4,Very satisfied
F006872,C04418,2026-04-27,3,Not fully satisfied
F006873,C05145,2025-05-23,5,Very satisfied
F006874,C10031,2025-07-21,5,The coach was helpful
F006875,C15234,2026-09-16,2,Need more follow-up
F006876,C16163,2026-09-29,5,Excellent support
F006877,C02505,2026-06-28,5,I achieved my goal
F006878,C07614,2024-09-26,5,Excellent support
F006879,C16106,2026-03-05,4,Good experience
F006880,C12695,2025-08-23,4,Very helpful program
F006881,C10602,2024-06-08,4,I achieved my goal
F006882,C16740,2024-09-24,3,Program was difficult to follow
F006883,C06475,2025-12-21,4,Very helpful program
F006884,C18504,2025-05-10,2,Not fully satisfied
F006885,C00595,2026-05-07,5,Very satisfied
F006886,C12929,2024-04-13,4,Good guidance from the team
F006887,C17536,2027-01-18,5,Very helpful program
F006888,C15566,2026-04-24,3,Program was difficult to follow
F006889,C08472,2024-04-09,2,Program was difficult to follow
F006890,C07345,2025-05-07,5,Excellent support
F006891,C07008,2024-11-07,5,Good experience
F006892,C07183,2026-01-22,4,Good experience
F006893,C12533,2025-06-02,4,Excellent support
F006894,C03822,2025-08-01,1,Need more follow-up
F006895,C13860,2026-11-08,5,Good experience
F006896,C02730,2026-07-11,1,Could be better
F006897,C04024,2024-07-08,5,Very helpful program
F006898,C05549,2025-09-15,5,Very satisfied
F006899,C07471,2026-02-03,4,Very satisfied
F006900,C15286,2026-08-10,4,Very helpful program
F006901,C17308,2024-12-30,4,Very helpful program
F006902,C02580,2025-07-29,4,I achieved my goal
F006903,C05323,2025-07-22,2,Expected better results
F006904,C18850,2024-03-08,3,Could be better
F006905,C18073,2026-01-18,4,I achieved my goal
F006906,C12752,2026-07-23,5,I achieved my goal
F006907,C15213,2026-02-10,4,Good guidance from the team
F006908,C09258,2024-09-04,4,Very satisfied
F006909,C14501,2025-07-01,4,The coach was helpful
F006910,C16387,2025-02-16,1,I missed some sessions
F006911,C11969,2025-12-13,5,Good experience
F006912,C06066,2026-06-02,4,The coach was helpful
F006913,C04485,2024-11-07,5,Good guidance from the team
F006914,C05689,2025-12-08,1,Could be better
F006915,C14352,2026-06-18,5,The coach was helpful
F006916,C09696,2025-05-02,4,Very helpful program
F006917,C19896,2026-06-28,4,Excellent support
F006918,C11799,2026-03-19,3,I missed some sessions
F006919,C09908,2026-08-01,5,I achieved my goal
F006920,C19592,2024-05-07,5,I achieved my goal
F006921,C02304,2026-05-19,5,Very satisfied
F006922,C11883,2024-04-16,4,Very satisfied
F006923,C18079,2025-11-17,5,The coach was helpful
F006924,C16862,2024-12-07,5,Good experience
F006925,C08975,2026-03-01,4,Very satisfied
F006926,C10038,2025-10-31,3,Program was difficult to follow
F006927,C10100,2025-12-20,4,Excellent support
F006928,C18726,2026-01-04,5,I achieved my goal
F006929,C08540,2026-06-08,2,Program was difficult to follow
F006930,C00167,2024-12-06,5,Good guidance from the team
F006931,C15933,2025-03-11,2,I missed some sessions
F006932,C03142,2024-07-13,3,Program was difficult to follow
F006933,C10352,2024-12-28,3,Expected better results
F006934,C06848,2024-10-13,5,Good experience
F006935,C16842,2026-08-24,4,Very helpful program
F006936,C07288,2026-04-10,5,Good experience
F006937,C00962,2025-11-04,1,Could be better
F006938,C16777,2026-04-16,5,I achieved my goal
F006939,C08291,2024-03-19,4,The coach was helpful
F006940,C06189,2025-11-04,4,I achieved my goal
F006941,C15669,2024-05-05,3,Program was difficult to follow
F006942,C07157,2025-09-17,3,Could be better
F006943,C12651,2026-04-01,5,Very helpful program
F006944,C13741,2025-10-03,5,I achieved my goal
F006945,C08088,2025-09-15,3,Program was difficult to follow
F006946,C04924,2024-07-13,3,I missed some sessions
F006947,C02183,2025-05-23,5,The coach was helpful
F006948,C07353,2025-05-05,3,Expected better results
F006949,C17200,2025-04-07,3,Expected better results
F006950,C09040,2024-08-20,5,Excellent support
F006951,C12033,2026-08-26,5,Very satisfied
F006952,C04477,2026-01-03,4,Very satisfied
F006953,C05227,2025-12-21,5,I achieved my goal
F006954,C18739,2025-01-01,4,I achieved my goal
F006955,C14152,2024-04-12,5,Very helpful program
F006956,C09249,2025-04-01,5,I achieved my goal
F006957,C06552,2026-02-06,4,Good guidance from the team
F006958,C08740,2025-12-13,5,Excellent support
F006959,C14555,2024-04-24,3,Program was difficult to follow
F006960,C02782,2025-09-02,4,Good experience
F006961,C01883,2026-03-03,3,Program was difficult to follow
F006962,C02987,2024-09-20,5,Good guidance from the team
F006963,C19163,2026-03-29,2,Could be better
F006964,C02841,2026-01-20,4,The coach was helpful
F006965,C04410,2024-07-15,5,Good experience
F006966,C17355,2026-03-08,5,The coach was helpful
F006967,C03976,2026-02-14,4,Very helpful program
F006968,C13146,2026-04-23,4,Good experience
F006969,C17413,2024-07-08,4,The coach was helpful
F006970,C01212,2024-11-18,1,Program was difficult to follow
F006971,C11992,2025-04-10,4,Excellent support
F006972,C02407,2025-03-03,5,Very helpful program
F006973,C08732,2024-03-17,3,I missed some sessions
F006974,C16532,2026-07-27,5,I achieved my goal
F006975,C17539,2026-01-30,4,Very satisfied
F006976,C19586,2024-05-23,5,I achieved my goal
F006977,C12318,2025-04-08,4,Good guidance from the team
F006978,C12250,2025-02-15,4,Excellent support
F006979,C17129,2026-07-29,4,Very satisfied
F006980,C09215,2024-11-07,3,Could be better
F006981,C06029,2024-07-01,2,Program was difficult to follow
F006982,C00306,2025-09-30,3,Need more follow-up
F006983,C18954,2026-01-11,4,Good experience
F006984,C10853,2024-08-31,3,Could be better
F006985,C01321,2024-11-22,5,Very helpful program
F006986,C09309,2025-03-28,5,Good guidance from the team
F006987,C07699,2026-03-22,4,I achieved my goal
F006988,C16751,2025-11-02,5,I achieved my goal
F006989,C02218,2024-05-16,5,Good guidance from the team
F006990,C11532,2025-08-08,2,Expected better results
F006991,C14586,2025-10-06,4,Good guidance from the team
F006992,C15770,2026-03-06,5,Good experience
F006993,C12903,2026-02-15,1,Need more follow-up
F006994,C15386,2025-12-12,2,Need more follow-up
F006995,C16113,2024-08-14,3,Could be better
F006996,C03024,2024-12-23,2,Not fully satisfied
F006997,C00670,2026-02-24,4,The coach was helpful
F006998,C07836,2025-03-05,3,Could be better
F006999,C10285,2026-07-08,5,Very helpful program
F007000,C18664,2025-07-31,5,Good guidance from the team
F007001,C13413,2026-09-03,5,I achieved my goal
F007002,C19928,2025-01-24,3,Could be better
F007003,C06210,2025-03-27,3,Could be better
F007004,C00679,2024-05-31,4,Excellent support
F007005,C18184,2026-05-31,5,Very satisfied
F007006,C12932,2024-08-01,4,Good guidance from the team
F007007,C04504,2025-04-19,4,The coach was helpful
F007008,C18289,2024-09-30,5,I achieved my goal
F007009,C14331,2025-04-16,5,Good experience
F007010,C06275,2025-09-01,3,Need more follow-up
F007011,C11585,2025-12-15,5,Good experience
F007012,C17986,2026-02-21,5,Very helpful program
F007013,C13415,2024-09-13,3,I missed some sessions
F007014,C03148,2026-01-03,5,Good guidance from the team
F007015,C00608,2025-10-06,4,Good guidance from the team
F007016,C11344,2025-10-25,2,I missed some sessions
F007017,C09514,2025-11-06,4,Good guidance from the team
F007018,C10539,2024-06-21,4,Good experience
F007019,C18791,2026-01-05,4,The coach was helpful
F007020,C05766,2026-04-28,2,I missed some sessions
F007021,C03043,2025-12-24,3,Could be better
F007022,C15298,2024-09-12,3,Not fully satisfied
F007023,C13909,2025-05-29,4,Very satisfied
F007024,C08010,2024-09-27,3,Program was difficult to follow
F007025,C07033,2024-06-20,3,I missed some sessions
F007026,C16391,2025-02-07,5,Very helpful program
F007027,C00916,2025-04-14,5,Good experience
F007028,C07807,2026-09-06,4,Excellent support
F007029,C11267,2026-05-03,2,Not fully satisfied
F007030,C03607,2026-07-12,4,Excellent support
F007031,C09815,2024-03-02,3,Could be better
F007032,C15033,2026-03-22,5,Excellent support
F007033,C00081,2024-07-30,4,Good guidance from the team
F007034,C07357,2026-07-10,2,Expected better results
F007035,C02072,2024-11-16,5,I achieved my goal
F007036,C00209,2026-06-28,5,Very helpful program
F007037,C04351,2025-11-10,5,The coach was helpful
F007038,C14965,2025-07-11,5,Excellent support
F007039,C11179,2025-02-26,2,Expected better results
F007040,C17066,2025-03-25,1,I missed some sessions
F007041,C07358,2025-11-26,5,Good guidance from the team
F007042,C05777,2026-03-21,4,Good guidance from the team
F007043,C16224,2026-06-05,5,Excellent support
F007044,C02767,2024-07-26,3,I missed some sessions
F007045,C06893,2025-11-20,4,Excellent support
F007046,C08226,2024-11-25,3,Need more follow-up
F007047,C02877,2025-05-16,4,The coach was helpful
F007048,C00765,2024-11-10,4,Very helpful program
F007049,C15264,2024-10-10,5,Good experience
F007050,C03735,2026-10-14,4,Good experience
F007051,C12924,2026-06-24,5,Good guidance from the team
F007052,C03486,2026-06-08,5,Good experience
F007053,C19268,2026-05-10,5,Excellent support
F007054,C12152,2024-12-22,5,Excellent support
F007055,C08343,2024-06-26,5,Good experience
F007056,C16800,2025-02-06,5,Very satisfied
F007057,C18276,2024-09-22,4,Good experience
F007058,C02334,2024-05-04,5,Good experience
F007059,C01278,2024-12-15,3,Not fully satisfied
F007060,C18724,2025-01-27,2,Expected better results
F007061,C10151,2026-01-07,5,I achieved my goal
F007062,C04671,2025-09-25,3,Could be better
F007063,C17727,2025-02-23,5,Good guidance from the team
F007064,C16099,2025-08-25,3,Could be better
F007065,C17379,2025-10-27,4,The coach was helpful
F007066,C07067,2025-05-26,4,The coach was helpful
F007067,C05185,2026-04-27,5,The coach was helpful
F007068,C12700,2025-09-08,3,Not fully satisfied
F007069,C03251,2027-02-15,4,The coach was helpful
F007070,C19695,2026-05-10,4,The coach was helpful
F007071,C04598,2025-07-31,2,Need more follow-up
F007072,C16621,2025-04-17,4,I achieved my goal
F007073,C07143,2025-11-25,5,Excellent support
F007074,C16039,2024-03-31,3,Need more follow-up
F007075,C07778,2024-03-30,4,I achieved my goal
F007076,C10902,2026-04-10,4,Very satisfied
F007077,C15271,2024-09-05,5,Good guidance from the team
F007078,C04292,2025-06-21,4,The coach was helpful
F007079,C12081,2024-02-22,4,Excellent support
F007080,C15295,2026-01-11,2,I missed some sessions
F007081,C09032,2025-08-19,1,Could be better
F007082,C01736,2026-04-22,5,Very helpful program
F007083,C05811,2024-04-15,4,Very helpful program
F007084,C19447,2025-08-24,3,Program was difficult to follow
F007085,C05597,2025-02-22,4,The coach was helpful
F007086,C18714,2026-02-23,2,I missed some sessions
F007087,C04632,2025-04-29,3,I missed some sessions
F007088,C06887,2026-04-23,5,Very helpful program
F007089,C18611,2025-07-20,4,I achieved my goal
F007090,C06099,2026-05-28,4,Very satisfied
F007091,C03304,2024-08-16,5,Very satisfied
F007092,C02504,2024-10-04,2,I missed some sessions
F007093,C06571,2026-08-20,5,Very helpful program
F007094,C11871,2025-01-01,4,Excellent support
F007095,C03162,2024-08-26,2,I missed some sessions
F007096,C04079,2024-11-13,3,Program was difficult to follow
F007097,C17318,2024-09-20,5,Excellent support
F007098,C05585,2025-01-25,3,Need more follow-up
F007099,C17266,2025-02-18,3,Need more follow-up
F007100,C11360,2024-12-09,5,Very helpful program
F007101,C01915,2024-09-16,5,Very satisfied
F007102,C10705,2024-12-02,4,The coach was helpful
F007103,C03267,2024-06-11,5,Very helpful program
F007104,C09530,2024-10-29,4,Good guidance from the team
F007105,C12923,2026-06-28,4,Good experience
F007106,C04416,2026-03-20,5,Very helpful program
F007107,C10355,2026-10-15,4,Good experience
F007108,C06172,2026-08-10,5,I achieved my goal
F007109,C19555,2026-05-09,4,I achieved my goal
F007110,C10832,2025-12-05,3,Expected better results
F007111,C17773,2024-10-31,5,Very helpful program
F007112,C04780,2024-11-24,5,Excellent support
F007113,C06322,2026-02-27,5,Excellent support
F007114,C04785,2025-06-15,5,Excellent support
F007115,C15008,2025-01-04,3,I missed some sessions
F007116,C09619,2026-09-10,5,Very satisfied
F007117,C00789,2024-12-13,4,Very helpful program
F007118,C00899,2025-06-02,5,Good guidance from the team
F007119,C09075,2025-03-26,5,I achieved my goal
F007120,C00593,2026-09-08,5,The coach was helpful
F007121,C07632,2025-05-01,3,Expected better results
F007122,C11039,2025-04-14,4,Very satisfied
F007123,C08672,2025-07-24,5,Very satisfied
F007124,C04647,2024-04-30,4,Very helpful program
F007125,C02801,2026-03-17,4,I achieved my goal
F007126,C06862,2024-09-25,5,Very satisfied
F007127,C07826,2024-06-22,4,Good experience
F007128,C11002,2025-11-28,4,Excellent support
F007129,C16738,2024-11-27,5,Very helpful program
F007130,C09813,2025-06-04,4,I achieved my goal
F007131,C10339,2024-04-28,2,Not fully satisfied
F007132,C17443,2026-08-11,4,The coach was helpful
F007133,C02939,2024-09-22,4,Good guidance from the team
F007134,C10603,2024-12-04,4,I achieved my goal
F007135,C11433,2024-09-21,5,Good guidance from the team
F007136,C03096,2025-06-12,4,Good experience
F007137,C11017,2024-05-02,5,I achieved my goal
F007138,C03289,2024-12-02,5,Excellent support
F007139,C06313,2026-07-26,5,Good guidance from the team
F007140,C05959,2025-03-13,2,Expected better results
F007141,C00498,2024-08-18,4,Good experience
F007142,C02872,2026-06-05,4,Very satisfied
F007143,C08105,2025-12-30,3,I missed some sessions
F007144,C01135,2024-06-17,3,Not fully satisfied
F007145,C05966,2026-11-23,4,Very satisfied
F007146,C01251,2025-06-24,5,Good guidance from the team
F007147,C10333,2025-05-02,4,Good guidance from the team
F007148,C12150,2024-12-21,5,Good guidance from the team
F007149,C11818,2025-05-27,5,The coach was helpful
F007150,C18316,2025-12-31,2,Need more follow-up
F007151,C06193,2025-07-09,5,Excellent support
F007152,C16024,2024-12-18,5,The coach was helpful
F007153,C02776,2025-09-16,3,I missed some sessions
F007154,C15699,2026-02-26,4,Good experience
F007155,C10396,2026-01-23,4,Good experience
F007156,C08853,2025-11-14,2,Expected better results
F007157,C17658,2025-02-18,5,Very helpful program
F007158,C06037,2025-10-02,3,Could be better
F007159,C19115,2026-06-26,2,Not fully satisfied
F007160,C01269,2025-12-12,5,The coach was helpful
F007161,C06731,2026-05-23,5,Excellent support
F007162,C10661,2025-02-11,5,Good experience
F007163,C08832,2025-07-20,5,I achieved my goal
F007164,C17812,2026-10-20,4,Excellent support
F007165,C07041,2024-06-27,2,Expected better results
F007166,C15692,2026-12-10,5,Very helpful program
F007167,C18784,2026-03-21,4,Good experience
F007168,C19192,2025-09-04,5,Good guidance from the team
F007169,C12916,2024-10-14,3,Expected better results
F007170,C19979,2024-06-27,2,Program was difficult to follow
F007171,C12004,2025-06-16,5,Good guidance from the team
F007172,C04404,2024-10-23,5,Good guidance from the team
F007173,C11400,2025-01-23,4,Good experience
F007174,C12357,2025-04-28,4,I achieved my goal
F007175,C18365,2026-05-02,5,I achieved my goal
F007176,C18802,2025-09-18,4,Good experience
F007177,C07619,2025-08-06,3,I missed some sessions
F007178,C10228,2025-11-25,5,The coach was helpful
F007179,C07796,2024-03-18,5,Very satisfied
F007180,C15654,2026-04-29,3,Need more follow-up
F007181,C09028,2025-11-27,5,Good guidance from the team
F007182,C09361,2026-02-15,5,I achieved my goal
F007183,C03040,2024-09-12,3,Not fully satisfied
F007184,C00477,2026-07-10,4,I achieved my goal
F007185,C12514,2025-06-29,3,Need more follow-up
F007186,C02389,2026-09-22,5,The coach was helpful
F007187,C13663,2024-11-17,2,Program was difficult to follow
F007188,C01776,2026-07-03,4,I achieved my goal
F007189,C13522,2026-03-05,5,Excellent support
F007190,C03891,2024-11-05,3,Need more follow-up
F007191,C01431,2025-03-08,4,Very helpful program
F007192,C06506,2024-12-02,4,Good guidance from the team
F007193,C17919,2025-07-05,5,Very satisfied
F007194,C06872,2024-07-22,5,Very helpful program
F007195,C08952,2024-08-04,3,Program was difficult to follow
F007196,C18031,2025-10-11,5,Very satisfied
F007197,C19854,2026-07-04,4,I achieved my goal
F007198,C16730,2026-07-31,3,Need more follow-up
F007199,C13043,2024-11-10,5,The coach was helpful
F007200,C16567,2026-03-17,4,I achieved my goal
F007201,C01043,2025-06-25,5,I achieved my goal
F007202,C11971,2025-12-15,3,Not fully satisfied
F007203,C13375,2026-06-14,5,Good experience
F007204,C00760,2026-02-26,5,Good experience
F007205,C12552,2025-09-26,4,Very satisfied
F007206,C12872,2024-12-01,4,Good guidance from the team
F007207,C00515,2025-11-03,5,The coach was helpful
F007208,C18697,2025-10-20,1,Could be better
F007209,C11850,2025-04-24,5,Very helpful program
F007210,C05753,2025-07-24,3,Not fully satisfied
F007211,C08820,2024-12-07,3,Could be better
F007212,C17060,2025-09-21,2,Program was difficult to follow
F007213,C11441,2026-05-23,4,Excellent support
F007214,C09879,2025-01-23,5,Good guidance from the team
F007215,C15867,2026-03-06,3,Not fully satisfied
F007216,C07926,2024-08-02,1,Program was difficult to follow
F007217,C07894,2025-10-01,4,Very helpful program
F007218,C02754,2024-11-12,4,Excellent support
F007219,C08150,2025-02-02,2,Expected better results
F007220,C12133,2024-06-28,2,Could be better
F007221,C07508,2026-07-07,2,Need more follow-up
F007222,C02969,2024-07-03,1,Need more follow-up
F007223,C16675,2025-06-04,5,Good guidance from the team
F007224,C04078,2025-10-12,5,Very satisfied
F007225,C00868,2025-04-23,4,Excellent support
F007226,C09701,2024-02-16,4,Good experience
F007227,C05499,2026-02-25,4,Good experience
F007228,C13775,2025-09-05,2,Not fully satisfied
F007229,C19033,2025-09-04,3,Need more follow-up
F007230,C18396,2025-01-29,5,Very helpful program
F007231,C01003,2024-09-22,4,Good guidance from the team
F007232,C12970,2025-10-28,3,Not fully satisfied
F007233,C15151,2026-02-23,4,Excellent support
F007234,C14497,2025-10-27,5,I achieved my goal
F007235,C19838,2026-08-13,5,Good experience
F007236,C12785,2024-02-09,4,Very helpful program
F007237,C13694,2024-05-22,4,The coach was helpful
F007238,C03852,2025-12-19,2,Not fully satisfied
F007239,C19776,2025-03-12,5,Good experience
F007240,C04423,2025-09-06,3,Could be better
F007241,C05375,2024-05-20,4,Good guidance from the team
F007242,C10025,2026-07-20,4,I achieved my goal
F007243,C03488,2025-07-31,5,The coach was helpful
F007244,C15440,2025-04-28,5,Good guidance from the team
F007245,C17553,2026-06-03,4,Very satisfied
F007246,C19464,2026-06-09,3,Program was difficult to follow
F007247,C11705,2024-09-30,4,Very satisfied
F007248,C04181,2026-09-25,4,The coach was helpful
F007249,C09803,2025-04-18,2,I missed some sessions
F007250,C19029,2024-07-01,3,Expected better results
F007251,C19941,2024-11-19,2,Need more follow-up
F007252,C12852,2026-05-20,2,Not fully satisfied
F007253,C18703,2024-10-17,5,The coach was helpful
F007254,C03417,2024-07-07,2,Expected better results
F007255,C15553,2024-10-30,1,Need more follow-up
F007256,C08185,2026-08-29,3,Program was difficult to follow
F007257,C17074,2026-08-19,4,Very satisfied
F007258,C08779,2025-07-28,2,Not fully satisfied
F007259,C00375,2024-10-09,2,Program was difficult to follow
F007260,C09155,2026-07-29,4,Good experience
F007261,C04607,2025-05-09,3,Expected better results
F007262,C05758,2024-02-04,4,Very helpful program
F007263,C06733,2026-05-07,4,Very helpful program
F007264,C15994,2025-03-08,1,I missed some sessions
F007265,C19332,2025-11-08,5,Good experience
F007266,C07987,2024-04-22,4,Excellent support
F007267,C03543,2025-03-02,5,Very helpful program
F007268,C17248,2025-06-23,2,I missed some sessions
F007269,C04336,2025-04-13,3,I missed some sessions
F007270,C07669,2025-01-10,5,Excellent support
F007271,C06094,2024-06-14,1,Need more follow-up
F007272,C00556,2024-04-19,4,The coach was helpful
F007273,C15365,2025-01-23,5,Very satisfied
F007274,C07660,2025-03-09,5,Very helpful program
F007275,C09284,2024-10-30,5,Good guidance from the team
F007276,C19617,2026-05-08,5,I achieved my goal
F007277,C17165,2026-03-17,5,Excellent support
F007278,C07141,2026-07-26,3,Program was difficult to follow
F007279,C13783,2024-07-02,3,Program was difficult to follow
F007280,C08748,2025-11-19,2,Could be better
F007281,C13531,2025-04-28,5,Very satisfied
F007282,C10583,2024-08-20,2,Program was difficult to follow
F007283,C17551,2025-08-08,5,Good experience
F007284,C01508,2024-08-24,5,Good experience
F007285,C03429,2025-05-19,5,Good guidance from the team
F007286,C12276,2024-11-22,5,I achieved my goal
F007287,C06251,2026-07-19,5,Good guidance from the team
F007288,C14713,2025-10-26,4,Good experience
F007289,C11958,2024-12-06,3,Expected better results
F007290,C12825,2026-07-27,4,Good guidance from the team
F007291,C19593,2025-01-23,5,Very helpful program
F007292,C04352,2026-02-25,3,Need more follow-up
F007293,C00052,2026-04-01,3,Not fully satisfied
F007294,C10592,2024-03-14,5,I achieved my goal
F007295,C15130,2025-04-14,5,Very helpful program
F007296,C04633,2025-02-09,4,Good experience
F007297,C11156,2026-08-25,4,Excellent support
F007298,C08377,2024-09-09,4,Very satisfied
F007299,C17626,2026-02-18,5,Good guidance from the team
F007300,C04539,2026-09-04,5,Very helpful program
F007301,C12636,2026-03-18,4,Good guidance from the team
F007302,C10020,2024-11-25,4,Good experience
F007303,C14093,2025-06-03,5,The coach was helpful
F007304,C17052,2026-07-08,3,Could be better
F007305,C03150,2025-08-06,4,The coach was helpful
F007306,C00521,2024-09-30,5,Good guidance from the team
F007307,C17466,2025-11-27,1,Not fully satisfied
F007308,C17374,2025-04-10,3,Need more follow-up
F007309,C09344,2024-11-01,5,Very satisfied
F007310,C11583,2025-03-12,4,Very satisfied
F007311,C02543,2024-06-03,4,Good experience
F007312,C08799,2024-12-22,3,Program was difficult to follow
F007313,C16898,2026-07-14,4,Very helpful program
F007314,C09732,2026-01-01,1,Expected better results
F007315,C11357,2024-08-22,4,Very helpful program
F007316,C03254,2025-02-09,4,Very helpful program
F007317,C12772,2024-05-11,4,Very helpful program
F007318,C17524,2025-06-03,4,Good experience
F007319,C17548,2026-08-11,5,The coach was helpful
F007320,C04291,2026-05-23,4,Excellent support
F007321,C03049,2026-02-13,3,Expected better results
F007322,C15743,2025-11-27,3,Expected better results
F007323,C07690,2025-05-05,5,Good experience
F007324,C17370,2026-02-03,4,The coach was helpful
F007325,C05285,2025-10-03,3,Need more follow-up
F007326,C11765,2025-10-21,5,Excellent support
F007327,C14732,2025-03-21,4,Good guidance from the team
F007328,C15795,2025-05-13,4,Very helpful program
F007329,C07474,2026-04-18,5,Good guidance from the team
F007330,C11011,2024-07-28,1,Expected better results
F007331,C00934,2026-05-06,5,Very helpful program
F007332,C12701,2026-07-05,2,Program was difficult to follow
F007333,C10795,2024-04-29,3,Not fully satisfied
F007334,C16396,2025-02-26,4,I achieved my goal
F007335,C15604,2024-07-18,3,Need more follow-up
F007336,C19331,2026-08-22,4,Good experience
F007337,C15158,2025-08-31,2,Not fully satisfied
F007338,C01320,2024-08-14,5,I achieved my goal
F007339,C12544,2026-09-02,5,The coach was helpful
F007340,C09407,2026-01-29,4,Good experience
F007341,C03357,2024-09-02,2,Program was difficult to follow
F007342,C19844,2025-11-12,5,Excellent support
F007343,C01689,2025-03-13,5,The coach was helpful
F007344,C17713,2025-07-22,4,The coach was helpful
F007345,C18907,2026-03-15,2,I missed some sessions
F007346,C05428,2024-03-27,4,Good experience
F007347,C10995,2025-10-17,4,Good experience
F007348,C01445,2026-05-30,4,The coach was helpful
F007349,C15463,2026-08-03,4,Very satisfied
F007350,C00632,2026-06-16,5,Good guidance from the team
F007351,C08629,2025-08-22,5,I achieved my goal
F007352,C19516,2026-03-21,5,Good experience
F007353,C18254,2025-12-18,5,The coach was helpful
F007354,C15467,2027-02-27,3,Expected better results
F007355,C13353,2025-06-05,4,I achieved my goal
F007356,C16296,2025-08-06,5,Excellent support
F007357,C10709,2025-04-27,5,Very satisfied
F007358,C12738,2025-07-11,4,Excellent support
F007359,C05365,2024-07-23,5,The coach was helpful
F007360,C11064,2025-08-26,5,Very helpful program
F007361,C15446,2025-11-15,4,Excellent support
F007362,C10953,2025-01-14,4,I achieved my goal
F007363,C17837,2025-01-09,3,Expected better results
F007364,C01060,2025-06-23,4,Good experience
F007365,C05250,2025-08-31,2,Could be better
F007366,C12158,2025-06-20,3,Not fully satisfied
F007367,C14598,2024-07-22,3,Need more follow-up
F007368,C01870,2025-03-30,2,I missed some sessions
F007369,C05146,2026-07-13,4,Very satisfied
F007370,C15380,2026-01-15,4,I achieved my goal
F007371,C10968,2026-05-26,5,Very satisfied
F007372,C04917,2026-06-01,4,Very helpful program
F007373,C02365,2025-07-11,1,Program was difficult to follow
F007374,C14780,2026-01-22,4,Good guidance from the team
F007375,C18835,2026-11-03,4,Good guidance from the team
F007376,C11196,2026-08-07,4,Very helpful program
F007377,C12720,2024-08-10,3,Need more follow-up
F007378,C10189,2024-11-30,5,The coach was helpful
F007379,C09272,2026-09-15,3,I missed some sessions
F007380,C10115,2025-05-10,5,Good guidance from the team
F007381,C00251,2026-04-01,4,Very satisfied
F007382,C03172,2025-04-03,2,Could be better
F007383,C07017,2024-09-01,5,Very satisfied
F007384,C09141,2025-07-10,4,Very helpful program
F007385,C06202,2026-03-26,5,Excellent support
F007386,C19050,2025-03-13,3,Could be better
F007387,C05163,2025-05-16,2,Program was difficult to follow
F007388,C05628,2027-01-31,5,I achieved my goal
F007389,C08765,2024-04-29,4,Excellent support
F007390,C17501,2025-03-05,5,I achieved my goal
F007391,C00834,2026-08-22,4,Very helpful program
F007392,C05286,2025-05-26,5,Very satisfied
F007393,C05619,2024-07-27,3,Could be better
F007394,C17489,2024-09-06,4,Good guidance from the team
F007395,C07065,2024-10-31,4,Excellent support
F007396,C02009,2025-10-26,3,Expected better results
F007397,C09188,2025-01-08,3,I missed some sessions
F007398,C05445,2026-01-03,5,Good guidance from the team
F007399,C12349,2025-01-15,4,Very satisfied
F007400,C16834,2025-11-24,5,Excellent support
F007401,C16076,2025-08-27,4,Very helpful program
F007402,C18857,2026-09-16,5,I achieved my goal
F007403,C05853,2026-05-21,4,Very satisfied
F007404,C00636,2026-03-28,3,Need more follow-up
F007405,C19795,2024-12-11,5,Good guidance from the team
F007406,C15896,2026-06-29,5,Excellent support
F007407,C11073,2025-03-02,5,Good guidance from the team
F007408,C03083,2024-08-28,4,Excellent support
F007409,C10405,2025-07-04,4,Very satisfied
F007410,C18090,2026-04-04,5,Good guidance from the team
F007411,C13347,2024-09-15,5,Good experience
F007412,C10952,2025-02-04,3,I missed some sessions
F007413,C13852,2026-03-08,5,I achieved my goal
F007414,C19535,2026-05-26,4,Good experience
F007415,C07410,2025-04-21,1,Expected better results
F007416,C07263,2024-03-26,3,Expected better results
F007417,C06349,2024-04-13,4,I achieved my goal
F007418,C10179,2024-03-19,4,Good guidance from the team
F007419,C09466,2024-10-25,4,Very satisfied
F007420,C12132,2024-10-09,5,I achieved my goal
F007421,C06526,2024-10-09,2,Not fully satisfied
F007422,C06132,2025-10-18,3,I missed some sessions
F007423,C17174,2024-07-06,3,Not fully satisfied
F007424,C10941,2026-06-14,4,I achieved my goal
F007425,C15941,2026-07-27,5,Very satisfied
F007426,C15672,2025-02-13,4,Good experience
F007427,C11747,2024-09-18,5,Good guidance from the team
F007428,C17947,2024-04-21,3,Expected better results
F007429,C11911,2025-10-31,3,Could be better
F007430,C18880,2025-05-07,2,Could be better
F007431,C09541,2025-06-28,5,Very helpful program
F007432,C03714,2025-05-12,4,Good guidance from the team
F007433,C00265,2025-07-31,5,Excellent support
F007434,C14816,2026-08-09,4,Excellent support
F007435,C04252,2025-08-23,3,I missed some sessions
F007436,C07532,2024-09-10,4,Good guidance from the team
F007437,C11192,2025-08-12,4,The coach was helpful
F007438,C13246,2025-01-20,4,Good guidance from the team
F007439,C09725,2025-10-23,2,Need more follow-up
F007440,C06252,2025-11-10,4,I achieved my goal
F007441,C16838,2025-06-14,5,Excellent support
F007442,C14371,2025-04-21,3,Could be better
F007443,C06421,2026-04-15,5,The coach was helpful
F007444,C04662,2024-07-06,2,Could be better
F007445,C16161,2025-04-25,4,Very helpful program
F007446,C17076,2024-04-03,5,Very helpful program
F007447,C01120,2026-01-26,2,Program was difficult to follow
F007448,C00203,2024-09-23,5,Very helpful program
F007449,C07774,2024-05-07,3,Could be better
F007450,C18438,2024-07-29,4,Very helpful program
F007451,C18344,2026-03-16,3,Not fully satisfied
F007452,C16365,2025-01-26,4,I achieved my goal
F007453,C08094,2026-06-20,3,Need more follow-up
F007454,C16423,2025-04-18,3,Need more follow-up
F007455,C12696,2025-06-27,1,Expected better results
F007456,C02215,2024-02-14,2,Expected better results
F007457,C12105,2024-07-07,4,Good guidance from the team
F007458,C03000,2026-08-31,5,Very satisfied
F007459,C05533,2024-12-13,5,Good experience
F007460,C05184,2026-06-16,4,Very helpful program
F007461,C04716,2025-10-25,4,Good guidance from the team
F007462,C12733,2025-09-24,5,I achieved my goal
F007463,C08665,2026-12-06,2,Program was difficult to follow
F007464,C14228,2025-10-18,2,Program was difficult to follow
F007465,C02316,2024-06-27,3,Expected better results
F007466,C13907,2024-11-22,4,The coach was helpful
F007467,C19150,2025-08-12,5,Excellent support
F007468,C10561,2025-08-20,2,Could be better
F007469,C03990,2025-11-04,3,Not fully satisfied
F007470,C13956,2026-08-28,5,Good experience
F007471,C01151,2025-05-18,5,Very satisfied
F007472,C09918,2025-12-29,3,Not fully satisfied
F007473,C04450,2025-08-16,4,I achieved my goal
F007474,C00195,2024-09-11,5,Excellent support
F007475,C02164,2025-05-24,5,Very satisfied
F007476,C14671,2026-05-09,3,Expected better results
F007477,C09444,2026-01-12,2,Program was difficult to follow
F007478,C13154,2025-01-17,4,The coach was helpful
F007479,C07414,2024-04-10,5,Good guidance from the team
F007480,C07038,2025-03-19,3,Not fully satisfied
F007481,C09043,2025-12-10,5,I achieved my goal
F007482,C07610,2025-09-02,4,Good experience
F007483,C19301,2025-05-18,4,Good guidance from the team
F007484,C15485,2025-02-24,2,Could be better
F007485,C08086,2025-11-24,4,I achieved my goal
F007486,C07746,2024-03-26,4,Excellent support
F007487,C07097,2026-05-21,4,Good experience
F007488,C04531,2026-07-17,5,Good experience
F007489,C06431,2026-07-07,5,Very satisfied
F007490,C00754,2026-11-18,5,Good experience
F007491,C10208,2025-06-14,1,Could be better
F007492,C02020,2026-08-08,5,Very satisfied
F007493,C12826,2026-05-11,4,Very helpful program
F007494,C03070,2024-10-26,5,The coach was helpful
F007495,C13744,2024-12-02,5,I achieved my goal
F007496,C02026,2024-09-03,5,I achieved my goal
F007497,C16687,2026-04-02,2,Need more follow-up
F007498,C19381,2026-02-24,3,Program was difficult to follow
F007499,C00423,2024-04-03,3,Not fully satisfied
F007500,C02689,2024-09-26,5,Good experience
F007501,C02158,2025-07-19,3,Not fully satisfied
F007502,C00864,2026-01-01,2,Not fully satisfied
F007503,C10000,2024-08-15,3,Expected better results
F007504,C05703,2025-08-30,3,Expected better results
F007505,C07622,2024-10-27,5,Very satisfied
F007506,C13997,2025-05-07,3,Program was difficult to follow
F007507,C15242,2025-12-24,3,Need more follow-up
F007508,C12581,2025-07-03,5,Good experience
F007509,C16111,2025-10-20,5,I achieved my goal
F007510,C06346,2026-01-06,4,Very helpful program
F007511,C06944,2026-08-03,1,Not fully satisfied
F007512,C05763,2024-09-24,4,I achieved my goal
F007513,C02285,2025-09-09,4,Very satisfied
F007514,C19606,2026-01-19,2,Program was difficult to follow
F007515,C02244,2025-07-31,5,Good guidance from the team
F007516,C11204,2025-04-29,5,I achieved my goal
F007517,C03930,2025-10-11,4,Very satisfied
F007518,C04560,2026-01-30,3,Program was difficult to follow
F007519,C16750,2025-04-15,4,Good guidance from the team
F007520,C00215,2024-09-30,3,Expected better results
F007521,C03682,2026-10-30,4,I achieved my goal
F007522,C09340,2024-11-21,3,I missed some sessions
F007523,C01774,2026-05-18,5,Excellent support
F007524,C01599,2025-07-19,5,I achieved my goal
F007525,C03475,2024-11-13,2,Could be better
F007526,C01388,2026-03-14,4,I achieved my goal
F007527,C09830,2025-07-07,5,Good experience
F007528,C19680,2024-12-12,4,Excellent support
F007529,C19363,2025-09-06,4,Good guidance from the team
F007530,C01994,2024-04-10,5,Good guidance from the team
F007531,C04163,2024-09-09,5,I achieved my goal
F007532,C05933,2025-11-04,5,Very helpful program
F007533,C19011,2025-07-23,5,Very helpful program
F007534,C17984,2026-10-15,1,Need more follow-up
F007535,C18623,2025-02-13,3,Program was difficult to follow
F007536,C14232,2026-12-14,3,I missed some sessions
F007537,C02106,2026-07-17,2,Program was difficult to follow
F007538,C16616,2024-09-29,3,Not fully satisfied
F007539,C16420,2025-07-13,4,Excellent support
F007540,C17291,2024-11-08,5,Very satisfied
F007541,C01859,2026-05-03,2,I missed some sessions
F007542,C00009,2025-10-05,5,Very satisfied
F007543,C05693,2025-02-18,5,I achieved my goal
F007544,C00659,2026-06-24,5,Good experience
F007545,C11459,2024-12-16,5,I achieved my goal
F007546,C17894,2025-05-04,4,I achieved my goal
F007547,C10696,2025-07-23,5,Good experience
F007548,C12474,2025-08-04,1,Program was difficult to follow
F007549,C05247,2026-05-02,4,Very satisfied
F007550,C04420,2025-02-25,5,Good guidance from the team
F007551,C06922,2025-06-05,1,Expected better results
F007552,C12650,2024-05-03,5,Very satisfied
F007553,C14807,2024-08-17,5,I achieved my goal
F007554,C12216,2025-02-17,1,Expected better results
F007555,C14065,2025-02-12,4,I achieved my goal
F007556,C19422,2026-09-09,5,The coach was helpful
F007557,C14865,2026-09-06,3,Program was difficult to follow
F007558,C11828,2024-07-25,5,I achieved my goal
F007559,C10306,2024-12-18,4,I achieved my goal
F007560,C02531,2025-12-08,3,I missed some sessions
F007561,C08600,2024-10-27,1,Expected better results
F007562,C04479,2025-09-26,5,The coach was helpful
F007563,C16220,2026-07-06,3,Program was difficult to follow
F007564,C17298,2024-08-05,3,Expected better results
F007565,C16987,2024-10-18,3,Could be better
F007566,C07679,2025-11-03,2,I missed some sessions
F007567,C02521,2025-04-21,3,Need more follow-up
F007568,C11511,2025-04-28,3,Need more follow-up
F007569,C17356,2025-06-01,5,Good experience
F007570,C17622,2026-07-16,5,The coach was helpful
F007571,C09146,2026-01-17,4,Very satisfied
F007572,C04852,2026-04-29,4,I achieved my goal
F007573,C11463,2026-01-02,5,Good experience
F007574,C15647,2024-11-02,4,I achieved my goal
F007575,C11347,2025-04-02,5,Good guidance from the team
F007576,C00381,2026-07-29,4,The coach was helpful
F007577,C15608,2026-05-25,4,Good experience
F007578,C14505,2026-06-22,3,Not fully satisfied
F007579,C19681,2025-02-11,4,I achieved my goal
F007580,C02996,2026-01-17,4,Very helpful program
F007581,C07637,2026-09-29,5,Very helpful program
F007582,C19350,2025-08-20,4,Good experience
F007583,C18662,2024-09-18,5,Good experience
F007584,C01973,2026-09-13,5,Good guidance from the team
F007585,C10382,2026-08-14,5,Very helpful program
F007586,C11581,2024-08-15,2,Not fully satisfied
F007587,C08705,2024-12-05,5,Excellent support
F007588,C05017,2025-01-21,5,I achieved my goal
F007589,C03571,2025-02-26,5,Good guidance from the team
F007590,C01074,2026-03-28,2,I missed some sessions
F007591,C08573,2024-11-21,4,The coach was helpful
F007592,C16943,2025-10-31,4,Excellent support
F007593,C14234,2024-03-20,5,The coach was helpful
F007594,C14926,2026-01-08,4,Excellent support
F007595,C18818,2024-12-15,5,I achieved my goal
F007596,C00436,2024-09-15,5,Very helpful program
F007597,C12617,2024-09-13,1,I missed some sessions
F007598,C14904,2024-08-10,5,Good experience
F007599,C15245,2025-09-21,3,Need more follow-up
F007600,C07673,2024-07-09,5,Good guidance from the team
F007601,C09277,2025-12-01,5,I achieved my goal
F007602,C12750,2024-10-14,3,Expected better results
F007603,C11823,2024-05-29,2,I missed some sessions
F007604,C01830,2025-02-27,4,I achieved my goal
F007605,C05279,2024-10-21,5,Excellent support
F007606,C15912,2024-11-10,1,Could be better
F007607,C00922,2024-08-24,4,Very helpful program
F007608,C14106,2025-04-04,4,Excellent support
F007609,C11533,2025-03-26,2,Need more follow-up
F007610,C07415,2025-01-06,4,Very satisfied
F007611,C03873,2025-10-15,3,Program was difficult to follow
F007612,C19676,2025-02-16,5,Very satisfied
F007613,C16474,2025-11-14,5,The coach was helpful
F007614,C03272,2024-11-10,1,Need more follow-up
F007615,C09046,2026-04-11,2,Program was difficult to follow
F007616,C11902,2025-12-31,5,Excellent support
F007617,C00652,2026-09-19,4,Very satisfied
F007618,C01837,2024-10-04,3,Need more follow-up
F007619,C10261,2025-05-16,4,Excellent support
F007620,C01323,2026-06-29,5,Very helpful program
F007621,C13338,2026-08-08,4,Good experience
F007622,C07631,2026-03-08,4,Good guidance from the team
F007623,C10871,2026-06-02,4,The coach was helpful
F007624,C12731,2026-07-19,1,Could be better
F007625,C07586,2024-09-15,3,Expected better results
F007626,C05732,2024-09-15,5,Excellent support
F007627,C10810,2025-09-26,5,I achieved my goal
F007628,C14547,2024-11-19,3,Expected better results
F007629,C19041,2026-05-27,4,Good guidance from the team
F007630,C12086,2026-07-05,2,Could be better
F007631,C00869,2026-02-18,5,Very helpful program
F007632,C05053,2026-05-13,5,Excellent support
F007633,C18145,2026-02-22,4,Excellent support
F007634,C07107,2026-06-05,4,Good guidance from the team
F007635,C04805,2026-06-27,5,The coach was helpful
F007636,C13883,2026-05-01,5,The coach was helpful
F007637,C18142,2025-04-08,5,Very helpful program
F007638,C09688,2025-05-20,4,Good experience
F007639,C07489,2024-11-23,3,Program was difficult to follow
F007640,C06961,2024-07-09,4,I achieved my goal
F007641,C12728,2024-09-29,4,The coach was helpful
F007642,C19116,2026-08-31,4,Excellent support
F007643,C13776,2024-09-05,4,The coach was helpful
F007644,C12491,2024-04-19,5,Very satisfied
F007645,C09307,2026-03-17,3,Not fully satisfied
F007646,C08603,2026-02-15,2,Program was difficult to follow
F007647,C13152,2025-09-29,5,I achieved my goal
F007648,C15177,2026-02-21,2,Expected better results
F007649,C13232,2024-07-18,5,Good experience
F007650,C08189,2025-04-19,4,Excellent support
F007651,C03617,2025-01-15,5,Good experience
F007652,C05237,2026-10-15,5,Good experience
F007653,C04687,2025-01-07,3,Expected better results
F007654,C03388,2024-07-20,5,Very satisfied
F007655,C04555,2026-07-02,4,Very satisfied
F007656,C11434,2025-05-15,3,Could be better
F007657,C08661,2025-10-02,5,Good experience
F007658,C10056,2026-08-21,5,I achieved my goal
F007659,C08709,2024-03-14,5,Very satisfied
F007660,C04349,2024-11-04,5,Very satisfied
F007661,C09824,2026-10-29,3,Need more follow-up
F007662,C02168,2025-12-25,5,Excellent support
F007663,C09357,2025-08-08,5,Good experience
F007664,C15899,2026-05-22,5,Good experience
F007665,C06692,2026-08-17,3,Need more follow-up
F007666,C10642,2026-03-22,4,The coach was helpful
F007667,C17296,2024-06-30,3,Could be better
F007668,C12621,2025-03-25,2,Need more follow-up
F007669,C12111,2024-12-12,1,Could be better
F007670,C05133,2024-07-11,4,Good experience
F007671,C19435,2026-01-20,4,The coach was helpful
F007672,C16632,2024-08-09,5,The coach was helpful
F007673,C12453,2025-03-30,2,Program was difficult to follow
F007674,C06111,2025-05-18,1,Expected better results
F007675,C04535,2026-09-27,4,Very helpful program
F007676,C04443,2024-06-25,5,Good guidance from the team
F007677,C04474,2024-10-05,2,Need more follow-up
F007678,C18851,2025-03-30,3,Program was difficult to follow
F007679,C14637,2024-10-10,5,Very helpful program
F007680,C19995,2024-11-08,3,Need more follow-up
F007681,C11456,2026-05-17,2,Could be better
F007682,C04019,2025-02-19,2,I missed some sessions
F007683,C18861,2026-06-29,3,Program was difficult to follow
F007684,C07521,2024-10-03,4,Very satisfied
F007685,C07616,2026-07-04,5,Good guidance from the team
F007686,C06735,2025-05-10,3,Need more follow-up
F007687,C09462,2024-09-11,4,Good experience
F007688,C01997,2026-06-09,5,I achieved my goal
F007689,C00767,2024-03-27,3,Not fully satisfied
F007690,C18393,2026-05-19,3,Not fully satisfied
F007691,C17508,2025-11-19,3,I missed some sessions
F007692,C14492,2026-04-15,5,The coach was helpful
F007693,C05379,2026-07-31,4,Good guidance from the team
F007694,C19337,2025-11-02,3,Need more follow-up
F007695,C17193,2026-08-16,5,The coach was helpful
F007696,C07440,2025-02-12,3,Need more follow-up
F007697,C00953,2024-12-07,5,I achieved my goal
F007698,C09345,2026-05-15,5,I achieved my goal
F007699,C15488,2026-01-29,1,Expected better results
F007700,C04894,2025-02-23,5,The coach was helpful
F007701,C15532,2024-09-23,4,Excellent support
F007702,C12128,2024-05-08,4,I achieved my goal
F007703,C05039,2024-12-27,3,I missed some sessions
F007704,C16648,2024-05-09,5,Good guidance from the team
F007705,C10409,2026-06-30,3,Could be better
F007706,C09784,2024-09-06,4,I achieved my goal
F007707,C12866,2025-06-19,5,Excellent support
F007708,C11876,2025-02-16,4,The coach was helpful
F007709,C12258,2025-01-14,5,I achieved my goal
F007710,C12134,2026-08-27,3,Could be better
F007711,C17344,2026-01-26,5,Very helpful program
F007712,C05175,2025-11-15,5,Very helpful program
F007713,C14927,2025-08-27,4,The coach was helpful
F007714,C05354,2026-01-24,3,Need more follow-up
F007715,C17523,2024-08-30,4,Very helpful program
F007716,C10543,2024-08-21,3,Not fully satisfied
F007717,C02546,2025-06-05,3,I missed some sessions
F007718,C01493,2024-07-30,5,Very satisfied
F007719,C08261,2026-03-18,2,I missed some sessions
F007720,C01195,2024-12-11,4,I achieved my goal
F007721,C18923,2024-10-18,5,Very satisfied
F007722,C00736,2025-05-13,4,I achieved my goal
F007723,C07337,2026-01-12,5,Good guidance from the team
F007724,C07318,2025-07-07,3,Could be better
F007725,C01946,2025-01-05,3,Expected better results
F007726,C18565,2026-09-19,5,The coach was helpful
F007727,C06035,2026-07-10,4,Very satisfied
F007728,C04915,2024-06-17,1,I missed some sessions
F007729,C15233,2025-03-21,4,Good experience
F007730,C13524,2024-09-06,4,Good experience
F007731,C01880,2025-05-12,5,Excellent support
F007732,C10621,2024-12-03,4,Excellent support
F007733,C09603,2025-01-27,5,I achieved my goal
F007734,C14475,2024-08-16,5,Excellent support
F007735,C10132,2025-10-24,5,Good guidance from the team
F007736,C09559,2024-12-05,4,Very satisfied
F007737,C01366,2026-05-31,4,I achieved my goal
F007738,C18468,2025-08-07,4,Good experience
F007739,C17351,2024-08-16,5,The coach was helpful
F007740,C13622,2024-08-03,3,I missed some sessions
F007741,C02478,2026-06-28,2,Program was difficult to follow
F007742,C03926,2026-03-21,5,Good guidance from the team
F007743,C06022,2024-09-15,4,Good experience
F007744,C02856,2024-08-31,4,The coach was helpful
F007745,C11945,2026-08-20,5,The coach was helpful
F007746,C07322,2026-09-28,2,Could be better
F007747,C05750,2026-12-03,5,Very helpful program
F007748,C14071,2025-07-19,4,Very helpful program
F007749,C03309,2025-10-19,4,I achieved my goal
F007750,C10619,2025-02-06,5,Very satisfied
F007751,C07590,2024-07-23,5,Good experience
F007752,C08930,2024-11-09,5,I achieved my goal
F007753,C17316,2025-05-29,4,Very satisfied
F007754,C01300,2024-12-18,3,I missed some sessions
F007755,C00045,2025-07-11,2,Expected better results
F007756,C11027,2024-04-09,4,Good experience
F007757,C11229,2024-11-24,5,Very satisfied
F007758,C06748,2026-04-28,5,Good experience
F007759,C16758,2025-07-23,4,The coach was helpful
F007760,C04192,2024-06-08,4,Good guidance from the team
F007761,C10577,2025-05-16,3,Not fully satisfied
F007762,C04650,2026-08-12,4,Very satisfied
F007763,C18234,2025-04-25,2,Expected better results
F007764,C08698,2025-11-18,4,The coach was helpful
F007765,C15424,2026-07-17,3,Need more follow-up
F007766,C01492,2026-03-03,4,I achieved my goal
F007767,C14077,2026-01-25,3,Expected better results
F007768,C12931,2025-03-13,4,Very satisfied
F007769,C19324,2025-01-30,5,Excellent support
F007770,C03218,2025-02-13,4,Very helpful program
F007771,C06882,2025-07-13,3,Program was difficult to follow
F007772,C08209,2025-04-21,5,Excellent support
F007773,C10058,2024-11-17,3,Need more follow-up
F007774,C00259,2025-06-22,3,Need more follow-up
F007775,C09508,2024-11-01,5,Good guidance from the team
F007776,C03034,2024-09-13,5,Excellent support
F007777,C06414,2026-09-20,5,Very satisfied
F007778,C09456,2025-09-21,5,Good experience
F007779,C17659,2025-02-06,4,Good guidance from the team
F007780,C14184,2025-04-29,2,Program was difficult to follow
F007781,C05320,2026-05-06,5,Very helpful program
F007782,C12031,2026-07-13,5,Good experience
F007783,C18368,2025-08-29,3,Not fully satisfied
F007784,C13994,2026-07-26,4,Good guidance from the team
F007785,C10436,2026-01-08,5,Excellent support
F007786,C07653,2025-01-24,5,Very satisfied
F007787,C08036,2025-03-23,5,I achieved my goal
F007788,C18139,2025-08-19,4,I achieved my goal
F007789,C13138,2026-08-20,5,Good guidance from the team
F007790,C03395,2026-02-20,5,Good guidance from the team
F007791,C16421,2026-06-11,5,Good experience
F007792,C04664,2026-08-30,5,The coach was helpful
F007793,C11034,2025-07-31,3,Program was difficult to follow
F007794,C06398,2024-11-10,5,Good guidance from the team
F007795,C14089,2025-05-28,4,Good guidance from the team
F007796,C14569,2024-09-04,4,I achieved my goal
F007797,C06935,2025-06-28,4,Excellent support
F007798,C13379,2024-05-03,2,Not fully satisfied
F007799,C10188,2026-06-08,5,The coach was helpful
F007800,C03296,2026-01-08,5,I achieved my goal
F007801,C19730,2025-03-06,4,Very helpful program
F007802,C04296,2024-07-02,4,Excellent support
F007803,C16231,2024-11-02,4,Very helpful program
F007804,C17390,2025-04-30,2,Not fully satisfied
F007805,C17287,2025-07-19,3,I missed some sessions
F007806,C15663,2025-08-06,4,Very helpful program
F007807,C00579,2026-02-13,5,Good guidance from the team
F007808,C03572,2026-09-22,4,The coach was helpful
F007809,C13722,2026-04-19,1,Program was difficult to follow
F007810,C06440,2026-01-01,3,I missed some sessions
F007811,C00231,2025-09-26,2,Not fully satisfied
F007812,C03520,2024-11-10,3,Expected better results
F007813,C11961,2024-05-12,5,The coach was helpful
F007814,C04763,2025-12-22,3,I missed some sessions
F007815,C16724,2025-12-28,4,Good guidance from the team
F007816,C01852,2024-06-10,4,Very satisfied
F007817,C00281,2025-01-07,3,Program was difficult to follow
F007818,C05130,2026-03-06,3,Program was difficult to follow
F007819,C02065,2026-06-05,5,I achieved my goal
F007820,C02831,2026-03-17,5,Very helpful program
F007821,C04283,2025-09-15,2,I missed some sessions
F007822,C19321,2024-03-04,4,Good guidance from the team
F007823,C19831,2025-01-13,3,Need more follow-up
F007824,C05381,2024-08-16,4,I achieved my goal
F007825,C13233,2026-04-09,5,Good experience
F007826,C16934,2026-02-16,3,Could be better
F007827,C16447,2025-09-08,4,Very helpful program
F007828,C13790,2026-01-30,4,The coach was helpful
F007829,C03028,2025-08-29,4,Very satisfied
F007830,C10521,2025-02-04,4,The coach was helpful
F007831,C02423,2024-06-01,4,Good guidance from the team
F007832,C07591,2025-11-08,5,Good guidance from the team
F007833,C05178,2025-03-23,4,Good guidance from the team
F007834,C08723,2024-11-19,5,Very satisfied
F007835,C09501,2024-08-12,4,Good guidance from the team
F007836,C15936,2024-05-08,5,Very satisfied
F007837,C03430,2025-01-28,5,Good guidance from the team
F007838,C15631,2025-02-13,1,Not fully satisfied
F007839,C09273,2025-05-19,5,The coach was helpful
F007840,C07730,2026-10-05,2,Need more follow-up
F007841,C06561,2026-01-11,5,The coach was helpful
F007842,C04036,2026-01-02,4,The coach was helpful
F007843,C16495,2025-01-27,3,I missed some sessions
F007844,C13451,2026-07-21,5,Very satisfied
F007845,C05464,2025-05-28,5,The coach was helpful
F007846,C07955,2025-05-21,5,I achieved my goal
F007847,C03756,2025-02-20,2,Not fully satisfied
F007848,C10141,2025-04-18,5,Good guidance from the team
F007849,C06023,2025-01-24,5,Good guidance from the team
F007850,C19246,2026-01-22,1,Could be better
F007851,C08302,2026-05-23,4,Good experience
F007852,C19736,2026-01-08,4,The coach was helpful
F007853,C00001,2025-01-29,5,The coach was helpful
F007854,C14549,2026-07-15,3,Not fully satisfied
F007855,C02469,2025-07-26,3,Program was difficult to follow
F007856,C07005,2026-03-25,3,Program was difficult to follow
F007857,C10889,2026-01-17,4,Good guidance from the team
F007858,C11954,2024-12-01,5,Very helpful program
F007859,C16895,2025-12-12,4,The coach was helpful
F007860,C12919,2026-06-28,1,Not fully satisfied
F007861,C18495,2026-01-18,5,Excellent support
F007862,C19159,2026-07-26,5,Good guidance from the team
F007863,C09562,2024-05-11,5,Excellent support
F007864,C15752,2025-04-02,4,I achieved my goal
F007865,C09812,2025-11-15,1,Could be better
F007866,C16604,2024-07-02,3,Not fully satisfied
F007867,C11884,2024-05-11,5,Very satisfied
F007868,C01496,2025-03-15,5,Very helpful program
F007869,C02533,2026-02-06,3,Not fully satisfied
F007870,C09967,2026-02-25,4,Good experience
F007871,C01629,2024-11-06,4,Very helpful program
F007872,C08152,2024-08-20,2,Need more follow-up
F007873,C00758,2026-03-04,5,I achieved my goal
F007874,C14730,2025-08-31,5,Very satisfied
F007875,C14305,2024-08-19,3,Could be better
F007876,C07048,2025-10-26,1,Program was difficult to follow
F007877,C02908,2025-01-11,5,Good experience
F007878,C16123,2024-12-06,5,I achieved my goal
F007879,C09615,2026-05-31,5,Excellent support
F007880,C07262,2025-01-25,4,I achieved my goal
F007881,C18889,2025-05-26,1,Program was difficult to follow
F007882,C13573,2026-04-21,5,Very satisfied
F007883,C04100,2024-08-12,2,I missed some sessions
F007884,C11613,2024-03-15,2,Need more follow-up
F007885,C06348,2024-05-15,5,Good experience
F007886,C18563,2026-05-11,5,Excellent support
F007887,C15891,2024-08-12,5,Very helpful program
F007888,C13858,2024-08-16,5,The coach was helpful
F007889,C13659,2025-07-06,5,Excellent support
F007890,C09772,2026-06-23,4,The coach was helpful
F007891,C17731,2026-09-12,4,I achieved my goal
F007892,C16935,2024-08-28,4,Good guidance from the team
F007893,C15992,2025-07-30,4,Excellent support
F007894,C06904,2025-10-22,2,I missed some sessions
F007895,C13763,2024-06-05,3,Expected better results
F007896,C17917,2025-07-05,5,Very satisfied
F007897,C12545,2024-05-09,2,I missed some sessions
F007898,C16195,2025-01-17,4,Good experience
F007899,C15877,2024-04-28,1,Could be better
F007900,C05908,2024-07-28,4,The coach was helpful
F007901,C13840,2024-04-07,4,I achieved my goal
F007902,C02758,2026-05-08,2,I missed some sessions
F007903,C00064,2024-08-15,4,Excellent support
F007904,C02771,2026-04-13,4,Good guidance from the team
F007905,C01504,2024-09-16,3,Expected better results
F007906,C19168,2025-05-04,4,Excellent support
F007907,C12892,2026-01-29,3,Not fully satisfied
F007908,C00843,2025-05-19,4,Excellent support
F007909,C04339,2026-07-29,4,I achieved my goal
F007910,C05368,2025-02-13,3,Expected better results
F007911,C09699,2024-03-16,5,Very helpful program
F007912,C05281,2026-04-17,5,The coach was helpful
F007913,C01253,2024-12-27,4,Very satisfied
F007914,C15755,2024-09-13,4,The coach was helpful
F007915,C03058,2024-06-27,4,Very helpful program
F007916,C06031,2025-09-19,2,Program was difficult to follow
F007917,C08168,2026-06-02,2,I missed some sessions
F007918,C19217,2024-09-08,5,I achieved my goal
F007919,C06929,2025-10-09,3,Expected better results
F007920,C06737,2026-06-26,4,I achieved my goal
F007921,C04126,2024-08-16,5,The coach was helpful
F007922,C08699,2026-07-06,5,Excellent support
F007923,C18422,2025-12-25,4,Very satisfied
F007924,C16555,2026-04-20,5,Good guidance from the team
F007925,C06639,2025-08-04,2,Expected better results
F007926,C08621,2025-02-14,5,Good guidance from the team
F007927,C18530,2025-07-01,4,The coach was helpful
F007928,C14247,2025-12-04,5,Very satisfied
F007929,C12046,2025-10-27,5,I achieved my goal
F007930,C19596,2026-02-12,4,Good experience
F007931,C18893,2026-08-30,2,Program was difficult to follow
F007932,C04510,2025-10-20,3,I missed some sessions
F007933,C15595,2025-08-18,4,Very satisfied
F007934,C06533,2025-06-14,3,Need more follow-up
F007935,C12051,2024-11-27,4,Very satisfied
F007936,C14014,2025-10-11,5,Good experience
F007937,C08778,2024-06-24,4,I achieved my goal
F007938,C02573,2025-12-29,5,Very satisfied
F007939,C14582,2026-05-27,3,Need more follow-up
F007940,C11513,2024-07-22,2,I missed some sessions
F007941,C01520,2025-07-13,4,I achieved my goal
F007942,C12399,2024-06-08,4,Good guidance from the team
F007943,C14484,2025-02-18,4,Good experience
F007944,C01121,2026-09-07,4,Excellent support
F007945,C07284,2025-10-30,4,Good guidance from the team
F007946,C01483,2024-07-31,5,The coach was helpful
F007947,C17391,2026-01-05,5,I achieved my goal
F007948,C16293,2024-10-18,4,Excellent support
F007949,C07239,2025-06-18,3,Expected better results
F007950,C09927,2024-12-13,2,Need more follow-up
F007951,C19711,2025-06-03,5,I achieved my goal
F007952,C09626,2024-12-01,5,Very helpful program
F007953,C02875,2024-06-14,5,Very helpful program
F007954,C01474,2024-12-02,5,Excellent support
F007955,C00512,2026-04-28,4,The coach was helpful
F007956,C12721,2026-07-09,3,I missed some sessions
F007957,C18121,2024-12-02,4,Good guidance from the team
F007958,C04405,2026-01-08,5,The coach was helpful
F007959,C17982,2025-10-28,4,Very helpful program
F007960,C11184,2025-08-03,5,Good guidance from the team
F007961,C13519,2025-12-02,5,Very satisfied
F007962,C15400,2025-12-01,5,Very helpful program
F007963,C07724,2026-06-23,2,Not fully satisfied
F007964,C03599,2024-07-11,3,Program was difficult to follow
F007965,C05504,2024-08-09,4,Good guidance from the team
F007966,C11182,2026-02-26,4,Good experience
F007967,C04000,2025-08-09,2,Could be better
F007968,C19713,2025-03-28,5,Good guidance from the team
F007969,C16288,2024-10-20,4,Good experience
F007970,C11076,2026-03-06,5,Very helpful program
F007971,C06041,2025-10-03,4,I achieved my goal
F007972,C09628,2025-01-28,2,Not fully satisfied
F007973,C03105,2024-11-01,1,Program was difficult to follow
F007974,C13009,2024-06-02,4,Very satisfied
F007975,C19517,2025-08-22,5,I achieved my goal
F007976,C06091,2024-09-24,4,Excellent support
F007977,C11153,2025-10-31,5,Good experience
F007978,C17725,2025-02-13,4,Good guidance from the team
F007979,C07642,2026-06-12,5,Very satisfied
F007980,C17882,2026-03-31,4,I achieved my goal
F007981,C19404,2026-05-23,4,Very satisfied
F007982,C09532,2025-06-14,3,Program was difficult to follow
F007983,C03540,2024-12-18,4,Excellent support
F007984,C10034,2025-06-27,3,Program was difficult to follow
F007985,C03839,2025-04-24,1,Expected better results
F007986,C03687,2025-10-22,5,Excellent support
F007987,C12017,2025-12-31,3,I missed some sessions
F007988,C04203,2024-12-01,3,Expected better results
F007989,C12209,2024-02-19,3,Need more follow-up
F007990,C14949,2025-11-19,5,Very satisfied
F007991,C08724,2025-07-10,1,Need more follow-up
F007992,C10171,2024-11-13,4,Excellent support
F007993,C09412,2024-05-25,5,Very satisfied
F007994,C06367,2024-09-30,4,I achieved my goal
F007995,C04437,2025-10-28,5,The coach was helpful
F007996,C07553,2025-07-30,5,I achieved my goal
F007997,C14868,2025-04-29,5,I achieved my goal
F007998,C06033,2026-07-26,3,I missed some sessions
F007999,C09288,2025-04-21,5,Very satisfied
F008000,C00668,2025-11-09,5,Excellent support
F008001,C10215,2026-09-11,2,Program was difficult to follow
F008002,C18930,2025-10-26,4,Very satisfied
F008003,C17115,2024-08-26,5,Very satisfied
F008004,C14514,2025-08-06,1,I missed some sessions
F008005,C11878,2026-08-13,4,I achieved my goal
F008006,C15384,2025-07-05,5,Very satisfied
F008007,C05883,2026-04-04,4,Excellent support
F008008,C15490,2024-12-18,4,Good guidance from the team
F008009,C05831,2026-05-02,2,Need more follow-up
F008010,C09157,2025-08-04,2,Need more follow-up
F008011,C10563,2024-03-23,2,Expected better results
F008012,C15230,2026-09-01,3,Expected better results
F008013,C07668,2026-08-26,4,The coach was helpful
F008014,C17249,2026-01-22,5,Good experience
F008015,C19471,2025-10-14,3,Could be better
F008016,C09537,2025-06-13,5,I achieved my goal
F008017,C19281,2024-07-20,4,The coach was helpful
F008018,C12167,2025-03-27,3,Not fully satisfied
F008019,C13791,2026-06-19,4,Excellent support
F008020,C11233,2026-08-04,2,Could be better
F008021,C19584,2025-11-22,5,The coach was helpful
F008022,C04904,2025-06-20,1,Need more follow-up
F008023,C08342,2024-04-09,5,Very helpful program
F008024,C18620,2026-08-24,5,Very helpful program
F008025,C01365,2026-03-17,1,I missed some sessions
F008026,C14596,2024-07-02,5,I achieved my goal
F008027,C11547,2026-04-24,4,The coach was helpful
F008028,C16187,2025-03-24,3,Program was difficult to follow
F008029,C08891,2026-02-16,5,Very helpful program
F008030,C02448,2025-06-02,4,Good experience
F008031,C19290,2026-09-27,2,I missed some sessions
F008032,C15060,2026-03-12,2,Program was difficult to follow
F008033,C09740,2026-07-01,2,I missed some sessions
F008034,C03045,2025-02-04,5,Excellent support
F008035,C16478,2026-03-28,5,Good guidance from the team
F008036,C13158,2024-03-10,4,Very satisfied
F008037,C00914,2025-09-02,4,Good experience
F008038,C02462,2026-01-06,2,Could be better
F008039,C05582,2026-01-23,4,Good experience
F008040,C06326,2027-01-06,4,Good guidance from the team
F008041,C07633,2025-09-19,5,Good guidance from the team
F008042,C08369,2025-10-11,3,I missed some sessions
F008043,C14775,2024-06-29,2,Program was difficult to follow
F008044,C00143,2026-09-02,4,I achieved my goal
F008045,C03078,2026-04-26,5,I achieved my goal
F008046,C03369,2026-08-01,5,Good experience
F008047,C09410,2026-06-03,5,Very helpful program
F008048,C10334,2024-05-04,4,The coach was helpful
F008049,C19162,2025-07-12,3,Program was difficult to follow
F008050,C08096,2026-03-10,5,Good guidance from the team
F008051,C17138,2025-08-11,3,I missed some sessions
F008052,C02962,2025-08-21,5,Very helpful program
F008053,C10940,2026-09-16,3,Could be better
F008054,C12789,2026-02-14,5,Very helpful program
F008055,C09574,2025-10-27,1,Program was difficult to follow
F008056,C10247,2026-06-07,2,Expected better results
F008057,C05272,2027-01-29,5,I achieved my goal
F008058,C15416,2026-03-25,2,Need more follow-up
F008059,C05560,2026-02-21,5,Good experience
F008060,C12814,2025-08-19,5,Excellent support
F008061,C09710,2025-06-12,4,Very satisfied
F008062,C10265,2024-04-22,4,Very satisfied
F008063,C13426,2026-06-12,3,Expected better results
F008064,C17247,2024-09-26,3,I missed some sessions
F008065,C17663,2024-12-08,4,Very satisfied
F008066,C03100,2024-09-15,4,Very helpful program
F008067,C02457,2026-02-19,4,Excellent support
F008068,C05736,2026-04-05,4,Good experience
F008069,C18028,2025-07-28,5,I achieved my goal
F008070,C06762,2025-01-22,3,I missed some sessions
F008071,C18017,2025-07-22,5,Excellent support
F008072,C01663,2026-03-16,4,Excellent support
F008073,C14589,2025-12-05,3,Need more follow-up
F008074,C06258,2026-09-25,2,Not fully satisfied
F008075,C18648,2024-08-01,2,Need more follow-up
F008076,C15697,2025-12-25,5,I achieved my goal
F008077,C05332,2024-08-20,5,Good experience
F008078,C07265,2026-03-17,5,I achieved my goal
F008079,C00748,2025-04-30,2,I missed some sessions
F008080,C04372,2026-08-07,2,Expected better results
F008081,C10529,2025-08-10,5,Good experience
F008082,C00369,2025-01-15,4,I achieved my goal
F008083,C11299,2026-07-27,4,Good guidance from the team
F008084,C07076,2025-01-15,4,Good guidance from the team
F008085,C12222,2026-08-04,4,Good experience
F008086,C12671,2024-04-30,5,The coach was helpful
F008087,C08860,2026-01-29,4,The coach was helpful
F008088,C00243,2025-09-19,4,Very helpful program
F008089,C12897,2025-04-15,2,I missed some sessions
F008090,C02010,2025-03-12,5,Good guidance from the team
F008091,C08208,2026-02-22,3,Expected better results
F008092,C02401,2026-03-09,5,I achieved my goal
F008093,C15201,2025-11-10,5,Good guidance from the team
F008094,C09801,2025-06-08,4,I achieved my goal
F008095,C09189,2025-04-24,4,Very helpful program
F008096,C17909,2024-08-10,5,Very satisfied
F008097,C02283,2026-07-30,2,Program was difficult to follow
F008098,C11859,2026-02-22,5,Very satisfied
F008099,C17997,2026-07-24,2,Program was difficult to follow
F008100,C15473,2025-09-13,3,Need more follow-up
F008101,C06930,2025-08-17,1,I missed some sessions
F008102,C07043,2025-09-19,5,Good experience
F008103,C03400,2024-08-07,5,Very helpful program
F008104,C01761,2024-10-13,3,Could be better
F008105,C02405,2025-03-15,3,Could be better
F008106,C18508,2025-01-22,1,Expected better results
F008107,C09692,2026-03-14,2,Not fully satisfied
F008108,C07805,2026-09-17,3,Expected better results
F008109,C11320,2026-05-05,5,Excellent support
F008110,C00648,2025-01-28,2,I missed some sessions
F008111,C03957,2024-10-25,5,The coach was helpful
F008112,C11728,2026-12-18,5,Very satisfied
F008113,C15378,2025-04-10,4,I achieved my goal
F008114,C14111,2025-09-08,4,The coach was helpful
F008115,C10256,2026-04-14,2,Could be better
F008116,C09427,2026-01-01,3,Need more follow-up
F008117,C17764,2025-05-08,3,Need more follow-up
F008118,C16638,2025-05-08,4,Very satisfied
F008119,C13507,2025-04-30,5,Very helpful program
F008120,C16760,2026-01-10,1,Not fully satisfied
F008121,C05298,2025-06-10,4,Very helpful program
F008122,C08747,2026-10-05,5,I achieved my goal
F008123,C06188,2026-02-22,4,Very satisfied
F008124,C19570,2026-02-12,5,Good experience
F008125,C06915,2025-11-13,4,Good guidance from the team
F008126,C10860,2024-05-02,2,Could be better
F008127,C03749,2024-09-15,5,Excellent support
F008128,C08919,2024-08-29,3,Need more follow-up
F008129,C19446,2025-05-08,3,Not fully satisfied
F008130,C10850,2024-09-22,3,Could be better
F008131,C09681,2025-07-18,5,Good experience
F008132,C13662,2024-09-01,5,Very helpful program
F008133,C01512,2024-11-10,3,Not fully satisfied
F008134,C08744,2026-01-07,2,Not fully satisfied
F008135,C12911,2026-04-23,1,Could be better
F008136,C14768,2024-09-23,5,Very satisfied
F008137,C00249,2025-01-24,1,Not fully satisfied
F008138,C00933,2025-10-05,5,The coach was helpful
F008139,C18736,2024-08-21,4,I achieved my goal
F008140,C05108,2026-01-17,1,Not fully satisfied
F008141,C01157,2026-01-07,5,Good experience
F008142,C01853,2026-04-09,5,I achieved my goal
F008143,C11543,2026-02-03,3,Program was difficult to follow
F008144,C10982,2025-05-21,5,Very satisfied
F008145,C09898,2025-03-23,4,Good guidance from the team
F008146,C01745,2025-05-25,4,I achieved my goal
F008147,C19577,2025-12-14,4,Excellent support
F008148,C02251,2025-06-17,5,Good experience
F008149,C08892,2025-08-22,5,Very satisfied
F008150,C08360,2024-12-16,3,Expected better results
F008151,C18799,2026-11-22,3,Program was difficult to follow
F008152,C13643,2025-02-28,4,I achieved my goal
F008153,C03235,2025-02-04,4,Good experience
F008154,C12062,2025-12-15,4,Good guidance from the team
F008155,C03287,2026-03-31,4,I achieved my goal
F008156,C03722,2025-02-18,5,Good experience
F008157,C04380,2025-08-06,4,I achieved my goal
F008158,C10738,2025-05-02,3,Expected better results
F008159,C01437,2026-04-04,5,I achieved my goal
F008160,C02038,2026-12-05,3,I missed some sessions
F008161,C08514,2024-05-16,5,I achieved my goal
F008162,C02621,2025-02-09,5,The coach was helpful
F008163,C13758,2024-05-04,5,The coach was helpful
F008164,C04695,2024-07-08,3,Need more follow-up
F008165,C16036,2024-09-12,4,Good experience
F008166,C08111,2024-06-28,4,Good guidance from the team
F008167,C03469,2025-06-18,4,The coach was helpful
F008168,C03408,2026-09-04,5,The coach was helpful
F008169,C19802,2025-07-29,5,Very helpful program
F008170,C00404,2024-07-07,4,Excellent support
F008171,C02021,2024-12-27,5,I achieved my goal
F008172,C12828,2025-05-09,5,Excellent support
F008173,C06705,2025-06-30,5,I achieved my goal
F008174,C10203,2026-09-23,1,Not fully satisfied
F008175,C08791,2024-04-13,2,Program was difficult to follow
F008176,C05299,2026-02-01,3,Expected better results
F008177,C15953,2026-03-30,2,I missed some sessions
F008178,C15817,2026-02-14,5,Excellent support
F008179,C13060,2025-06-03,3,Program was difficult to follow
F008180,C05973,2026-09-19,4,Very satisfied
F008181,C03301,2025-09-20,4,Good experience
F008182,C07975,2024-09-01,5,Very helpful program
F008183,C14869,2024-06-10,4,I achieved my goal
F008184,C08838,2025-09-23,5,I achieved my goal
F008185,C17514,2025-02-11,4,I achieved my goal
F008186,C07885,2024-03-02,5,Very helpful program
F008187,C00134,2025-01-16,5,Good guidance from the team
F008188,C10200,2026-08-26,5,Very helpful program
F008189,C03092,2026-05-30,5,Very satisfied
F008190,C17744,2026-05-04,2,Not fully satisfied
F008191,C03190,2025-04-21,3,I missed some sessions
F008192,C12686,2024-07-01,1,Could be better
F008193,C11603,2025-04-29,1,Expected better results
F008194,C08830,2026-06-21,3,Expected better results
F008195,C00714,2025-04-17,5,Good guidance from the team
F008196,C01584,2025-08-27,2,Could be better
F008197,C06752,2026-05-17,4,Good guidance from the team
F008198,C05625,2024-09-07,5,I achieved my goal
F008199,C14552,2026-02-05,4,Very satisfied
F008200,C10924,2025-09-30,4,Very satisfied
F008201,C12496,2025-01-29,4,I achieved my goal
F008202,C03892,2026-07-09,5,Very helpful program
F008203,C09791,2025-07-08,3,Expected better results
F008204,C02077,2026-07-07,5,I achieved my goal
F008205,C04667,2024-08-22,1,Expected better results
F008206,C16947,2025-06-18,5,Excellent support
F008207,C02481,2025-05-03,5,Very helpful program
F008208,C16050,2026-01-05,5,Good guidance from the team
F008209,C10598,2025-03-20,5,Excellent support
F008210,C15671,2026-05-21,4,Very helpful program
F008211,C05775,2024-09-04,5,Excellent support
F008212,C10763,2025-05-21,5,Very helpful program
F008213,C12281,2024-08-13,4,Very satisfied
F008214,C04684,2024-04-16,3,Program was difficult to follow
F008215,C02555,2025-06-17,4,Good experience
F008216,C10826,2025-10-26,4,Good guidance from the team
F008217,C17423,2025-03-15,5,I achieved my goal
F008218,C19901,2027-04-19,4,I achieved my goal
F008219,C02472,2024-07-27,5,Very satisfied
F008220,C00099,2025-01-03,3,I missed some sessions
F008221,C19972,2026-08-28,4,I achieved my goal
F008222,C17790,2025-05-31,4,Very satisfied
F008223,C08420,2024-12-09,2,Program was difficult to follow
F008224,C17178,2024-02-09,4,The coach was helpful
F008225,C00341,2026-03-22,5,Excellent support
F008226,C06163,2026-04-21,2,I missed some sessions
F008227,C12967,2024-04-02,4,Good experience
F008228,C11175,2025-10-24,5,Good guidance from the team
F008229,C19934,2025-10-07,3,Expected better results
F008230,C02256,2024-07-02,4,Very helpful program
F008231,C14102,2025-12-16,4,The coach was helpful
F008232,C13963,2024-10-10,5,I achieved my goal
F008233,C17447,2026-05-10,5,The coach was helpful
F008234,C05406,2025-10-24,4,Very satisfied
F008235,C05854,2025-02-20,5,I achieved my goal
F008236,C08282,2026-03-02,4,Good guidance from the team
F008237,C05524,2025-02-24,5,Good experience
F008238,C14233,2025-03-08,3,Program was difficult to follow
F008239,C07201,2026-05-31,5,Good guidance from the team
F008240,C17310,2025-03-24,3,I missed some sessions
F008241,C08530,2025-08-19,4,Very satisfied
F008242,C11171,2026-04-30,4,The coach was helpful
F008243,C14257,2025-08-15,5,The coach was helpful
F008244,C00299,2025-01-01,2,Could be better
F008245,C11638,2025-05-24,2,Program was difficult to follow
F008246,C12002,2025-03-16,4,I achieved my goal
F008247,C05833,2026-07-23,3,I missed some sessions
F008248,C14081,2025-07-05,5,Very satisfied
F008249,C06943,2025-03-15,5,Very helpful program
F008250,C16349,2025-04-07,4,Good guidance from the team
F008251,C09278,2025-01-14,5,Excellent support
F008252,C14160,2025-07-07,5,Good guidance from the team
F008253,C04796,2026-11-21,3,Need more follow-up
F008254,C17185,2025-04-04,4,Very helpful program
F008255,C08032,2024-05-26,4,Good guidance from the team
F008256,C02501,2026-02-14,2,Not fully satisfied
F008257,C10579,2025-12-28,5,The coach was helpful
F008258,C00298,2025-04-19,3,Could be better
F008259,C08020,2026-05-07,3,Could be better
F008260,C05278,2026-05-19,4,Very helpful program
F008261,C14290,2026-10-12,1,Need more follow-up
F008262,C00557,2024-06-17,3,Could be better
F008263,C05514,2024-11-30,5,Good guidance from the team
F008264,C02876,2024-10-21,4,Very satisfied
F008265,C14306,2026-06-03,3,Program was difficult to follow
F008266,C02654,2025-01-20,4,Very helpful program
F008267,C08021,2024-07-30,2,Could be better
F008268,C08022,2026-06-14,2,Could be better
F008269,C19741,2024-04-20,5,I achieved my goal
F008270,C07349,2025-01-16,3,Not fully satisfied
F008271,C06113,2026-09-05,3,Not fully satisfied
F008272,C13740,2025-08-10,4,Good experience
F008273,C05917,2025-09-06,4,Excellent support
F008274,C18498,2025-07-17,4,Very helpful program
F008275,C05850,2024-09-21,5,Good guidance from the team
F008276,C11113,2024-04-16,5,Good experience
F008277,C18192,2025-10-26,4,Good guidance from the team
F008278,C14263,2026-03-21,5,Very helpful program
F008279,C15248,2024-12-04,5,Good experience
F008280,C00275,2024-06-28,3,Not fully satisfied
F008281,C05675,2026-05-03,3,Expected better results
F008282,C05304,2026-05-22,5,Very satisfied
F008283,C12021,2024-07-21,3,Expected better results
F008284,C19943,2025-01-03,3,Program was difficult to follow
F008285,C17312,2025-05-03,3,Expected better results
F008286,C05159,2025-04-23,4,I achieved my goal
F008287,C14987,2024-08-19,5,Good guidance from the team
F008288,C00768,2025-09-10,5,I achieved my goal
F008289,C16339,2025-04-08,4,Good guidance from the team
F008290,C10398,2025-09-04,3,Expected better results
F008291,C15153,2026-02-22,5,The coach was helpful
F008292,C01538,2026-01-30,3,Could be better
F008293,C12823,2024-08-12,1,I missed some sessions
F008294,C17439,2026-05-02,5,I achieved my goal
F008295,C01001,2026-02-13,3,Program was difficult to follow
F008296,C06582,2024-08-27,3,Need more follow-up
F008297,C14000,2025-03-12,4,Very satisfied
F008298,C01386,2024-12-11,3,Program was difficult to follow
F008299,C18117,2026-05-27,2,Not fully satisfied
F008300,C02434,2024-09-13,3,Not fully satisfied
F008301,C04536,2026-03-17,5,Very satisfied
F008302,C01715,2024-11-21,5,Good experience
F008303,C19048,2026-09-06,3,Not fully satisfied
F008304,C07091,2024-10-22,3,Expected better results
F008305,C15851,2025-11-08,4,Excellent support
F008306,C03044,2024-05-21,4,Good guidance from the team
F008307,C05963,2025-07-17,4,Good guidance from the team
F008308,C03441,2024-05-15,5,Very satisfied
F008309,C12811,2024-07-27,3,I missed some sessions
F008310,C15562,2024-04-30,4,Good guidance from the team
F008311,C11671,2024-12-27,4,Very satisfied
F008312,C03767,2026-02-16,4,I achieved my goal
F008313,C04937,2026-05-03,3,Not fully satisfied
F008314,C08649,2026-01-07,4,Excellent support
F008315,C11669,2024-10-05,4,Very satisfied
F008316,C11639,2025-02-13,5,Good experience
F008317,C19216,2024-09-21,2,Need more follow-up
F008318,C17101,2025-03-03,4,I achieved my goal
F008319,C02351,2024-08-31,5,Excellent support
F008320,C18269,2024-04-09,4,Good guidance from the team
F008321,C05837,2026-02-27,5,Good experience
F008322,C06783,2025-06-13,4,The coach was helpful
F008323,C10659,2026-09-22,2,Not fully satisfied
F008324,C16236,2025-11-21,4,The coach was helpful
F008325,C13969,2024-05-27,5,The coach was helpful
F008326,C08789,2025-11-30,5,Very helpful program
F008327,C19733,2026-02-25,4,Very satisfied
F008328,C01531,2026-01-11,5,Good guidance from the team
F008329,C15750,2025-05-01,3,Could be better
F008330,C16974,2027-03-08,5,I achieved my goal
F008331,C10651,2026-04-18,5,I achieved my goal
F008332,C09986,2025-08-21,3,Program was difficult to follow
F008333,C05872,2025-08-08,4,Very satisfied
F008334,C14498,2024-06-23,3,I missed some sessions
F008335,C05768,2026-05-04,4,Very helpful program
F008336,C00399,2024-10-11,5,Excellent support
F008337,C16499,2024-12-21,3,Program was difficult to follow
F008338,C08001,2024-03-28,2,Could be better
F008339,C16235,2025-04-01,3,Expected better results
F008340,C01624,2025-04-25,4,Very satisfied
F008341,C07650,2024-07-25,5,The coach was helpful
F008342,C15054,2024-09-17,5,Good guidance from the team
F008343,C01423,2026-01-13,4,I achieved my goal
F008344,C06650,2025-04-02,5,Good experience
F008345,C08304,2025-09-08,5,Good guidance from the team
F008346,C15376,2026-04-23,2,Not fully satisfied
F008347,C14291,2025-10-02,5,Excellent support
F008348,C05786,2026-05-15,4,Good guidance from the team
F008349,C07874,2026-06-21,4,Good guidance from the team
F008350,C18114,2025-11-15,3,Need more follow-up
F008351,C16933,2025-11-23,4,The coach was helpful
F008352,C13992,2024-11-11,5,Good guidance from the team
F008353,C16311,2024-11-07,5,Good guidance from the team
F008354,C11231,2024-10-21,4,Very satisfied
F008355,C14911,2027-01-01,5,I achieved my goal
F008356,C01420,2024-09-30,5,Very satisfied
F008357,C19833,2024-05-03,5,Excellent support
F008358,C19950,2026-03-13,2,Expected better results
F008359,C02471,2026-01-24,1,Program was difficult to follow
F008360,C12770,2026-01-29,5,Very helpful program
F008361,C01611,2025-07-11,4,Good experience
F008362,C17097,2026-01-21,4,Excellent support
F008363,C10645,2024-07-30,4,Very helpful program
F008364,C18730,2025-09-02,2,Could be better
F008365,C03557,2024-09-13,5,Excellent support
F008366,C10632,2025-05-07,5,Very satisfied
F008367,C06194,2025-11-12,4,Good experience
F008368,C19526,2024-09-08,3,Program was difficult to follow
F008369,C09597,2025-10-31,5,I achieved my goal
F008370,C06984,2026-05-11,3,Program was difficult to follow
F008371,C03946,2025-08-23,1,Need more follow-up
F008372,C02890,2024-06-01,4,Excellent support
F008373,C09769,2025-09-25,3,Need more follow-up
F008374,C11631,2024-08-25,4,Excellent support
F008375,C17158,2024-09-25,5,Good experience
F008376,C05384,2026-05-29,4,Very helpful program
F008377,C07577,2024-06-25,4,Good experience
F008378,C15975,2025-03-07,4,I achieved my goal
F008379,C07605,2025-03-14,4,I achieved my goal
F008380,C12162,2024-11-22,4,Very helpful program
F008381,C11845,2025-12-19,1,Program was difficult to follow
F008382,C05215,2025-08-03,3,Expected better results
F008383,C00353,2025-12-20,4,The coach was helpful
F008384,C13478,2026-03-28,3,Expected better results
F008385,C08593,2025-01-10,3,Need more follow-up
F008386,C01911,2024-10-28,2,Not fully satisfied
F008387,C07551,2025-09-30,4,Excellent support
F008388,C00700,2025-01-18,4,Good guidance from the team
F008389,C07271,2024-12-22,5,The coach was helpful
F008390,C12130,2024-07-24,4,Good guidance from the team
F008391,C09234,2025-08-23,4,Good guidance from the team
F008392,C03055,2025-04-27,1,Not fully satisfied
F008393,C10108,2025-10-15,3,Could be better
F008394,C08289,2024-04-16,5,Good experience
F008395,C05109,2025-02-06,4,Very satisfied
F008396,C16352,2026-10-09,5,Very helpful program
F008397,C05134,2025-03-20,3,Expected better results
F008398,C06991,2024-05-09,1,Not fully satisfied
F008399,C16045,2027-02-03,5,Very satisfied
F008400,C03482,2024-02-18,5,I achieved my goal
F008401,C02186,2024-06-10,3,Not fully satisfied
F008402,C17015,2025-12-21,5,Very helpful program
F008403,C02848,2024-03-13,4,Very helpful program
F008404,C18558,2025-08-03,3,Expected better results
F008405,C05463,2025-06-14,5,Very helpful program
F008406,C11147,2024-12-25,1,Not fully satisfied
F008407,C14017,2025-12-16,2,Could be better
F008408,C12760,2025-02-01,2,Expected better results
F008409,C17585,2024-05-16,5,Good guidance from the team
F008410,C19621,2024-03-22,3,Program was difficult to follow
F008411,C13624,2026-04-02,5,The coach was helpful
F008412,C17933,2024-06-26,3,Need more follow-up
F008413,C19918,2026-06-19,4,Excellent support
F008414,C00896,2025-12-30,5,Very satisfied
F008415,C14282,2024-11-13,4,The coach was helpful
F008416,C04244,2026-09-24,4,Excellent support
F008417,C19886,2026-08-22,3,Expected better results
F008418,C06493,2025-10-18,2,Need more follow-up
F008419,C16851,2026-01-23,1,Program was difficult to follow
F008420,C07012,2025-10-30,5,Very satisfied
F008421,C12116,2025-01-25,5,Very helpful program
F008422,C02360,2024-09-24,4,Very satisfied
F008423,C12566,2024-04-04,4,I achieved my goal
F008424,C12253,2025-01-19,4,Excellent support
F008425,C11358,2024-12-08,5,Excellent support
F008426,C02428,2025-12-22,2,Need more follow-up
F008427,C14579,2026-05-12,4,Very satisfied
F008428,C14815,2024-11-11,4,Good guidance from the team
F008429,C18363,2024-09-04,5,Excellent support
F008430,C15640,2024-12-18,4,Very helpful program
F008431,C14016,2027-02-08,1,Not fully satisfied
F008432,C19258,2025-08-14,5,Very satisfied
F008433,C14323,2025-11-02,5,I achieved my goal
F008434,C17757,2026-04-15,5,I achieved my goal
F008435,C10878,2025-10-14,4,Very satisfied
F008436,C14033,2026-03-15,2,Program was difficult to follow
F008437,C01827,2026-04-23,2,Not fully satisfied
F008438,C05614,2024-05-18,4,Very satisfied
F008439,C12941,2026-05-15,4,Very helpful program
F008440,C09777,2024-07-21,5,I achieved my goal
F008441,C18169,2025-01-30,4,Very helpful program
F008442,C18285,2026-04-12,5,Good experience
F008443,C13432,2025-09-13,4,Good guidance from the team
F008444,C08623,2026-04-24,4,Good guidance from the team
F008445,C14139,2026-08-05,2,Not fully satisfied
F008446,C15074,2026-03-26,4,I achieved my goal
F008447,C06101,2025-11-27,5,Very satisfied
F008448,C17264,2025-03-19,5,The coach was helpful
F008449,C03750,2024-10-12,4,The coach was helpful
F008450,C11279,2024-09-10,5,Good experience
F008451,C09185,2026-05-29,5,Good guidance from the team
F008452,C07378,2026-09-04,3,Need more follow-up
F008453,C04926,2024-12-05,3,Need more follow-up
F008454,C13209,2024-12-12,3,Need more follow-up
F008455,C17244,2025-02-02,5,Good experience
F008456,C08066,2025-08-12,4,Good guidance from the team
F008457,C12767,2026-04-16,4,Very satisfied
F008458,C14512,2024-11-02,5,Very satisfied
F008459,C14519,2025-03-10,4,The coach was helpful
F008460,C05983,2025-04-17,2,Program was difficult to follow
F008461,C01405,2024-04-21,4,Good experience
F008462,C06128,2024-02-26,5,Good guidance from the team
F008463,C14645,2026-07-07,5,Good experience
F008464,C17274,2025-11-08,4,Good guidance from the team
F008465,C10287,2026-07-18,4,Good experience
F008466,C04288,2026-06-07,3,Need more follow-up
F008467,C13513,2026-01-02,5,Very helpful program
F008468,C19105,2024-10-14,4,Very helpful program
F008469,C10819,2025-04-11,5,Good experience
F008470,C19887,2024-12-18,5,I achieved my goal
F008471,C14581,2026-06-26,5,Very satisfied
F008472,C14201,2025-02-02,4,Good experience
F008473,C12658,2025-10-25,5,Very satisfied
F008474,C12139,2026-08-14,4,Good guidance from the team
F008475,C02791,2025-02-01,4,I achieved my goal
F008476,C12628,2024-11-28,1,I missed some sessions
F008477,C02798,2027-03-13,2,Expected better results
F008478,C04061,2024-07-28,3,I missed some sessions
F008479,C04158,2024-07-21,2,Could be better
F008480,C08768,2026-07-01,5,Very satisfied
F008481,C02693,2025-08-21,4,Very satisfied
F008482,C05427,2025-12-04,5,Very satisfied
F008483,C15646,2026-04-14,5,Very helpful program
F008484,C01901,2025-10-24,4,The coach was helpful
F008485,C02461,2025-02-09,4,Very helpful program
F008486,C11588,2025-10-20,4,Very helpful program
F008487,C06759,2024-06-30,4,Very satisfied
F008488,C19111,2025-08-28,5,Very satisfied
F008489,C12736,2024-09-08,5,Very satisfied
F008490,C05024,2026-10-16,5,Good guidance from the team
F008491,C13047,2025-12-13,5,Very satisfied
F008492,C16222,2024-07-03,4,Very satisfied
F008493,C07751,2025-04-11,5,Excellent support
F008494,C17677,2025-02-03,4,Good guidance from the team
F008495,C06793,2024-09-24,4,Good experience
F008496,C10801,2025-10-03,1,I missed some sessions
F008497,C08318,2025-06-08,4,The coach was helpful
F008498,C16914,2024-04-09,5,Very satisfied
F008499,C13389,2026-08-15,2,Expected better results
F008500,C07200,2026-05-27,3,Not fully satisfied
F008501,C08521,2026-02-10,3,Program was difficult to follow
F008502,C03824,2025-09-06,4,Good experience
F008503,C08158,2024-06-07,4,Good guidance from the team
F008504,C18825,2024-08-12,3,Could be better
F008505,C09609,2024-03-16,4,Very helpful program
F008506,C19834,2026-09-11,4,Excellent support
F008507,C06820,2024-05-02,5,Very satisfied
F008508,C11332,2026-09-20,3,Program was difficult to follow
F008509,C04619,2026-01-24,3,I missed some sessions
F008510,C11754,2024-08-26,2,I missed some sessions
F008511,C07486,2024-08-24,5,The coach was helpful
F008512,C11108,2025-03-14,4,Good guidance from the team
F008513,C19178,2026-03-19,1,Not fully satisfied
F008514,C08851,2025-06-26,4,The coach was helpful
F008515,C15355,2024-04-17,3,Need more follow-up
F008516,C13566,2025-11-08,3,Need more follow-up
F008517,C04117,2026-02-20,4,Very satisfied
F008518,C07822,2024-09-01,4,Good experience
F008519,C14862,2024-02-21,5,Good experience
F008520,C06110,2025-06-26,5,The coach was helpful
F008521,C09567,2025-11-29,3,Not fully satisfied
F008522,C18741,2024-09-21,5,Very satisfied
F008523,C10654,2024-04-10,4,Good guidance from the team
F008524,C13461,2025-04-16,3,Could be better
F008525,C17889,2026-04-05,4,Good guidance from the team
F008526,C17574,2026-09-12,4,Very helpful program
F008527,C19926,2026-01-09,3,Need more follow-up
F008528,C16430,2025-12-12,4,Good guidance from the team
F008529,C06964,2025-12-09,4,Excellent support
F008530,C19701,2024-05-07,4,Very satisfied
F008531,C13063,2025-08-12,5,The coach was helpful
F008532,C15768,2024-08-25,2,I missed some sessions
F008533,C06149,2024-12-10,3,Not fully satisfied
F008534,C03517,2025-03-24,5,Excellent support
F008535,C06549,2025-03-07,5,Very helpful program
F008536,C12332,2024-12-28,5,Good experience
F008537,C16721,2024-07-30,5,Very helpful program
F008538,C07230,2024-07-12,5,Excellent support
F008539,C03294,2025-08-06,5,Excellent support
F008540,C06186,2025-06-27,5,Very satisfied
F008541,C13824,2026-06-19,5,Good experience
F008542,C10510,2025-07-20,5,Very satisfied
F008543,C08030,2025-04-08,4,The coach was helpful
F008544,C16827,2024-06-29,4,I achieved my goal
F008545,C03339,2024-04-16,4,Good guidance from the team
F008546,C04898,2024-07-17,5,The coach was helpful
F008547,C05655,2025-08-08,5,Good experience
F008548,C10199,2026-05-07,5,The coach was helpful
F008549,C17208,2025-02-21,3,Could be better
F008550,C08710,2025-08-12,3,Expected better results
F008551,C12110,2024-04-26,4,Very helpful program
F008552,C13214,2024-10-25,5,Very satisfied
F008553,C04313,2025-09-23,5,The coach was helpful
F008554,C13458,2025-09-27,5,Excellent support
F008555,C17636,2025-09-06,4,Excellent support
F008556,C12395,2024-07-30,4,Very satisfied
F008557,C11210,2025-07-27,4,Very helpful program
F008558,C13385,2025-01-13,2,Could be better
F008559,C18041,2025-10-05,5,Very satisfied
F008560,C02530,2024-11-12,5,Good guidance from the team
F008561,C02161,2025-11-17,5,Very satisfied
F008562,C10283,2024-09-12,5,Very satisfied
F008563,C19785,2025-03-11,4,Very helpful program
F008564,C05136,2026-05-12,3,I missed some sessions
F008565,C18820,2025-02-19,5,Very helpful program
F008566,C09296,2024-08-25,3,Program was difficult to follow
F008567,C12608,2025-11-30,1,Could be better
F008568,C00382,2025-10-19,4,Excellent support
F008569,C05483,2026-04-14,5,The coach was helpful
F008570,C11698,2024-10-23,3,Not fully satisfied
F008571,C00086,2025-05-20,4,I achieved my goal
F008572,C18661,2024-10-09,5,The coach was helpful
F008573,C00235,2024-08-26,3,I missed some sessions
F008574,C05651,2025-09-12,4,Very helpful program
F008575,C16507,2026-09-09,5,Good experience
F008576,C07161,2024-06-22,2,Could be better
F008577,C03950,2026-09-29,5,Excellent support
F008578,C13408,2025-08-17,3,Need more follow-up
F008579,C00572,2026-01-23,4,Good experience
F008580,C12280,2026-07-07,4,Very helpful program
F008581,C10413,2024-09-09,3,Expected better results
F008582,C08562,2024-11-12,5,Very satisfied
F008583,C03225,2026-02-18,2,Could be better
F008584,C17484,2025-10-06,5,Excellent support
F008585,C05807,2025-07-28,4,Good guidance from the team
F008586,C14715,2025-11-14,5,Very satisfied
F008587,C14799,2024-09-04,3,Program was difficult to follow
F008588,C13571,2025-11-04,1,Need more follow-up
F008589,C12910,2024-07-20,3,Need more follow-up
F008590,C01587,2025-05-02,5,Good guidance from the team
F008591,C03017,2026-05-29,5,Excellent support
F008592,C02588,2024-08-19,5,Very helpful program
F008593,C14283,2024-12-28,2,Not fully satisfied
F008594,C14062,2024-09-29,1,Could be better
F008595,C10158,2024-09-12,3,Could be better
F008596,C02262,2026-06-07,3,Expected better results
F008597,C10087,2025-09-01,4,Very satisfied
F008598,C14666,2025-08-17,3,Expected better results
F008599,C10343,2025-10-27,4,Good guidance from the team
F008600,C16967,2024-06-23,4,The coach was helpful
F008601,C08634,2025-03-31,3,Need more follow-up
F008602,C00810,2025-08-18,1,Not fully satisfied
F008603,C06629,2024-02-21,5,Good guidance from the team
F008604,C04676,2026-02-01,4,Excellent support
F008605,C18089,2025-01-10,5,Very satisfied
F008606,C03510,2026-04-29,5,Very satisfied
F008607,C17645,2024-08-26,2,Not fully satisfied
F008608,C17148,2024-12-12,3,Need more follow-up
F008609,C08681,2026-10-17,3,Not fully satisfied
F008610,C11355,2026-07-02,4,Good experience
F008611,C05490,2025-02-08,1,Need more follow-up
F008612,C08989,2024-11-26,5,Excellent support
F008613,C07533,2025-10-13,4,Very helpful program
F008614,C03795,2025-03-22,4,The coach was helpful
F008615,C15316,2026-02-12,5,Excellent support
F008616,C17276,2024-11-01,3,Not fully satisfied
F008617,C15673,2026-01-31,4,Good guidance from the team
F008618,C03529,2026-08-31,4,I achieved my goal
F008619,C08219,2025-03-19,5,Very helpful program
F008620,C12794,2026-03-27,5,Excellent support
F008621,C08280,2025-09-13,5,Very helpful program
F008622,C14461,2026-04-05,5,Good experience
F008623,C15092,2024-07-11,5,Good experience
F008624,C04683,2024-10-29,3,Not fully satisfied
F008625,C18650,2025-06-08,5,Excellent support
F008626,C09358,2025-05-15,5,Good experience
F008627,C11948,2024-06-14,4,Good experience
F008628,C16600,2024-06-26,4,Good experience
F008629,C10711,2026-09-08,3,I missed some sessions
F008630,C09744,2025-01-29,5,The coach was helpful
F008631,C16417,2026-03-21,4,Very satisfied
F008632,C02823,2025-05-04,4,I achieved my goal
F008633,C07324,2026-09-09,4,Excellent support
F008634,C19469,2025-10-10,4,Good guidance from the team
F008635,C00506,2026-11-08,4,Very satisfied
F008636,C12672,2025-07-05,1,Need more follow-up
F008637,C18649,2026-08-07,4,Very satisfied
F008638,C06701,2026-06-30,3,Need more follow-up
F008639,C11020,2025-08-13,4,Very helpful program
F008640,C12748,2026-03-31,5,Good guidance from the team
F008641,C04725,2025-09-18,2,Need more follow-up
F008642,C02217,2025-01-05,5,Very helpful program
F008643,C19391,2026-06-12,1,Need more follow-up
F008644,C01079,2026-07-25,3,Program was difficult to follow
F008645,C17869,2024-04-15,1,I missed some sessions
F008646,C08827,2026-03-01,4,Good guidance from the team
F008647,C09793,2024-09-27,4,Good guidance from the team
F008648,C04946,2026-09-21,5,Very helpful program
F008649,C09598,2025-03-22,5,Good experience
F008650,C13916,2026-08-25,5,The coach was helpful
F008651,C02883,2026-01-30,5,Excellent support
F008652,C08670,2026-12-02,5,I achieved my goal
F008653,C01914,2025-05-27,1,Not fully satisfied
F008654,C01688,2025-11-24,5,Good guidance from the team
F008655,C07302,2026-01-06,4,Very helpful program
F008656,C01111,2025-11-16,4,Good guidance from the team
F008657,C16122,2026-06-15,5,Excellent support
F008658,C19841,2025-12-21,3,Not fully satisfied
F008659,C11446,2026-07-08,3,I missed some sessions
F008660,C17669,2024-12-03,5,I achieved my goal
F008661,C13281,2026-08-13,4,Very satisfied
F008662,C02344,2025-10-12,5,Excellent support
F008663,C18415,2026-08-15,4,Good guidance from the team
F008664,C01737,2025-03-12,3,Could be better
F008665,C10913,2024-12-19,3,Could be better
F008666,C19187,2026-08-05,5,Very satisfied
F008667,C08509,2024-10-02,5,I achieved my goal
F008668,C14756,2024-05-04,3,I missed some sessions
F008669,C17204,2025-11-24,5,Excellent support
F008670,C04073,2025-03-05,4,Excellent support
F008671,C07493,2025-11-30,3,Expected better results
F008672,C07206,2025-06-16,3,I missed some sessions
F008673,C12674,2025-03-28,5,Very satisfied
F008674,C04953,2024-12-07,4,Very helpful program
F008675,C15049,2025-05-13,5,Excellent support
F008676,C09650,2025-06-13,5,Excellent support
F008677,C13582,2025-04-30,3,Expected better results
F008678,C07608,2025-07-18,3,I missed some sessions
F008679,C03016,2024-11-13,4,The coach was helpful
F008680,C02924,2025-12-17,3,Need more follow-up
F008681,C11973,2024-12-04,5,Very satisfied
F008682,C07936,2024-12-07,4,Good experience
F008683,C05706,2025-12-18,3,Could be better
F008684,C02549,2025-01-22,5,Excellent support
F008685,C01642,2024-03-12,3,I missed some sessions
F008686,C18356,2025-06-26,4,Good guidance from the team
F008687,C14356,2025-08-09,4,I achieved my goal
F008688,C19120,2025-05-14,2,Need more follow-up
F008689,C02846,2024-04-14,5,Good experience
F008690,C03399,2025-05-22,2,Expected better results
F008691,C12543,2027-04-09,5,I achieved my goal
F008692,C19018,2024-08-18,5,I achieved my goal
F008693,C17025,2025-01-17,3,Not fully satisfied
F008694,C10472,2024-06-11,4,Very satisfied
F008695,C04068,2026-05-29,4,I achieved my goal
F008696,C09594,2025-04-30,4,Very satisfied
F008697,C16286,2025-05-09,4,Very satisfied
F008698,C16371,2024-09-02,3,Not fully satisfied
F008699,C05867,2025-12-27,3,Program was difficult to follow
F008700,C12142,2024-06-13,4,Excellent support
F008701,C12842,2025-11-11,4,Very satisfied
F008702,C19862,2025-12-22,4,Good guidance from the team
F008703,C17988,2026-03-16,2,Program was difficult to follow
F008704,C04401,2026-01-23,1,Program was difficult to follow
F008705,C06459,2025-05-16,5,The coach was helpful
F008706,C15199,2026-03-04,3,Need more follow-up
F008707,C08092,2025-08-26,5,Excellent support
F008708,C05785,2024-09-18,4,Excellent support
F008709,C03575,2026-08-08,3,Not fully satisfied
F008710,C19007,2025-10-22,5,Good experience
F008711,C10219,2024-03-05,3,Not fully satisfied
F008712,C03117,2025-08-08,1,Need more follow-up
F008713,C09611,2025-01-07,5,I achieved my goal
F008714,C01680,2026-10-10,2,Need more follow-up
F008715,C16162,2026-08-29,3,Could be better
F008716,C18160,2025-05-09,4,Very satisfied
F008717,C19512,2024-03-04,4,I achieved my goal
F008718,C05061,2026-06-24,4,Very helpful program
F008719,C16719,2025-11-20,3,I missed some sessions
F008720,C04984,2024-04-19,1,I missed some sessions
F008721,C15291,2024-08-27,5,I achieved my goal
F008722,C07348,2025-06-23,3,Need more follow-up
F008723,C15861,2025-07-24,4,Excellent support
F008724,C11748,2024-10-22,4,Very satisfied
F008725,C11419,2025-12-31,5,The coach was helpful
F008726,C05972,2025-03-24,5,Very helpful program
F008727,C08783,2025-08-27,4,Very satisfied
F008728,C17393,2026-04-11,4,Good experience
F008729,C13483,2024-08-27,5,Very helpful program
F008730,C12413,2025-03-27,3,Program was difficult to follow
F008731,C03321,2025-12-22,5,The coach was helpful
F008732,C08917,2024-05-07,4,Good experience
F008733,C03378,2024-06-20,5,The coach was helpful
F008734,C11438,2025-03-04,4,The coach was helpful
F008735,C15929,2024-12-25,2,Expected better results
F008736,C04762,2025-11-07,4,Very helpful program
F008737,C10131,2026-03-14,5,Good guidance from the team
F008738,C09678,2026-04-07,5,I achieved my goal
F008739,C08890,2026-06-30,5,Excellent support
F008740,C11288,2024-08-11,5,Good guidance from the team
F008741,C13709,2024-03-02,3,Could be better
F008742,C04263,2024-04-27,3,Not fully satisfied
F008743,C15442,2026-06-19,5,Good experience
F008744,C09164,2025-07-02,5,Good experience
F008745,C01051,2025-11-29,5,Excellent support
F008746,C14405,2025-03-23,5,Good guidance from the team
F008747,C12743,2025-07-15,4,I achieved my goal
F008748,C17064,2025-11-29,5,Excellent support
F008749,C09217,2025-01-13,5,Good guidance from the team
F008750,C16025,2026-04-08,4,Very satisfied
F008751,C01117,2026-01-29,4,Very helpful program
F008752,C00969,2025-04-18,1,I missed some sessions
F008753,C11875,2026-04-02,5,The coach was helpful
F008754,C10617,2025-05-21,5,Very satisfied
F008755,C08922,2026-02-23,4,Good guidance from the team
F008756,C11685,2026-03-31,2,Expected better results
F008757,C10702,2026-06-09,3,Program was difficult to follow
F008758,C05244,2024-05-25,5,Good experience
F008759,C00621,2025-06-15,5,The coach was helpful
F008760,C01266,2024-12-05,2,Program was difficult to follow
F008761,C17945,2025-01-02,4,I achieved my goal
F008762,C02854,2026-01-25,4,The coach was helpful
F008763,C10402,2026-01-13,4,Very helpful program
F008764,C19497,2026-03-11,5,I achieved my goal
F008765,C05676,2026-06-24,3,Could be better
F008766,C13954,2025-02-18,1,Need more follow-up
F008767,C13946,2025-08-09,4,Excellent support
F008768,C06789,2024-07-17,5,Good guidance from the team
F008769,C00568,2026-03-10,4,I achieved my goal
F008770,C09881,2024-08-06,2,Could be better
F008771,C08625,2026-06-05,4,Excellent support
F008772,C19081,2025-04-15,5,I achieved my goal
F008773,C14002,2024-04-18,5,Good experience
F008774,C13984,2024-10-04,2,Not fully satisfied
F008775,C00095,2024-07-23,4,Good experience
F008776,C12287,2024-09-24,5,Good experience
F008777,C01391,2026-06-21,3,Expected better results
F008778,C19694,2025-04-27,4,Excellent support
F008779,C12673,2026-06-06,4,Very satisfied
F008780,C10730,2024-02-28,4,Good guidance from the team
F008781,C18594,2024-09-11,4,Excellent support
F008782,C05075,2024-11-25,3,Program was difficult to follow
F008783,C01115,2025-04-05,4,Very helpful program
F008784,C04544,2026-02-28,3,Not fully satisfied
F008785,C05892,2025-03-11,4,The coach was helpful
F008786,C12603,2025-04-21,4,Good experience
F008787,C19300,2026-02-14,5,Good guidance from the team
F008788,C09041,2026-01-24,4,Very satisfied
F008789,C03569,2025-06-29,2,Program was difficult to follow
F008790,C17661,2025-04-09,4,The coach was helpful
F008791,C08717,2026-03-30,3,Could be better
F008792,C08881,2024-06-02,4,I achieved my goal
F008793,C12602,2024-05-11,5,The coach was helpful
F008794,C09713,2025-03-02,3,Program was difficult to follow
F008795,C04020,2024-03-04,3,Not fully satisfied
F008796,C07332,2025-05-18,5,Very helpful program
F008797,C07126,2025-04-10,4,The coach was helpful
F008798,C02447,2024-10-27,4,Good guidance from the team
F008799,C07857,2025-12-05,5,The coach was helpful
F008800,C07649,2025-01-30,3,Expected better results
F008801,C06689,2024-11-26,4,Good experience
F008802,C01054,2025-09-29,3,Expected better results
F008803,C15742,2026-10-29,3,Expected better results
F008804,C09783,2024-12-27,4,The coach was helpful
F008805,C11986,2025-02-20,1,I missed some sessions
F008806,C08684,2025-09-13,2,Could be better
F008807,C04728,2025-07-12,3,I missed some sessions
F008808,C04952,2026-04-17,5,Good guidance from the team
F008809,C02195,2024-07-09,4,Very helpful program
F008810,C13572,2026-04-02,4,The coach was helpful
F008811,C04136,2026-02-13,4,Very satisfied
F008812,C15504,2025-12-16,5,Very satisfied
F008813,C02414,2025-01-16,5,Very satisfied
F008814,C04875,2024-08-21,2,Need more follow-up
F008815,C01510,2025-08-31,3,I missed some sessions
F008816,C08632,2024-06-22,4,Good experience
F008817,C07115,2025-08-17,5,Very helpful program
F008818,C14202,2026-07-12,4,Very helpful program
F008819,C07320,2024-04-20,3,Not fully satisfied
F008820,C13069,2024-06-03,3,Need more follow-up
F008821,C09697,2024-10-23,5,Good guidance from the team
F008822,C09691,2024-10-07,5,Good experience
F008823,C15207,2024-09-25,4,Very satisfied
F008824,C05590,2024-11-10,3,Program was difficult to follow
F008825,C07121,2026-04-03,5,The coach was helpful
F008826,C13326,2025-02-24,2,Could be better
F008827,C14238,2024-05-05,3,Could be better
F008828,C06373,2025-02-18,4,The coach was helpful
F008829,C12997,2024-05-10,4,Good experience
F008830,C14249,2024-05-08,5,Good guidance from the team
F008831,C05653,2025-04-30,3,Program was difficult to follow
F008832,C19920,2026-10-29,2,I missed some sessions
F008833,C16764,2025-06-02,5,I achieved my goal
F008834,C01607,2026-03-12,5,The coach was helpful
F008835,C17679,2026-03-10,4,I achieved my goal
F008836,C12354,2025-03-02,3,Program was difficult to follow
F008837,C19356,2026-08-02,5,Very satisfied
F008838,C01377,2026-08-08,5,I achieved my goal
F008839,C11121,2025-05-27,4,The coach was helpful
F008840,C03867,2025-09-16,5,Good experience
F008841,C19996,2025-12-25,3,Expected better results
F008842,C07652,2026-05-14,1,Need more follow-up
F008843,C14662,2024-05-26,5,Good guidance from the team
F008844,C15966,2026-02-28,5,I achieved my goal
F008845,C13342,2025-02-11,4,The coach was helpful
F008846,C08038,2026-11-06,5,The coach was helpful
F008847,C02611,2025-05-14,5,Good experience
F008848,C09667,2025-06-04,3,Need more follow-up
F008849,C16516,2024-07-26,2,Could be better
F008850,C06350,2026-02-24,4,Good experience
F008851,C14686,2026-02-07,5,Good experience
F008852,C07373,2026-02-02,5,Excellent support
F008853,C01229,2024-08-11,5,Very helpful program
F008854,C07647,2024-03-26,4,Good experience
F008855,C12361,2024-04-15,3,Need more follow-up
F008856,C19439,2025-06-27,5,I achieved my goal
F008857,C07756,2024-07-11,3,Not fully satisfied
F008858,C12749,2025-12-02,5,The coach was helpful
F008859,C06524,2025-04-01,2,Program was difficult to follow
F008860,C11608,2026-06-21,4,Good experience
F008861,C07381,2026-04-29,4,The coach was helpful
F008862,C11499,2026-03-12,5,Good guidance from the team
F008863,C08677,2024-04-25,3,Could be better
F008864,C09873,2026-07-20,5,Good experience
F008865,C12652,2025-03-27,2,Not fully satisfied
F008866,C10163,2024-08-07,4,Good experience
F008867,C15624,2026-11-11,4,Good guidance from the team
F008868,C06654,2026-03-27,2,I missed some sessions
F008869,C18780,2026-11-17,1,Not fully satisfied
F008870,C17778,2025-07-20,1,Could be better
F008871,C02127,2025-01-02,4,Good experience
F008872,C10987,2025-03-31,3,Could be better
F008873,C09372,2024-09-03,3,Not fully satisfied
F008874,C19803,2024-04-29,4,Very helpful program
F008875,C11630,2025-04-25,3,Could be better
F008876,C02827,2024-07-12,4,The coach was helpful
F008877,C11368,2026-03-09,4,Excellent support
F008878,C13591,2025-01-06,4,Excellent support
F008879,C07558,2026-02-23,4,The coach was helpful
F008880,C14393,2025-08-23,4,Very helpful program
F008881,C03082,2026-08-24,5,Very helpful program
F008882,C04754,2026-07-07,5,I achieved my goal
F008883,C07559,2024-09-23,5,The coach was helpful
F008884,C12348,2024-05-03,3,Could be better
F008885,C16179,2026-03-07,3,Program was difficult to follow
F008886,C05102,2025-09-19,3,Program was difficult to follow
F008887,C16254,2025-10-24,4,Good experience
F008888,C03975,2025-04-06,4,Very helpful program
F008889,C12525,2025-11-21,5,Good guidance from the team
F008890,C08868,2025-07-19,4,Very helpful program
F008891,C03770,2024-06-26,4,Excellent support
F008892,C15623,2025-05-30,2,Could be better
F008893,C12788,2026-05-01,4,The coach was helpful
F008894,C01993,2025-08-25,4,Good experience
F008895,C05827,2024-03-18,4,Very helpful program
F008896,C08836,2025-03-06,5,I achieved my goal
F008897,C19907,2025-08-06,5,Very helpful program
F008898,C14887,2026-07-28,5,Very satisfied
F008899,C15423,2024-08-29,5,Excellent support
F008900,C05359,2024-07-17,2,Expected better results
F008901,C02383,2025-02-23,2,I missed some sessions
F008902,C04457,2026-08-12,4,The coach was helpful
F008903,C00992,2026-07-22,3,Need more follow-up
F008904,C17472,2026-01-25,5,The coach was helpful
F008905,C10677,2026-02-24,3,Could be better
F008906,C03094,2026-08-24,4,The coach was helpful
F008907,C12447,2026-07-25,4,Very satisfied
F008908,C04275,2025-07-09,4,Good guidance from the team
F008909,C08713,2024-05-01,4,Good experience
F008910,C14293,2026-12-07,4,Very helpful program
F008911,C11301,2025-11-23,3,Not fully satisfied
F008912,C13918,2025-03-20,2,I missed some sessions
F008913,C07630,2025-06-30,2,Need more follow-up
F008914,C02786,2024-06-26,2,Need more follow-up
F008915,C04045,2024-06-28,2,I missed some sessions
F008916,C02145,2024-06-23,5,Good experience
F008917,C03700,2026-05-05,4,Very satisfied
F008918,C18447,2025-04-02,4,I achieved my goal
F008919,C01555,2024-05-10,4,I achieved my goal
F008920,C11753,2025-04-20,2,Need more follow-up
F008921,C18021,2025-02-20,2,Not fully satisfied
F008922,C11424,2025-07-09,3,Expected better results
F008923,C14190,2024-06-23,1,Could be better
F008924,C09062,2026-01-10,5,Good experience
F008925,C15414,2026-01-09,3,Program was difficult to follow
F008926,C06925,2025-01-30,4,Very helpful program
F008927,C13097,2025-09-08,5,I achieved my goal
F008928,C00314,2026-09-13,4,Good guidance from the team
F008929,C18486,2026-03-11,5,Good guidance from the team
F008930,C06775,2024-06-27,2,Not fully satisfied
F008931,C10671,2024-12-08,4,The coach was helpful
F008932,C02824,2024-08-11,5,Excellent support
F008933,C03463,2024-08-07,3,Not fully satisfied
F008934,C08332,2025-10-21,3,I missed some sessions
F008935,C03025,2027-06-20,4,Good experience
F008936,C03601,2024-05-24,4,Very helpful program
F008937,C12112,2026-04-24,5,Very helpful program
F008938,C18663,2026-04-26,2,Need more follow-up
F008939,C09036,2026-04-16,4,The coach was helpful
F008940,C15011,2026-08-30,5,Very helpful program
F008941,C18403,2025-01-18,5,Good guidance from the team
F008942,C16867,2026-04-02,3,Need more follow-up
F008943,C04549,2026-03-15,3,Not fully satisfied
F008944,C15529,2026-04-20,5,Very helpful program
F008945,C17994,2026-06-17,4,Good guidance from the team
F008946,C09494,2024-08-04,5,The coach was helpful
F008947,C00696,2024-07-29,3,Program was difficult to follow
F008948,C11343,2025-08-22,4,Very satisfied
F008949,C13557,2024-05-09,4,Good experience
F008950,C06754,2025-02-21,4,The coach was helpful
F008951,C07476,2026-05-22,3,Program was difficult to follow
F008952,C07939,2026-10-03,4,Excellent support
F008953,C07646,2024-04-12,4,The coach was helpful
F008954,C07458,2026-06-10,4,I achieved my goal
F008955,C12123,2025-09-03,2,Need more follow-up
F008956,C07547,2025-03-01,3,Not fully satisfied
F008957,C10305,2026-07-29,2,Expected better results
F008958,C10142,2025-05-11,3,Need more follow-up
F008959,C02658,2026-04-25,5,Good guidance from the team
F008960,C18178,2024-10-28,2,I missed some sessions
F008961,C12160,2025-02-13,3,Expected better results
F008962,C16595,2026-04-06,4,I achieved my goal
F008963,C09027,2026-05-05,5,Very helpful program
F008964,C12520,2026-01-16,5,I achieved my goal
F008965,C11514,2024-05-14,2,Program was difficult to follow
F008966,C07104,2024-08-18,4,Very helpful program
F008967,C16275,2026-02-07,1,I missed some sessions
F008968,C04940,2026-05-12,4,I achieved my goal
F008969,C06014,2026-03-30,3,Could be better
F008970,C14438,2026-05-11,3,I missed some sessions
F008971,C19751,2025-10-23,5,Good experience
F008972,C15048,2025-03-07,5,Good experience
F008973,C16849,2025-08-12,5,I achieved my goal
F008974,C09644,2025-08-19,5,I achieved my goal
F008975,C05626,2024-08-29,5,Good experience
F008976,C05274,2025-07-23,4,Good experience
F008977,C18754,2024-10-18,4,Very satisfied
F008978,C12541,2024-12-15,5,Good experience
F008979,C11305,2025-07-16,5,The coach was helpful
F008980,C16241,2025-05-29,5,The coach was helpful
F008981,C16211,2026-07-03,3,Could be better
F008982,C10260,2026-03-11,3,Not fully satisfied
F008983,C04936,2026-07-25,4,Good experience
F008984,C00854,2025-01-19,5,Very satisfied
F008985,C03177,2026-05-19,5,Good experience
F008986,C16541,2025-12-23,4,Good guidance from the team
F008987,C18307,2024-03-23,2,I missed some sessions
F008988,C16530,2026-05-10,3,Program was difficult to follow
F008989,C07986,2024-02-13,4,Good experience
F008990,C08845,2025-01-28,5,Good experience
F008991,C09168,2024-10-04,4,Good experience
F008992,C04635,2025-10-16,3,Need more follow-up
F008993,C03203,2024-11-11,3,Program was difficult to follow
F008994,C03233,2024-07-13,5,Good experience
F008995,C12620,2024-10-10,4,Excellent support
F008996,C08035,2025-02-23,4,Very helpful program
F008997,C19460,2025-06-28,5,I achieved my goal
F008998,C06045,2026-07-09,5,Good guidance from the team
F008999,C08287,2024-09-26,5,I achieved my goal
F009000,C04411,2025-11-29,1,Expected better results
F009001,C08197,2026-01-15,4,Very helpful program
F009002,C13388,2025-05-11,3,Program was difficult to follow
F009003,C06838,2026-01-26,3,Could be better
F009004,C19123,2024-10-12,5,The coach was helpful
F009005,C05143,2025-07-06,4,Very satisfied
F009006,C04225,2025-09-15,5,I achieved my goal
F009007,C07960,2025-04-26,4,Good guidance from the team
F009008,C02733,2024-04-30,2,Not fully satisfied
F009009,C13056,2025-02-12,3,Could be better
F009010,C11566,2025-09-04,5,Good guidance from the team
F009011,C00420,2024-08-04,1,Program was difficult to follow
F009012,C03396,2025-02-12,5,Excellent support
F009013,C01842,2024-09-18,5,Very helpful program
F009014,C09553,2024-02-15,4,Excellent support
F009015,C09912,2026-04-16,4,Very helpful program
F009016,C00872,2024-09-27,3,Need more follow-up
F009017,C12260,2026-08-28,4,The coach was helpful
F009018,C01796,2025-12-05,4,I achieved my goal
F009019,C14701,2026-07-09,5,Good guidance from the team
F009020,C10774,2025-03-23,4,Very helpful program
F009021,C01197,2024-07-05,5,Very helpful program
F009022,C04376,2025-10-13,4,Very satisfied
F009023,C08718,2025-03-14,5,Excellent support
F009024,C01369,2025-03-10,5,I achieved my goal
F009025,C11114,2026-01-30,3,Could be better
F009026,C16679,2024-07-03,5,Very satisfied
F009027,C14558,2025-01-15,4,Very satisfied
F009028,C14907,2025-07-08,4,Excellent support
F009029,C08673,2026-04-06,3,Need more follow-up
F009030,C01260,2025-09-01,5,Very satisfied
F009031,C17359,2024-07-31,4,I achieved my goal
F009032,C02096,2025-04-14,2,Program was difficult to follow
F009033,C01751,2026-02-05,5,Good experience
F009034,C06146,2024-03-16,5,Very helpful program
F009035,C03157,2026-06-03,4,Excellent support
F009036,C01950,2025-12-16,4,Good experience
F009037,C12808,2026-08-28,2,Not fully satisfied
F009038,C01201,2026-06-21,4,Good guidance from the team
F009039,C15277,2026-03-23,4,Very satisfied
F009040,C15811,2025-01-12,2,Program was difficult to follow
F009041,C10481,2024-10-12,3,Program was difficult to follow
F009042,C16022,2025-01-24,5,Good experience
F009043,C11565,2025-10-21,3,Need more follow-up
F009044,C06455,2024-10-08,4,Very satisfied
F009045,C08977,2025-12-04,4,Good experience
F009046,C11472,2026-02-05,5,Excellent support
F009047,C04741,2025-10-31,5,Very satisfied
F009048,C17460,2025-10-12,5,I achieved my goal
F009049,C01794,2025-09-25,2,Need more follow-up
F009050,C04141,2024-02-16,3,Not fully satisfied
F009051,C07628,2024-10-28,3,Program was difficult to follow
F009052,C17596,2024-04-18,4,Good guidance from the team
F009053,C11953,2026-03-13,5,I achieved my goal
F009054,C13700,2025-12-12,5,The coach was helpful
F009055,C03415,2026-09-16,5,Good guidance from the team
F009056,C05123,2024-04-14,3,Expected better results
F009057,C01401,2024-04-29,4,Good guidance from the team
F009058,C00372,2025-11-14,5,I achieved my goal
F009059,C11124,2025-04-08,5,Excellent support
F009060,C02465,2026-11-24,3,I missed some sessions
F009061,C03071,2025-10-10,5,I achieved my goal
F009062,C17480,2025-10-20,4,The coach was helpful
F009063,C04849,2025-02-26,3,Not fully satisfied
F009064,C11437,2025-03-18,5,Good experience
F009065,C10053,2025-07-10,5,Excellent support
F009066,C13061,2025-12-29,5,Very helpful program
F009067,C04361,2025-07-01,5,Good experience
F009068,C09193,2024-08-17,4,I achieved my goal
F009069,C16112,2024-07-29,2,Expected better results
F009070,C04182,2025-02-25,4,The coach was helpful
F009071,C19431,2025-03-08,4,Excellent support
F009072,C15766,2026-02-24,5,The coach was helpful
F009073,C08077,2026-01-01,4,Good guidance from the team
F009074,C02121,2025-07-12,5,Very helpful program
F009075,C19781,2026-01-07,5,Very satisfied
F009076,C01807,2026-06-19,4,Very helpful program
F009077,C07325,2025-10-19,5,Good experience
F009078,C11056,2025-06-12,5,Very helpful program
F009079,C13395,2025-05-03,2,Could be better
F009080,C08503,2026-01-17,5,The coach was helpful
F009081,C06212,2025-11-09,2,Could be better
F009082,C15320,2025-02-01,5,Very satisfied
F009083,C19685,2024-11-14,5,Very satisfied
F009084,C18143,2025-05-07,5,I achieved my goal
F009085,C00153,2025-01-29,3,I missed some sessions
F009086,C07711,2024-09-04,3,Not fully satisfied
F009087,C10078,2025-10-03,4,Good guidance from the team
F009088,C12902,2024-02-13,5,Very helpful program
F009089,C04897,2025-11-12,5,Very helpful program
F009090,C17588,2026-04-11,5,The coach was helpful
F009091,C14889,2024-12-28,5,Very helpful program
F009092,C07075,2024-10-05,4,I achieved my goal
F009093,C12504,2026-05-24,5,Very satisfied
F009094,C04714,2026-10-04,5,Good guidance from the team
F009095,C15237,2024-08-14,4,Excellent support
F009096,C15986,2025-01-09,4,Very satisfied
F009097,C00185,2025-11-13,4,The coach was helpful
F009098,C04921,2024-09-20,5,Good experience
F009099,C02437,2025-12-10,5,Very satisfied
F009100,C10829,2025-02-12,4,Excellent support
F009101,C09393,2024-04-07,5,I achieved my goal
F009102,C14991,2025-07-31,4,I achieved my goal
F009103,C07123,2027-06-04,2,Expected better results
F009104,C13989,2025-09-07,3,Expected better results
F009105,C06236,2025-08-28,4,Good guidance from the team
F009106,C17416,2025-09-05,5,Very helpful program
F009107,C00358,2026-08-07,5,Excellent support
F009108,C13360,2025-02-27,5,Very helpful program
F009109,C04986,2026-04-16,4,Excellent support
F009110,C01785,2026-02-21,5,The coach was helpful
F009111,C09877,2025-07-17,4,The coach was helpful
F009112,C06039,2024-09-21,4,Very satisfied
F009113,C05106,2025-09-02,2,Not fully satisfied
F009114,C06909,2026-06-28,5,Good experience
F009115,C12334,2026-04-03,4,Very helpful program
F009116,C15789,2026-02-14,4,Good guidance from the team
F009117,C02520,2026-04-03,1,Not fully satisfied
F009118,C15395,2025-11-28,4,Very helpful program
F009119,C12387,2024-07-19,2,Could be better
F009120,C04760,2026-07-02,3,Program was difficult to follow
F009121,C06347,2025-11-30,3,Program was difficult to follow
F009122,C12956,2026-02-11,5,I achieved my goal
F009123,C16526,2025-10-08,2,Could be better
F009124,C19353,2026-04-17,5,Good experience
F009125,C17517,2024-12-01,4,Good guidance from the team
F009126,C16685,2024-07-19,5,Very helpful program
F009127,C18795,2026-07-30,5,Good experience
F009128,C17531,2025-05-22,5,Good guidance from the team
F009129,C03804,2025-01-09,5,Very satisfied
F009130,C13436,2025-12-07,2,Not fully satisfied
F009131,C02858,2025-10-03,5,Very helpful program
F009132,C00689,2026-04-06,3,Program was difficult to follow
F009133,C02844,2025-10-18,4,Very helpful program
F009134,C01005,2024-08-27,4,Very helpful program
F009135,C18112,2024-11-01,4,Very satisfied
F009136,C05497,2024-11-13,5,The coach was helpful
F009137,C15547,2026-04-02,2,Need more follow-up
F009138,C08325,2026-02-28,2,Program was difficult to follow
F009139,C14195,2026-06-18,5,Good experience
F009140,C04438,2026-02-11,5,Excellent support
F009141,C08441,2025-12-18,2,Program was difficult to follow
F009142,C18768,2026-03-20,5,Very satisfied
F009143,C13612,2025-02-10,5,Good experience
F009144,C11498,2026-08-03,5,Good experience
F009145,C12719,2024-11-01,4,Good guidance from the team
F009146,C16181,2024-08-11,3,I missed some sessions
F009147,C09321,2025-01-28,5,The coach was helpful
F009148,C08759,2026-04-04,4,I achieved my goal
F009149,C05478,2024-08-22,4,Good experience
F009150,C04429,2025-12-02,4,The coach was helpful
F009151,C01836,2026-04-28,5,Very helpful program
F009152,C08161,2026-02-06,4,Excellent support
F009153,C19623,2026-03-12,5,Excellent support
F009154,C16146,2025-09-04,4,Excellent support
F009155,C15740,2024-03-27,5,Excellent support
F009156,C13629,2026-03-11,5,Good guidance from the team
F009157,C12693,2025-10-28,5,Very satisfied
F009158,C07396,2026-01-11,5,Very helpful program
F009159,C02369,2026-05-04,5,Excellent support
F009160,C10535,2025-12-17,2,Program was difficult to follow
F009161,C05027,2024-12-27,5,I achieved my goal
F009162,C00832,2024-09-13,4,The coach was helpful
F009163,C09585,2024-12-14,5,The coach was helpful
F009164,C07209,2025-05-17,5,The coach was helpful
F009165,C16670,2026-04-26,5,The coach was helpful
F009166,C16565,2024-11-14,4,Very satisfied
F009167,C08962,2024-04-14,4,Good guidance from the team
F009168,C03079,2025-04-20,5,Good guidance from the team
F009169,C12035,2025-01-20,5,I achieved my goal
F009170,C07057,2024-05-07,2,Need more follow-up
F009171,C17653,2024-05-18,3,Expected better results
F009172,C17253,2025-11-11,5,Excellent support
F009173,C08303,2025-08-27,4,Good guidance from the team
F009174,C06386,2025-07-24,5,The coach was helpful
F009175,C15908,2026-04-02,4,Good guidance from the team
F009176,C10003,2024-10-11,3,Could be better
F009177,C08631,2024-07-19,4,Good experience
F009178,C17979,2025-07-08,4,I achieved my goal
F009179,C01542,2024-10-06,3,I missed some sessions
F009180,C12369,2026-04-09,4,Excellent support
F009181,C14663,2025-05-24,5,I achieved my goal
F009182,C02678,2024-10-18,3,Expected better results
F009183,C08594,2026-07-01,3,Need more follow-up
F009184,C11329,2025-09-25,4,The coach was helpful
F009185,C14231,2026-05-05,5,Excellent support
F009186,C11442,2026-08-01,5,I achieved my goal
F009187,C17027,2025-07-21,3,I missed some sessions
F009188,C07344,2025-09-25,2,I missed some sessions
F009189,C13422,2025-03-03,1,Program was difficult to follow
F009190,C01325,2026-02-25,5,Good experience
F009191,C13684,2026-06-24,5,Very satisfied
F009192,C16892,2026-01-08,5,I achieved my goal
F009193,C01241,2024-10-28,5,Very satisfied
F009194,C16440,2024-09-12,4,The coach was helpful
F009195,C02261,2024-04-29,2,Program was difficult to follow
F009196,C07973,2025-07-16,3,Program was difficult to follow
F009197,C16083,2024-08-10,2,Program was difficult to follow
F009198,C03643,2025-08-29,4,Very satisfied
F009199,C05878,2025-08-17,4,Excellent support
F009200,C04042,2026-04-06,5,Good experience
F009201,C01125,2025-10-18,4,I achieved my goal
F009202,C06807,2025-05-18,2,Program was difficult to follow
F009203,C14654,2024-08-26,5,I achieved my goal
F009204,C10629,2025-06-24,5,The coach was helpful
F009205,C06707,2026-08-23,2,I missed some sessions
F009206,C03701,2025-02-17,5,Excellent support
F009207,C14758,2024-06-07,2,Not fully satisfied
F009208,C09747,2024-05-15,5,Good experience
F009209,C11177,2025-06-24,4,Very helpful program
F009210,C07798,2025-08-05,4,Very helpful program
F009211,C05717,2025-07-19,4,I achieved my goal
F009212,C19952,2024-07-21,5,Very helpful program
F009213,C08392,2025-06-23,4,Very helpful program
F009214,C01068,2025-07-07,5,The coach was helpful
F009215,C13683,2026-04-06,3,Could be better
F009216,C17462,2024-12-21,4,I achieved my goal
F009217,C16693,2025-09-20,4,I achieved my goal
F009218,C04413,2026-03-13,5,Excellent support
F009219,C19822,2025-08-21,5,The coach was helpful
F009220,C05637,2026-08-29,3,Could be better
F009221,C13616,2025-06-13,5,Good experience
F009222,C04205,2025-05-10,4,Very helpful program
F009223,C14244,2025-01-06,5,I achieved my goal
F009224,C04794,2024-09-23,5,Excellent support
F009225,C13222,2024-09-14,4,Good guidance from the team
F009226,C09004,2025-05-23,2,I missed some sessions
F009227,C06853,2025-04-27,2,Could be better
F009228,C19479,2027-04-04,2,Need more follow-up
F009229,C08551,2024-06-02,4,Very satisfied
F009230,C15761,2024-10-17,2,Expected better results
F009231,C15602,2026-10-11,5,I achieved my goal
F009232,C03077,2025-11-03,2,Need more follow-up
F009233,C07947,2025-06-08,4,Good guidance from the team
F009234,C18319,2026-06-16,3,Not fully satisfied
F009235,C04567,2024-05-13,4,Good experience
F009236,C04458,2025-05-29,5,I achieved my goal
F009237,C04003,2026-01-09,5,I achieved my goal
F009238,C08188,2026-05-08,5,Good experience
F009239,C07172,2025-05-05,4,Good experience
F009240,C15200,2026-03-24,5,I achieved my goal
F009241,C15439,2024-07-18,4,The coach was helpful
F009242,C11085,2025-07-05,3,Expected better results
F009243,C18461,2024-07-30,5,The coach was helpful
F009244,C00836,2024-10-04,5,Good experience
F009245,C12901,2025-12-03,4,Very satisfied
F009246,C03114,2026-10-05,2,I missed some sessions
F009247,C14383,2026-04-16,3,Program was difficult to follow
F009248,C18388,2024-04-22,4,I achieved my goal
F009249,C13457,2026-06-11,5,The coach was helpful
F009250,C05313,2024-12-26,4,Good guidance from the team
F009251,C16981,2024-05-09,3,Need more follow-up
F009252,C15520,2025-06-12,5,Good experience
F009253,C07528,2025-10-16,4,Very helpful program
F009254,C05085,2025-03-24,5,Good guidance from the team
F009255,C04281,2025-10-17,5,I achieved my goal
F009256,C16243,2024-08-22,4,Very satisfied
F009257,C12670,2024-04-13,5,Good experience
F009258,C19917,2025-05-18,5,Good guidance from the team
F009259,C09089,2026-09-13,5,Very satisfied
F009260,C19839,2026-07-24,5,Good experience
F009261,C14221,2024-05-23,5,The coach was helpful
F009262,C13160,2025-02-07,3,Need more follow-up
F009263,C04035,2025-08-25,4,Good experience
F009264,C18281,2024-10-26,3,I missed some sessions
F009265,C09092,2025-07-06,2,Could be better
F009266,C13185,2026-01-11,5,The coach was helpful
F009267,C02273,2025-06-01,4,Good guidance from the team
F009268,C00761,2025-01-06,5,Very helpful program
F009269,C06384,2025-03-12,5,I achieved my goal
F009270,C14090,2025-09-25,4,Good guidance from the team
F009271,C04165,2024-06-21,3,Program was difficult to follow
F009272,C10574,2026-01-29,5,Good guidance from the team
F009273,C17635,2024-12-14,4,Good experience
F009274,C12879,2024-08-29,5,Good guidance from the team
F009275,C11789,2025-11-28,2,Expected better results
F009276,C17258,2026-06-20,4,Excellent support
F009277,C04301,2026-08-07,2,Not fully satisfied
F009278,C13110,2025-10-02,5,The coach was helpful
F009279,C09846,2025-05-16,5,Good guidance from the team
F009280,C04229,2026-05-21,2,Expected better results
F009281,C18175,2025-02-01,5,The coach was helpful
F009282,C11102,2025-06-30,5,The coach was helpful
F009283,C04529,2025-01-07,2,Expected better results
F009284,C17868,2026-07-25,5,Good experience
F009285,C08237,2025-07-05,3,Need more follow-up
F009286,C16266,2025-08-19,5,Good experience
F009287,C15415,2025-07-19,5,Excellent support
F009288,C05824,2024-06-10,4,I achieved my goal
F009289,C01188,2025-08-19,2,Program was difficult to follow
F009290,C02319,2024-10-01,2,Not fully satisfied
F009291,C08262,2026-06-27,4,Very helpful program
F009292,C09136,2024-09-14,4,Very helpful program
F009293,C00144,2026-09-06,3,Need more follow-up
F009294,C01838,2025-08-23,5,The coach was helpful
F009295,C03820,2024-05-22,3,I missed some sessions
F009296,C09031,2025-08-06,4,Good experience
F009297,C05151,2025-11-25,4,I achieved my goal
F009298,C16274,2025-10-10,3,Not fully satisfied
F009299,C06323,2024-11-28,4,Excellent support
F009300,C06827,2024-10-04,2,Not fully satisfied
F009301,C17090,2025-06-12,3,Expected better results
F009302,C11013,2024-05-09,5,The coach was helpful
F009303,C00093,2025-12-30,1,I missed some sessions
F009304,C00870,2024-11-13,3,Program was difficult to follow
F009305,C05386,2025-12-21,4,The coach was helpful
F009306,C11723,2025-08-18,3,Not fully satisfied
F009307,C13315,2026-01-24,4,Very satisfied
F009308,C12479,2024-09-20,4,Excellent support
F009309,C19183,2026-05-16,3,Program was difficult to follow
F009310,C17112,2025-10-19,5,Very helpful program
F009311,C02589,2025-01-18,4,Very helpful program
F009312,C09778,2025-05-16,5,Very helpful program
F009313,C13345,2025-07-05,5,Very satisfied
F009314,C03402,2026-06-01,2,Expected better results
F009315,C18149,2025-03-19,5,Very satisfied
F009316,C16481,2025-07-25,4,Very helpful program
F009317,C14941,2025-09-29,5,The coach was helpful
F009318,C16556,2026-01-10,3,Program was difficult to follow
F009319,C18405,2025-04-10,3,Not fully satisfied
F009320,C02392,2025-09-23,5,Good experience
F009321,C11246,2025-03-19,5,Good experience
F009322,C09018,2026-07-02,5,Excellent support
F009323,C04049,2026-06-20,5,Good guidance from the team
F009324,C05542,2026-11-06,2,Not fully satisfied
F009325,C14632,2026-04-09,5,Excellent support
F009326,C15337,2025-09-23,4,Very satisfied
F009327,C13814,2026-04-21,5,Good experience
F009328,C18770,2025-08-15,5,The coach was helpful
F009329,C12935,2024-05-05,5,The coach was helpful
F009330,C03164,2024-12-02,5,Excellent support
F009331,C10640,2024-12-17,5,Very satisfied
F009332,C17465,2025-06-13,5,The coach was helpful
F009333,C15425,2026-06-14,5,Good experience
F009334,C11686,2025-11-25,5,Very helpful program
F009335,C19193,2026-11-19,5,I achieved my goal
F009336,C19997,2025-06-13,3,Need more follow-up
F009337,C13564,2026-07-18,4,Very helpful program
F009338,C04123,2025-07-22,2,Expected better results
F009339,C13225,2026-01-24,5,I achieved my goal
F009340,C09132,2026-06-09,4,Very satisfied
F009341,C15142,2026-02-22,5,Good experience
F009342,C08872,2026-06-10,3,Need more follow-up
F009343,C10870,2025-08-27,3,Program was difficult to follow
F009344,C17733,2026-02-18,3,Need more follow-up
F009345,C12957,2025-06-05,4,The coach was helpful
F009346,C06472,2025-02-02,5,The coach was helpful
F009347,C19940,2026-08-16,2,Could be better
F009348,C15518,2025-12-06,4,Very satisfied
F009349,C17839,2024-12-31,5,Good experience
F009350,C00833,2025-05-28,2,Need more follow-up
F009351,C01231,2024-08-07,2,Could be better
F009352,C08657,2026-04-21,2,Expected better results
F009353,C19393,2026-01-10,4,Very helpful program
F009354,C01725,2026-01-19,2,Need more follow-up
F009355,C19375,2025-06-11,3,I missed some sessions
F009356,C18489,2025-07-12,4,The coach was helpful
F009357,C17164,2025-12-09,5,Good experience
F009358,C09246,2025-08-27,2,Could be better
F009359,C08687,2025-10-30,4,Very helpful program
F009360,C11337,2025-01-31,2,Not fully satisfied
F009361,C11989,2024-09-24,5,The coach was helpful
F009362,C00194,2025-07-20,5,Very helpful program
F009363,C11264,2026-07-09,5,Excellent support
F009364,C14239,2024-08-04,4,I achieved my goal
F009365,C17172,2025-03-21,5,The coach was helpful
F009366,C06312,2025-01-20,4,Good experience
F009367,C02992,2026-09-15,4,Good experience
F009368,C03798,2025-07-02,5,Excellent support
F009369,C08471,2024-02-20,4,Very satisfied
F009370,C02425,2024-07-26,3,Program was difficult to follow
F009371,C03381,2026-01-11,5,The coach was helpful
F009372,C04907,2026-05-22,4,Excellent support
F009373,C17849,2024-05-08,4,I achieved my goal
F009374,C05486,2024-12-26,5,Excellent support
F009375,C07280,2026-04-08,3,Need more follow-up
F009376,C01062,2025-02-23,5,Good experience
F009377,C08822,2026-08-05,4,Good experience
F009378,C14694,2026-01-02,3,Could be better
F009379,C10197,2024-12-31,5,The coach was helpful
F009380,C15526,2025-04-28,5,The coach was helpful
F009381,C11350,2025-01-23,4,The coach was helpful
F009382,C07944,2025-02-18,4,Good guidance from the team
F009383,C09312,2025-09-04,5,I achieved my goal
F009384,C05711,2026-01-06,4,Good guidance from the team
F009385,C19531,2026-06-19,3,Expected better results
F009386,C13895,2024-09-11,4,Very satisfied
F009387,C03632,2025-02-05,3,Program was difficult to follow
F009388,C07432,2026-04-25,5,Excellent support
F009389,C13261,2025-07-21,2,I missed some sessions
F009390,C19399,2025-11-29,5,Excellent support
F009391,C13139,2025-03-14,3,I missed some sessions
F009392,C16528,2025-10-21,4,Good guidance from the team
F009393,C09686,2024-07-22,5,Very satisfied
F009394,C19837,2026-03-04,5,Excellent support
F009395,C08646,2024-07-23,3,Not fully satisfied
F009396,C06136,2025-11-14,5,Very satisfied
F009397,C00056,2026-01-16,4,Very helpful program
F009398,C03872,2025-09-09,2,Program was difficult to follow
F009399,C18437,2024-03-17,4,Good guidance from the team
F009400,C10024,2026-04-26,5,Very satisfied
F009401,C04256,2025-10-09,5,Excellent support
F009402,C14894,2024-04-29,2,I missed some sessions
F009403,C17510,2026-09-02,3,Expected better results
F009404,C04156,2025-04-03,3,Could be better
F009405,C02726,2025-07-02,4,Good guidance from the team
F009406,C08793,2026-06-29,2,Expected better results
F009407,C19227,2026-07-26,3,Could be better
F009408,C13361,2025-01-13,2,Program was difficult to follow
F009409,C09248,2026-04-11,4,Very satisfied
F009410,C00149,2025-03-29,3,Need more follow-up
F009411,C18327,2025-04-01,3,Need more follow-up
F009412,C15809,2026-07-23,4,The coach was helpful
F009413,C02600,2025-06-14,3,Expected better results
F009414,C03857,2026-03-21,3,Expected better results
F009415,C03153,2026-01-23,4,Good guidance from the team
F009416,C01563,2025-12-16,3,Could be better
F009417,C06843,2024-06-17,5,The coach was helpful
F009418,C16316,2025-10-25,3,Could be better
F009419,C00731,2026-05-20,5,I achieved my goal
F009420,C11024,2025-10-23,5,Very satisfied
F009421,C03691,2026-03-27,3,Expected better results
F009422,C07983,2025-06-08,2,I missed some sessions
F009423,C14784,2026-07-30,5,The coach was helpful
F009424,C12210,2024-05-03,4,I achieved my goal
F009425,C04819,2025-11-27,5,The coach was helpful
F009426,C13626,2025-02-06,5,The coach was helpful
F009427,C01218,2024-11-22,4,Excellent support
F009428,C18788,2025-11-20,5,Good experience
F009429,C04868,2025-10-21,5,Very helpful program
F009430,C12816,2025-09-13,5,Excellent support
F009431,C12317,2025-09-28,5,Very helpful program
F009432,C14261,2026-06-18,2,I missed some sessions
F009433,C05107,2025-03-13,4,The coach was helpful
F009434,C00979,2024-04-09,1,I missed some sessions
F009435,C09709,2026-07-19,5,Excellent support
F009436,C12774,2025-05-12,4,Excellent support
F009437,C03008,2026-06-04,3,I missed some sessions
F009438,C05879,2025-02-02,2,Could be better
F009439,C12691,2024-12-01,5,Good experience
F009440,C16781,2025-10-10,5,Good experience
F009441,C12718,2024-10-19,1,Need more follow-up
F009442,C11722,2025-05-05,3,Not fully satisfied
F009443,C01917,2025-07-29,3,Could be better
F009444,C14457,2024-12-02,5,Very satisfied
F009445,C05639,2024-07-25,4,Very satisfied
F009446,C02374,2024-09-25,5,I achieved my goal
F009447,C02526,2026-08-22,5,The coach was helpful
F009448,C18472,2025-01-14,5,Very satisfied
F009449,C16577,2025-08-08,5,Very helpful program
F009450,C16060,2026-08-02,4,Excellent support
F009451,C00210,2025-04-17,5,Excellent support
F009452,C02056,2026-01-07,3,Program was difficult to follow
F009453,C03883,2025-02-07,3,I missed some sessions
F009454,C05642,2026-04-01,3,Not fully satisfied
F009455,C12958,2024-09-01,1,Need more follow-up
F009456,C17780,2026-05-08,5,Very satisfied
F009457,C19618,2026-04-03,4,I achieved my goal
F009458,C14112,2024-09-01,4,Very helpful program
F009459,C06861,2024-02-27,4,I achieved my goal
F009460,C00507,2025-04-10,4,I achieved my goal
F009461,C02076,2025-08-02,3,I missed some sessions
F009462,C07638,2024-12-18,4,The coach was helpful
F009463,C14627,2026-01-15,5,Very helpful program
F009464,C07875,2024-09-05,3,Program was difficult to follow
F009465,C12896,2025-11-05,4,Good guidance from the team
F009466,C10638,2024-12-05,5,Very satisfied
F009467,C16890,2024-10-27,1,Need more follow-up
F009468,C09413,2024-05-14,4,Good experience
F009469,C13576,2024-08-13,4,Good experience
F009470,C16610,2025-08-25,4,The coach was helpful
F009471,C16891,2024-03-29,3,Expected better results
F009472,C19233,2025-02-24,2,I missed some sessions
F009473,C07330,2025-02-10,3,Expected better results
F009474,C01572,2025-05-07,4,Very helpful program
F009475,C16408,2025-01-24,3,Not fully satisfied
F009476,C16016,2024-08-11,4,The coach was helpful
F009477,C11839,2026-02-01,1,Need more follow-up
F009478,C07580,2026-03-08,5,I achieved my goal
F009479,C19777,2026-04-27,5,Excellent support
F009480,C12955,2025-02-20,4,Good guidance from the team
F009481,C00163,2024-10-29,5,I achieved my goal
F009482,C07304,2024-12-03,4,I achieved my goal
F009483,C08815,2025-09-06,5,Good guidance from the team
F009484,C05840,2024-05-28,3,Expected better results
F009485,C10650,2025-04-02,4,Good guidance from the team
F009486,C09675,2024-04-13,3,Not fully satisfied
F009487,C00721,2025-07-01,1,I missed some sessions
F009488,C18710,2025-11-03,3,Need more follow-up
F009489,C09962,2025-08-17,1,Not fully satisfied
F009490,C09338,2026-06-12,3,I missed some sessions
F009491,C06888,2025-04-05,4,The coach was helpful
F009492,C13051,2026-03-10,5,Very satisfied
F009493,C14395,2025-08-04,4,I achieved my goal
F009494,C00788,2024-08-20,4,Very satisfied
F009495,C08244,2024-04-12,4,Excellent support
F009496,C09067,2024-10-22,3,Need more follow-up
F009497,C05344,2024-06-07,5,Good guidance from the team
F009498,C18814,2024-05-03,4,The coach was helpful
F009499,C01975,2026-09-02,5,Good experience
F009500,C04043,2025-06-01,3,I missed some sessions
F009501,C08186,2024-08-18,5,Excellent support
F009502,C18628,2026-06-13,1,Program was difficult to follow
F009503,C16808,2024-09-16,4,The coach was helpful
F009504,C13761,2024-10-01,2,Expected better results
F009505,C16835,2024-05-01,5,The coach was helpful
F009506,C18698,2026-02-09,4,Very satisfied
F009507,C11226,2025-09-30,5,I achieved my goal
F009508,C03066,2025-12-16,4,Excellent support
F009509,C15850,2026-04-30,5,Very satisfied
F009510,C05543,2026-02-17,5,Good experience
F009511,C09214,2026-04-07,4,Very satisfied
F009512,C15167,2024-06-20,4,Very helpful program
F009513,C12844,2026-04-22,2,I missed some sessions
F009514,C04290,2024-11-17,4,The coach was helpful
F009515,C10393,2026-06-05,3,Program was difficult to follow
F009516,C10690,2025-09-11,3,Not fully satisfied
F009517,C11907,2025-01-23,4,Good experience
F009518,C06945,2024-05-01,4,Good guidance from the team
F009519,C08553,2025-12-20,2,Program was difficult to follow
F009520,C05904,2024-10-21,4,Very helpful program
F009521,C00746,2025-12-21,3,Not fully satisfied
F009522,C14142,2024-05-23,3,Expected better results
F009523,C09154,2025-09-11,4,Very helpful program
F009524,C12328,2025-03-04,1,Could be better
F009525,C15972,2025-07-03,4,Good experience
F009526,C00422,2024-06-14,4,I achieved my goal
F009527,C11453,2026-07-14,2,Not fully satisfied
F009528,C18767,2024-10-03,3,Need more follow-up
F009529,C06058,2024-09-12,5,Good experience
F009530,C01840,2026-07-20,3,I missed some sessions
F009531,C01484,2025-01-07,5,The coach was helpful
F009532,C08346,2024-11-18,4,Very helpful program
F009533,C05876,2025-04-08,4,The coach was helpful
F009534,C14145,2025-11-14,5,Excellent support
F009535,C14874,2025-04-22,2,I missed some sessions
F009536,C19092,2024-08-28,5,The coach was helpful
F009537,C07461,2025-06-26,3,Could be better
F009538,C00536,2024-07-30,3,Need more follow-up
F009539,C02138,2026-11-05,5,Excellent support
F009540,C18115,2024-05-17,2,Not fully satisfied
F009541,C18642,2024-10-05,5,Very satisfied
F009542,C18417,2026-04-28,3,Need more follow-up
F009543,C18291,2026-01-12,5,Good guidance from the team
F009544,C16372,2025-08-15,1,Need more follow-up
F009545,C00260,2024-11-12,5,Very helpful program
F009546,C11652,2025-08-06,4,Excellent support
F009547,C04375,2025-04-21,4,Good experience
F009548,C05115,2026-11-08,2,Program was difficult to follow
F009549,C05212,2024-12-27,2,Need more follow-up
F009550,C11154,2025-02-25,3,Expected better results
F009551,C11694,2025-09-28,4,The coach was helpful
F009552,C19760,2025-05-17,5,The coach was helpful
F009553,C12642,2025-11-06,3,Need more follow-up
F009554,C04302,2025-02-15,3,Need more follow-up
F009555,C03020,2025-11-16,4,Excellent support
F009556,C13527,2025-05-29,4,Excellent support
F009557,C03828,2025-01-10,5,Excellent support
F009558,C14740,2024-07-05,5,The coach was helpful
F009559,C10045,2024-11-13,5,I achieved my goal
F009560,C09016,2024-08-19,5,I achieved my goal
F009561,C01583,2024-11-27,1,Expected better results
F009562,C04726,2024-08-23,4,Good guidance from the team
F009563,C02492,2024-03-20,2,Not fully satisfied
F009564,C10713,2024-06-22,5,I achieved my goal
F009565,C19906,2024-07-31,5,Very helpful program
F009566,C12342,2025-09-04,3,Could be better
F009567,C06908,2024-10-21,5,Very helpful program
F009568,C18435,2024-04-02,4,I achieved my goal
F009569,C06106,2025-08-21,2,Program was difficult to follow
F009570,C14030,2024-10-09,2,I missed some sessions
F009571,C11804,2024-09-02,3,I missed some sessions
F009572,C10699,2026-03-17,4,Good experience
F009573,C11427,2025-11-14,4,Very helpful program
F009574,C12500,2025-11-14,4,I achieved my goal
F009575,C09960,2025-07-08,5,Excellent support
F009576,C00397,2026-06-25,5,Excellent support
F009577,C03455,2026-03-21,5,The coach was helpful
F009578,C08207,2024-08-25,3,Could be better
F009579,C12107,2024-10-03,5,Very helpful program
F009580,C11811,2024-04-28,5,I achieved my goal
F009581,C19675,2026-02-06,3,Program was difficult to follow
F009582,C15154,2024-06-03,5,The coach was helpful
F009583,C02905,2025-11-04,4,Excellent support
F009584,C19595,2025-01-15,5,Very satisfied
F009585,C15111,2025-11-16,3,Expected better results
F009586,C02460,2024-06-08,3,Could be better
F009587,C02822,2024-06-22,5,Very helpful program
F009588,C11238,2025-12-09,5,Good guidance from the team
F009589,C02975,2026-05-24,4,Good experience
F009590,C00233,2024-08-22,3,Could be better
F009591,C08271,2024-11-22,4,Good guidance from the team
F009592,C06217,2026-04-29,4,The coach was helpful
F009593,C02172,2025-12-20,4,Very helpful program
F009594,C01521,2025-11-29,5,Good guidance from the team
F009595,C19881,2025-07-12,4,The coach was helpful
F009596,C06660,2024-11-25,4,I achieved my goal
F009597,C11510,2025-05-15,5,The coach was helpful
F009598,C05222,2026-07-30,4,Excellent support
F009599,C03678,2024-07-05,4,I achieved my goal
F009600,C11134,2025-09-03,5,Very satisfied
F009601,C01873,2026-07-28,4,Good experience
F009602,C00364,2026-04-20,2,Program was difficult to follow
F009603,C02375,2025-05-05,3,Expected better results
F009604,C15927,2025-07-03,4,Very satisfied
F009605,C11303,2024-04-01,3,Need more follow-up
F009606,C09477,2025-11-14,5,The coach was helpful
F009607,C02275,2026-06-30,4,Excellent support
F009608,C12215,2025-05-26,3,Could be better
F009609,C07088,2025-07-06,2,I missed some sessions
F009610,C04709,2025-03-05,5,Very helpful program
F009611,C16910,2025-05-15,4,Very helpful program
F009612,C07291,2026-04-30,4,Good guidance from the team
F009613,C13561,2026-05-13,5,Good guidance from the team
F009614,C13166,2026-06-01,4,Very satisfied
F009615,C07131,2026-06-01,5,Good guidance from the team
F009616,C12830,2025-12-08,3,Not fully satisfied
F009617,C16907,2025-02-21,1,Not fully satisfied
F009618,C18326,2024-10-29,5,Very satisfied
F009619,C12080,2025-04-05,4,Very satisfied
F009620,C17914,2024-10-30,4,The coach was helpful
F009621,C14526,2025-03-27,4,Very satisfied
F009622,C01618,2024-08-13,3,I missed some sessions
F009623,C07958,2025-06-26,4,Good guidance from the team
F009624,C13439,2024-12-19,4,Very satisfied
F009625,C06426,2025-09-18,3,Not fully satisfied
F009626,C00881,2025-11-11,4,The coach was helpful
F009627,C11373,2025-01-13,5,I achieved my goal
F009628,C04343,2026-07-31,5,Very satisfied
F009629,C07102,2024-10-12,4,Good experience
F009630,C13760,2025-03-15,3,Expected better results
F009631,C10843,2026-02-05,3,Could be better
F009632,C13027,2024-08-09,4,I achieved my goal
F009633,C10788,2024-04-01,4,I achieved my goal
F009634,C15475,2025-05-01,3,Expected better results
F009635,C11205,2026-05-09,5,Good guidance from the team
F009636,C03376,2024-05-12,3,Could be better
F009637,C00684,2025-09-25,5,Very helpful program
F009638,C09383,2026-08-16,4,Good guidance from the team
F009639,C03998,2025-01-15,5,Very helpful program
F009640,C14860,2025-10-16,3,Not fully satisfied
F009641,C13192,2025-08-27,4,Very satisfied
F009642,C15399,2026-05-07,3,Not fully satisfied
F009643,C00735,2024-10-12,1,Need more follow-up
F009644,C05784,2024-03-22,5,I achieved my goal
F009645,C14466,2025-05-14,4,Good experience
F009646,C17289,2024-08-19,3,Not fully satisfied
F009647,C07326,2024-04-20,3,Program was difficult to follow
F009648,C18409,2026-01-03,4,The coach was helpful
F009649,C11408,2026-05-26,4,The coach was helpful
F009650,C00937,2025-03-12,4,Very helpful program
F009651,C00127,2026-03-25,3,I missed some sessions
F009652,C14914,2026-01-11,5,Good guidance from the team
F009653,C17544,2026-07-25,4,Good guidance from the team
F009654,C07681,2024-02-18,5,I achieved my goal
F009655,C19420,2025-02-28,4,Good experience
F009656,C06500,2025-01-09,4,I achieved my goal
F009657,C17775,2024-05-13,3,Expected better results
F009658,C14773,2025-03-05,5,Very helpful program
F009659,C00710,2024-11-22,3,Need more follow-up
F009660,C19961,2024-03-16,5,Good experience
F009661,C01800,2025-09-10,4,I achieved my goal
F009662,C17755,2026-03-03,4,Good experience
F009663,C03659,2024-03-30,5,The coach was helpful
F009664,C11891,2025-08-06,5,Very helpful program
F009665,C03124,2025-07-17,4,Very satisfied
F009666,C15138,2024-10-22,4,Very helpful program
F009667,C03584,2024-07-05,4,Very helpful program
F009668,C03232,2024-11-20,4,Very satisfied
F009669,C09485,2024-11-24,5,Good experience
F009670,C00587,2025-08-15,3,Could be better
F009671,C13087,2024-11-08,4,Very satisfied
F009672,C18745,2026-04-23,5,Good experience
F009673,C17324,2026-08-24,5,Excellent support
F009674,C04498,2024-03-10,5,Excellent support
F009675,C11972,2024-11-18,5,Excellent support
F009676,C14343,2025-01-10,4,I achieved my goal
F009677,C14378,2024-12-24,5,Good guidance from the team
F009678,C04639,2024-12-07,4,Very satisfied
F009679,C04277,2026-09-26,3,Program was difficult to follow
F009680,C17414,2025-09-12,4,Good experience
F009681,C14937,2025-05-17,4,Good experience
F009682,C17946,2024-07-25,4,I achieved my goal
F009683,C04856,2025-01-27,3,Program was difficult to follow
F009684,C00674,2025-11-01,4,I achieved my goal
F009685,C08401,2024-07-30,2,Program was difficult to follow
F009686,C11227,2025-08-26,4,Very satisfied
F009687,C16883,2024-02-21,1,Not fully satisfied
F009688,C13670,2025-12-16,4,Very helpful program
F009689,C13579,2025-05-06,4,Very satisfied
F009690,C07360,2026-06-24,4,Excellent support
F009691,C14968,2026-09-26,3,Need more follow-up
F009692,C09736,2026-03-20,4,Very helpful program
F009693,C11519,2026-05-22,2,Could be better
F009694,C14460,2025-03-10,4,I achieved my goal
F009695,C18252,2025-02-19,3,Need more follow-up
F009696,C15118,2024-08-09,5,Very satisfied
F009697,C12290,2026-09-11,3,Could be better
F009698,C17847,2025-07-19,4,Very helpful program
F009699,C04769,2025-01-12,3,Program was difficult to follow
F009700,C01373,2025-12-24,4,Very satisfied
F009701,C16754,2025-04-16,5,Very satisfied
F009702,C05896,2026-03-29,4,Very satisfied
F009703,C06665,2024-12-05,5,Good experience
F009704,C14126,2025-08-15,3,Not fully satisfied
F009705,C15204,2026-04-13,5,The coach was helpful
F009706,C15601,2025-01-20,2,I missed some sessions
F009707,C07794,2024-05-01,3,I missed some sessions
F009708,C14324,2025-06-08,3,I missed some sessions
F009709,C05630,2026-04-03,5,I achieved my goal
F009710,C19953,2025-11-17,5,Very satisfied
F009711,C12576,2025-08-11,3,Expected better results
F009712,C01863,2025-06-17,4,Very satisfied
F009713,C12557,2024-07-06,3,Program was difficult to follow
F009714,C11326,2025-12-12,2,Need more follow-up
F009715,C04216,2024-08-04,5,The coach was helpful
F009716,C01184,2025-02-23,5,Good experience
F009717,C00024,2025-12-24,2,Need more follow-up
F009718,C02630,2024-10-12,3,Program was difficult to follow
F009719,C19574,2026-07-08,3,Program was difficult to follow
F009720,C17711,2024-08-27,5,Good experience
F009721,C17483,2024-07-09,4,Good guidance from the team
F009722,C18944,2026-01-06,5,Good experience
F009723,C00740,2025-08-23,2,Need more follow-up
F009724,C02484,2025-02-12,5,Very helpful program
F009725,C10576,2026-01-10,4,The coach was helpful
F009726,C16289,2024-06-26,4,Good guidance from the team
F009727,C05671,2024-03-07,3,Program was difficult to follow
F009728,C13958,2026-10-01,5,I achieved my goal
F009729,C19392,2024-04-13,2,I missed some sessions
F009730,C08473,2026-06-08,5,The coach was helpful
F009731,C11136,2027-01-08,3,Expected better results
F009732,C05110,2026-04-03,5,Very satisfied
F009733,C02794,2024-07-02,3,Program was difficult to follow
F009734,C03481,2026-05-10,2,Program was difficult to follow
F009735,C07762,2025-08-16,3,Expected better results
F009736,C05456,2024-05-20,4,Very helpful program
F009737,C15418,2024-10-24,3,Not fully satisfied
F009738,C01977,2025-09-29,5,Very helpful program
F009739,C09097,2024-04-20,5,Excellent support
F009740,C06311,2024-06-17,4,Good experience
F009741,C17985,2026-10-26,5,The coach was helpful
F009742,C02795,2025-06-20,5,Good experience
F009743,C18432,2025-12-24,4,The coach was helpful
F009744,C09976,2026-01-16,4,Good guidance from the team
F009745,C10102,2025-07-07,5,Good guidance from the team
F009746,C15894,2025-01-11,5,Good guidance from the team
F009747,C19270,2026-05-02,5,Very satisfied
F009748,C11019,2024-09-30,4,Good guidance from the team
F009749,C04764,2024-10-10,1,Need more follow-up
F009750,C18190,2025-09-24,4,Very helpful program
F009751,C14751,2025-10-02,5,Very helpful program
F009752,C13228,2027-01-22,4,The coach was helpful
F009753,C18343,2024-12-15,5,The coach was helpful
F009754,C06093,2025-12-13,3,Program was difficult to follow
F009755,C12881,2025-12-16,5,Good guidance from the team
F009756,C04484,2024-03-17,4,Very satisfied
F009757,C00426,2025-12-10,4,Very helpful program
F009758,C02704,2026-08-27,2,Expected better results
F009759,C08802,2025-02-27,3,Not fully satisfied
F009760,C11270,2025-10-26,5,I achieved my goal
F009761,C00651,2025-11-15,4,Very helpful program
F009762,C12424,2024-08-31,2,Need more follow-up
F009763,C01170,2026-01-01,3,Could be better
F009764,C19145,2025-10-17,4,Good experience
F009765,C19725,2025-01-21,2,Could be better
F009766,C14629,2026-01-13,4,Very satisfied
F009767,C13189,2026-01-26,1,Not fully satisfied
F009768,C04442,2026-10-29,5,Very satisfied
F009769,C03215,2026-08-31,3,I missed some sessions
F009770,C01148,2025-07-25,4,Excellent support
F009771,C15346,2025-10-01,3,I missed some sessions
F009772,C02788,2024-09-03,4,The coach was helpful
F009773,C19204,2024-09-09,1,Expected better results
F009774,C03987,2025-02-28,5,The coach was helpful
F009775,C11169,2024-09-22,1,Expected better results
F009776,C13351,2025-08-03,4,I achieved my goal
F009777,C06729,2025-12-27,1,Program was difficult to follow
F009778,C10559,2025-03-14,5,I achieved my goal
F009779,C06870,2025-08-27,3,Not fully satisfied
F009780,C12184,2025-07-25,4,Very satisfied
F009781,C03199,2026-09-13,2,Program was difficult to follow
F009782,C19360,2025-05-12,3,Expected better results
F009783,C09233,2024-03-25,4,Very helpful program
F009784,C00837,2025-07-31,4,Good guidance from the team
F009785,C14905,2026-07-29,4,I achieved my goal
F009786,C11077,2025-11-29,4,Good guidance from the team
F009787,C18666,2026-06-09,5,I achieved my goal
F009788,C00514,2025-06-24,5,Very helpful program
F009789,C09073,2026-02-01,5,Excellent support
F009790,C04208,2025-06-06,4,Good experience
F009791,C13802,2025-05-26,5,Excellent support
F009792,C07887,2025-05-28,4,The coach was helpful
F009793,C09560,2024-12-03,3,Could be better
F009794,C00301,2025-05-30,5,Excellent support
F009795,C19590,2025-08-18,4,Very satisfied
F009796,C10349,2026-05-21,4,Good guidance from the team
F009797,C17229,2026-07-04,5,Very satisfied
F009798,C15938,2026-05-17,3,Program was difficult to follow
F009799,C09641,2025-08-27,4,Good experience
F009800,C05772,2024-10-18,3,I missed some sessions
F009801,C04641,2024-06-23,3,Not fully satisfied
F009802,C10235,2025-01-15,5,I achieved my goal
F009803,C12418,2025-09-08,1,Expected better results
F009804,C10366,2026-07-22,5,Excellent support
F009805,C12199,2026-01-22,3,I missed some sessions
F009806,C12561,2025-01-08,4,Good experience
F009807,C14568,2026-01-21,5,I achieved my goal
F009808,C01350,2025-01-10,5,Very helpful program
F009809,C18226,2025-09-30,4,Good experience
F009810,C04407,2026-04-05,5,I achieved my goal
F009811,C13668,2024-05-17,4,The coach was helpful
F009812,C11783,2026-04-05,5,Good experience
F009813,C08695,2025-01-04,2,Program was difficult to follow
F009814,C00678,2024-02-22,4,The coach was helpful
F009815,C05819,2026-08-16,3,Not fully satisfied
F009816,C01206,2026-04-22,5,The coach was helpful
F009817,C19850,2026-08-08,5,I achieved my goal
F009818,C17364,2026-03-28,5,Very helpful program
F009819,C08888,2024-08-04,2,I missed some sessions
F009820,C01232,2026-03-29,5,I achieved my goal
F009821,C05551,2025-05-01,5,I achieved my goal
F009822,C18436,2026-07-20,5,Very helpful program
F009823,C18676,2026-12-15,3,I missed some sessions
F009824,C14639,2026-04-18,1,Program was difficult to follow
F009825,C02128,2025-04-19,4,Excellent support
F009826,C01304,2026-08-14,3,Program was difficult to follow
F009827,C00236,2024-10-31,5,Good guidance from the team
F009828,C12829,2025-11-01,4,Excellent support
F009829,C01744,2024-11-13,3,I missed some sessions
F009830,C00244,2025-05-13,4,Very satisfied
F009831,C16879,2026-04-27,4,Very helpful program
F009832,C08605,2026-07-28,5,I achieved my goal
F009833,C01790,2026-04-30,4,Good experience
F009834,C01463,2024-06-21,2,Not fully satisfied
F009835,C03713,2025-09-24,2,Need more follow-up
F009836,C05505,2024-06-04,4,Good guidance from the team
F009837,C15094,2024-03-03,4,The coach was helpful
F009838,C14420,2026-09-07,5,The coach was helpful
F009839,C00770,2024-09-17,4,Very helpful program
F009840,C15244,2025-09-02,4,Good guidance from the team
F009841,C09700,2025-07-03,4,I achieved my goal
F009842,C15875,2024-11-21,3,Expected better results
F009843,C18161,2025-01-13,4,Very helpful program
F009844,C07083,2025-05-26,5,Very helpful program
F009845,C02490,2024-11-25,3,Could be better
F009846,C06491,2024-12-09,4,Excellent support
F009847,C17430,2025-02-09,3,Not fully satisfied
F009848,C07027,2025-06-27,4,Excellent support
F009849,C05101,2024-11-12,4,I achieved my goal
F009850,C07846,2024-02-24,5,The coach was helpful
F009851,C07708,2024-04-26,4,Excellent support
F009852,C01654,2026-08-02,5,Good experience
F009853,C09298,2026-08-16,5,Very satisfied
F009854,C16522,2025-03-25,2,I missed some sessions
F009855,C05737,2025-09-21,5,I achieved my goal
F009856,C04481,2026-01-04,5,Excellent support
F009857,C15332,2024-12-17,4,Good guidance from the team
F009858,C11396,2025-02-14,4,Very satisfied
F009859,C04892,2026-02-24,4,Good experience
F009860,C13025,2024-04-06,5,Good experience
F009861,C17716,2026-07-01,5,Good experience
F009862,C07562,2024-09-12,5,I achieved my goal
F009863,C03035,2025-03-28,3,Could be better
F009864,C10191,2024-03-08,3,Not fully satisfied
F009865,C16416,2025-05-04,4,Very helpful program
F009866,C06586,2024-10-26,5,Very satisfied
F009867,C17245,2024-06-26,5,Good experience
F009868,C01361,2025-05-06,5,Very helpful program
F009869,C03702,2025-03-27,1,Could be better
F009870,C18199,2024-08-21,2,Need more follow-up
F009871,C04242,2025-02-06,5,Good guidance from the team
F009872,C01849,2025-06-15,2,Could be better
F009873,C13301,2026-03-29,3,Not fully satisfied
F009874,C08093,2024-06-19,4,Good guidance from the team
F009875,C18042,2026-08-16,3,Could be better
F009876,C00910,2025-03-27,4,The coach was helpful
F009877,C04150,2025-02-26,5,Excellent support
F009878,C14827,2024-12-05,4,The coach was helpful
F009879,C11963,2025-12-19,5,Excellent support
F009880,C19832,2026-08-28,4,Good guidance from the team
F009881,C05257,2024-10-17,5,Excellent support
F009882,C13135,2024-12-03,4,Very satisfied
F009883,C10631,2026-03-13,4,Good guidance from the team
F009884,C12898,2024-05-16,4,Good guidance from the team
F009885,C11680,2025-10-01,3,Program was difficult to follow
F009886,C06282,2025-03-08,3,Not fully satisfied
F009887,C04308,2025-03-03,4,Good guidance from the team
F009888,C16030,2026-06-17,4,Very satisfied
F009889,C11732,2025-08-04,3,Program was difficult to follow
F009890,C06412,2026-04-05,4,Very helpful program
F009891,C00080,2025-01-13,5,Very satisfied
F009892,C11628,2026-04-30,2,Program was difficult to follow
F009893,C19505,2025-12-12,5,Good guidance from the team
F009894,C16341,2024-05-26,5,The coach was helpful
F009895,C00247,2026-05-10,3,Not fully satisfied
F009896,C04876,2024-12-19,5,Good experience
F009897,C09969,2026-04-27,5,Very satisfied
F009898,C02325,2024-02-19,5,Good guidance from the team
F009899,C14273,2026-07-13,2,Need more follow-up
F009900,C10414,2024-04-21,5,Excellent support
F009901,C01877,2024-06-22,5,I achieved my goal
F009902,C02012,2025-11-05,3,Not fully satisfied
F009903,C06027,2025-03-10,3,Could be better
F009904,C00793,2024-11-20,3,Expected better results
F009905,C12660,2026-08-08,4,I achieved my goal
F009906,C11014,2026-04-14,5,Good guidance from the team
F009907,C05958,2025-09-30,5,Very satisfied
F009908,C03654,2024-09-27,3,Expected better results
F009909,C15460,2025-10-12,3,Program was difficult to follow
F009910,C10733,2025-12-17,5,Excellent support
F009911,C01104,2024-12-03,4,Good guidance from the team
F009912,C10302,2025-01-09,4,Very satisfied
F009913,C17931,2024-08-25,4,The coach was helpful
F009914,C01335,2025-04-25,4,Good guidance from the team
F009915,C13112,2025-10-28,5,Very satisfied
F009916,C16494,2024-07-25,4,Excellent support
F009917,C19109,2024-03-15,3,Program was difficult to follow
F009918,C03456,2025-03-28,5,Very helpful program
F009919,C16363,2024-11-30,3,Not fully satisfied
F009920,C14878,2024-10-23,4,Very satisfied
F009921,C06152,2025-10-31,4,Excellent support
F009922,C15268,2024-09-13,3,Program was difficult to follow
F009923,C08451,2027-05-02,3,I missed some sessions
F009924,C02508,2025-10-30,4,Very helpful program
F009925,C05749,2027-02-08,4,I achieved my goal
F009926,C04866,2025-10-24,2,Program was difficult to follow
F009927,C04241,2024-11-14,5,I achieved my goal
F009928,C02032,2024-03-18,4,Very helpful program
F009929,C19644,2027-02-20,2,Not fully satisfied
F009930,C05988,2024-09-22,2,Expected better results
F009931,C18174,2025-09-17,4,Very helpful program
F009932,C00614,2025-05-01,5,Good experience
F009933,C08246,2026-10-18,3,Program was difficult to follow
F009934,C05200,2024-08-22,3,Need more follow-up
F009935,C09433,2025-11-05,5,The coach was helpful
F009936,C13153,2025-12-12,1,Could be better
F009937,C19248,2025-10-21,5,The coach was helpful
F009938,C13299,2025-12-21,5,Very satisfied
F009939,C07081,2025-03-26,5,Excellent support
F009940,C07855,2025-12-09,5,Good guidance from the team
F009941,C16247,2026-05-25,2,Program was difficult to follow
F009942,C04947,2026-05-17,4,Very helpful program
F009943,C13795,2026-01-12,5,Very satisfied
F009944,C09765,2026-05-12,5,Good guidance from the team
F009945,C02710,2026-03-23,5,I achieved my goal
F009946,C14409,2025-03-23,4,Good experience
F009947,C02061,2025-10-15,5,Very helpful program
F009948,C15642,2025-09-14,2,I missed some sessions
F009949,C16946,2026-07-09,5,Very helpful program
F009950,C02376,2026-09-11,5,Very satisfied
F009951,C06230,2025-09-26,1,I missed some sessions
F009952,C12025,2025-02-26,4,I achieved my goal
F009953,C03582,2025-04-30,5,Good guidance from the team
F009954,C19142,2024-05-13,5,Good experience
F009955,C13698,2024-10-18,5,Good guidance from the team
F009956,C05994,2026-08-05,2,Expected better results
F009957,C07593,2025-12-23,3,I missed some sessions
F009958,C01658,2026-05-18,4,Good guidance from the team
F009959,C06380,2025-06-07,3,Need more follow-up
F009960,C01245,2024-11-08,5,I achieved my goal
F009961,C05262,2026-04-04,3,Need more follow-up
F009962,C04890,2025-10-15,4,Very satisfied
F009963,C12400,2026-07-16,4,Good experience
F009964,C01374,2024-07-05,5,I achieved my goal
F009965,C08798,2025-12-23,2,Program was difficult to follow
F009966,C13931,2025-07-07,4,The coach was helpful
F009967,C18245,2025-02-09,4,The coach was helpful
F009968,C05669,2026-08-04,4,I achieved my goal
F009969,C15227,2025-03-18,4,Very satisfied
F009970,C05363,2026-09-20,5,The coach was helpful
F009971,C14539,2026-07-16,4,Excellent support
F009972,C18738,2025-01-23,4,Good experience
F009973,C18657,2025-09-20,2,I missed some sessions
F009974,C08478,2025-10-15,2,Expected better results
F009975,C17690,2024-07-17,3,Could be better
F009976,C14908,2025-07-29,4,The coach was helpful
F009977,C17269,2026-10-06,2,Program was difficult to follow
F009978,C10426,2024-04-10,5,Excellent support
F009979,C09084,2026-11-08,4,Very helpful program
F009980,C00319,2024-06-24,4,Good experience
F009981,C17732,2025-06-29,4,The coach was helpful
F009982,C06200,2026-02-24,4,Very satisfied
F009983,C10309,2026-07-29,3,Program was difficult to follow
F009984,C05759,2025-06-22,5,Good experience
F009985,C01791,2025-08-07,5,Very helpful program
F009986,C02166,2025-02-01,4,Good experience
F009987,C18091,2026-05-16,3,Not fully satisfied
F009988,C10201,2024-06-29,3,Need more follow-up
F009989,C03699,2024-12-02,5,Good guidance from the team
F009990,C15462,2026-08-05,1,I missed some sessions
F009991,C07505,2025-11-29,5,The coach was helpful
F009992,C14571,2026-07-01,5,The coach was helpful
F009993,C14433,2026-02-18,5,Very satisfied
F009994,C17455,2025-10-11,2,Not fully satisfied
F009995,C12745,2025-04-28,2,Not fully satisfied
F009996,C14565,2024-10-11,2,Need more follow-up
F009997,C14029,2025-05-08,3,Program was difficult to follow
F009998,C05289,2025-07-07,3,Not fully satisfied
F009999,C08368,2027-04-08,4,The coach was helpful
F010000,C18877,2024-11-02,2,Could be better
F010001,C01028,2025-11-07,3,Not fully satisfied
F010002,C18746,2025-04-27,5,I achieved my goal
F010003,C08432,2026-01-03,4,Very satisfied
F010004,C00154,2026-12-30,4,Excellent support
F010005,C02371,2024-10-29,4,I achieved my goal
F010006,C10294,2026-05-05,4,Good guidance from the team
F010007,C17671,2026-04-24,5,Very helpful program
F010008,C01540,2024-12-13,5,Good guidance from the team
F010009,C03900,2026-02-23,5,Good experience
F010010,C09825,2024-08-01,3,Could be better
F010011,C04757,2026-04-12,1,Need more follow-up
F010012,C01706,2026-07-05,4,Excellent support
F010013,C02747,2025-08-11,5,Good guidance from the team
F010014,C09742,2025-07-27,4,The coach was helpful
F010015,C08050,2024-12-15,5,Good guidance from the team
F010016,C12913,2025-09-18,4,Good guidance from the team
F010017,C00538,2026-02-02,4,I achieved my goal
F010018,C13064,2026-03-18,5,Excellent support
F010019,C16983,2026-07-17,4,Very helpful program
F010020,C08936,2024-09-10,3,Expected better results
F010021,C19852,2024-07-25,4,Good guidance from the team
F010022,C15993,2024-05-06,3,Need more follow-up
F010023,C02677,2025-08-18,4,Good experience
F010024,C01404,2026-07-09,4,Good guidance from the team
F010025,C00814,2026-02-06,4,Good experience
F010026,C11052,2024-11-17,5,Good guidance from the team
F010027,C18332,2024-04-07,5,The coach was helpful
F010028,C00351,2024-12-15,3,I missed some sessions
F010029,C01589,2024-08-11,4,Good guidance from the team
F010030,C14643,2025-08-12,3,Expected better results
F010031,C00822,2024-12-18,3,Need more follow-up
F010032,C02772,2024-09-01,3,Not fully satisfied
F010033,C03086,2026-01-22,4,Good guidance from the team
F010034,C08982,2025-01-05,5,Very helpful program
F010035,C13567,2024-10-12,5,The coach was helpful
F010036,C01979,2025-04-01,4,Good experience
F010037,C01812,2026-08-11,5,I achieved my goal
F010038,C15507,2025-09-03,3,Expected better results
F010039,C12683,2026-10-26,5,Excellent support
F010040,C17122,2025-09-13,5,Excellent support
F010041,C13799,2025-05-06,5,I achieved my goal
F010042,C14893,2025-10-07,4,Good experience
F010043,C06828,2025-11-09,4,I achieved my goal
F010044,C13287,2025-12-31,3,Not fully satisfied
F010045,C07886,2026-06-03,5,Good guidance from the team
F010046,C06241,2026-05-01,5,Good guidance from the team
F010047,C16469,2026-02-03,3,Expected better results
F010048,C13402,2026-01-09,4,I achieved my goal
F010049,C14078,2025-03-10,5,Very satisfied
F010050,C16683,2025-08-26,5,The coach was helpful
F010051,C00315,2024-10-02,5,Excellent support
F010052,C15857,2025-03-05,3,Could be better
F010053,C04113,2024-12-26,4,The coach was helpful
F010054,C06451,2024-04-12,4,I achieved my goal
F010055,C10080,2025-05-28,2,Need more follow-up
F010056,C00168,2024-11-25,4,I achieved my goal
F010057,C13114,2026-04-05,3,Program was difficult to follow
F010058,C17281,2025-06-09,5,Excellent support
F010059,C18797,2026-08-10,1,I missed some sessions
F010060,C10245,2024-11-26,5,Good experience
F010061,C10030,2024-04-11,5,Very helpful program
F010062,C09010,2026-04-05,1,Could be better
F010063,C01573,2025-01-24,3,Need more follow-up
F010064,C13196,2024-10-01,4,Good guidance from the team
F010065,C18069,2025-09-23,3,Could be better
F010066,C12233,2025-02-03,2,Not fully satisfied
F010067,C01987,2025-03-31,5,The coach was helpful
F010068,C11996,2024-03-30,5,Very helpful program
F010069,C12678,2024-08-07,5,Very satisfied
F010070,C17006,2024-04-25,5,Very helpful program
F010071,C10518,2025-08-18,5,Good experience
F010072,C04697,2025-07-02,5,Excellent support
F010073,C11444,2024-12-06,5,Excellent support
F010074,C01675,2024-12-25,5,Good experience
F010075,C19104,2025-06-21,1,Could be better
F010076,C14473,2025-03-25,4,Excellent support
F010077,C19267,2026-09-06,3,I missed some sessions
F010078,C03316,2024-03-08,5,The coach was helpful
F010079,C14615,2025-03-16,3,Need more follow-up
F010080,C09121,2025-07-29,3,Could be better
F010081,C00392,2024-08-23,3,Could be better
F010082,C14746,2026-05-07,2,Need more follow-up
F010083,C02683,2024-12-07,4,Very satisfied
F010084,C01529,2025-12-17,3,I missed some sessions
F010085,C14018,2026-04-01,5,I achieved my goal
F010086,C00846,2024-05-02,3,I missed some sessions
F010087,C16075,2024-10-29,2,Not fully satisfied
F010088,C03960,2024-10-24,5,Good guidance from the team
F010089,C10885,2025-01-29,3,Program was difficult to follow
F010090,C05489,2025-07-27,5,Very helpful program
F010091,C15290,2024-11-11,4,Very helpful program
F010092,C00796,2024-05-20,3,Not fully satisfied
F010093,C06248,2025-12-17,5,Very helpful program
F010094,C00723,2025-04-11,5,Good guidance from the team
F010095,C03827,2025-12-26,4,Good experience
F010096,C04775,2026-07-15,1,Need more follow-up
F010097,C13521,2025-01-10,4,I achieved my goal
F010098,C16468,2024-06-08,3,Could be better
F010099,C19174,2025-10-25,4,Good experience
F010100,C09636,2025-08-11,5,Excellent support
F010101,C17689,2026-06-01,3,Need more follow-up
F010102,C05037,2024-03-01,4,I achieved my goal
F010103,C09035,2025-02-08,5,Good experience
F010104,C14995,2026-06-17,5,Very satisfied
F010105,C19790,2024-09-21,5,Good experience
F010106,C09306,2025-01-20,4,The coach was helpful
F010107,C02685,2024-12-24,3,Not fully satisfied
F010108,C19362,2024-05-26,4,Very helpful program
F010109,C16410,2024-07-17,3,Need more follow-up
F010110,C11602,2026-04-18,1,Could be better
F010111,C19084,2024-04-27,3,Could be better
F010112,C07341,2024-11-27,3,Not fully satisfied
F010113,C07355,2025-06-12,3,Program was difficult to follow
F010114,C05040,2025-07-10,5,Very helpful program
F010115,C05186,2024-02-26,3,Program was difficult to follow
F010116,C06648,2025-12-01,2,Need more follow-up
F010117,C09788,2026-07-12,5,Good experience
F010118,C14925,2024-07-20,3,Not fully satisfied
F010119,C16766,2024-02-18,4,Very satisfied
F010120,C15597,2025-06-22,2,I missed some sessions
F010121,C07536,2026-01-09,5,The coach was helpful
F010122,C08712,2025-05-28,5,Excellent support
F010123,C05397,2026-01-08,5,Very helpful program
F010124,C15949,2026-03-12,5,Very satisfied
F010125,C14450,2025-05-19,4,Very satisfied
F010126,C15486,2026-02-04,4,Very helpful program
F010127,C04340,2026-01-16,2,Need more follow-up
F010128,C05479,2025-01-14,4,The coach was helpful
F010129,C09995,2025-10-26,4,The coach was helpful
F010130,C14046,2024-09-22,5,Very satisfied
F010131,C16975,2025-11-16,5,Good guidance from the team
F010132,C19483,2024-04-05,5,Excellent support
F010133,C19611,2026-05-24,5,Good guidance from the team
F010134,C14166,2025-07-30,3,Need more follow-up
F010135,C14668,2026-02-05,4,I achieved my goal
F010136,C19378,2024-04-03,2,Program was difficult to follow
F010137,C03933,2025-10-22,5,Very satisfied
F010138,C10329,2025-08-03,5,Good guidance from the team
F010139,C18586,2024-10-16,5,Very satisfied
F010140,C04029,2025-04-12,4,Very satisfied
F010141,C07655,2026-09-30,5,Very satisfied
F010142,C13176,2026-09-24,5,I achieved my goal
F010143,C06917,2024-12-25,3,Not fully satisfied
F010144,C02043,2024-06-28,3,Program was difficult to follow
F010145,C00084,2024-04-15,2,Need more follow-up
F010146,C11785,2024-05-09,3,Expected better results
F010147,C14209,2026-09-01,5,Excellent support
F010148,C05974,2025-02-25,3,Could be better
F010149,C13324,2024-05-28,4,Good experience
F010150,C14754,2024-09-06,5,The coach was helpful
F010151,C03154,2026-08-13,3,I missed some sessions
F010152,C03586,2025-10-07,3,Need more follow-up
F010153,C11647,2026-04-20,4,Excellent support
F010154,C02337,2026-03-07,2,Program was difficult to follow
F010155,C08312,2026-01-30,2,Expected better results
F010156,C14956,2026-01-30,5,Very satisfied
F010157,C07871,2024-04-29,3,Program was difficult to follow
F010158,C06388,2025-11-27,5,Good experience
F010159,C14001,2025-02-16,4,Good guidance from the team
F010160,C03810,2025-12-01,5,Very satisfied
F010161,C06081,2026-02-27,1,I missed some sessions
F010162,C09486,2025-10-09,5,The coach was helpful
F010163,C19443,2026-06-16,4,Very helpful program
F010164,C16597,2025-08-27,3,Not fully satisfied
F010165,C04721,2025-08-08,2,Could be better
F010166,C07657,2025-07-14,4,I achieved my goal
F010167,C14709,2024-10-15,4,Good guidance from the team
F010168,C17238,2024-06-12,2,Could be better
F010169,C02968,2026-10-20,1,Need more follow-up
F010170,C12951,2024-04-20,3,Expected better results
F010171,C10792,2025-03-27,2,I missed some sessions
F010172,C18935,2026-05-14,5,Good experience
F010173,C14349,2024-04-12,1,I missed some sessions
F010174,C14642,2026-02-17,4,Good guidance from the team
F010175,C09581,2025-08-14,3,Expected better results
F010176,C04133,2026-04-13,1,Need more follow-up
F010177,C13202,2025-12-08,3,Program was difficult to follow
F010178,C07904,2026-08-21,4,I achieved my goal
F010179,C19124,2026-02-16,5,Very satisfied
F010180,C12298,2024-05-23,5,I achieved my goal
F010181,C14585,2025-09-17,5,The coach was helpful
F010182,C02114,2026-06-16,4,Good guidance from the team
F010183,C18830,2026-06-14,5,I achieved my goal
F010184,C09734,2024-10-27,5,Very helpful program
F010185,C14702,2026-06-02,4,Excellent support
F010186,C00523,2025-05-21,4,Good guidance from the team
F010187,C15312,2024-09-07,5,Good guidance from the team
F010188,C12821,2025-03-02,4,The coach was helpful
F010189,C16010,2024-04-23,2,I missed some sessions
F010190,C07856,2025-01-02,5,Good guidance from the team
F010191,C08195,2026-06-24,5,Very helpful program
F010192,C05450,2025-12-17,5,Good guidance from the team
F010193,C03056,2024-09-02,5,Good experience
F010194,C13036,2024-10-19,5,Good guidance from the team
F010195,C10658,2026-06-25,5,Good experience
F010196,C19558,2025-06-13,5,Good guidance from the team
F010197,C16172,2025-06-30,1,Need more follow-up
F010198,C06087,2025-12-10,4,The coach was helpful
F010199,C10086,2024-03-18,4,The coach was helpful
F010200,C11713,2024-11-03,5,Very helpful program
F010201,C15082,2024-04-18,1,I missed some sessions
F010202,C07236,2026-06-12,3,Expected better results
F010203,C10246,2027-03-01,4,Very helpful program
F010204,C01717,2025-06-25,5,I achieved my goal
F010205,C05694,2025-04-27,5,I achieved my goal
F010206,C16173,2024-06-15,5,Excellent support
F010207,C17525,2026-07-11,5,Very satisfied
F010208,C16629,2026-04-26,3,Expected better results
F010209,C04143,2025-07-11,2,Expected better results
F010210,C04925,2025-04-15,4,Excellent support
F010211,C19875,2024-07-25,3,Not fully satisfied
F010212,C04881,2026-03-05,4,I achieved my goal
F010213,C10145,2025-03-22,3,Could be better
F010214,C19643,2025-02-20,4,Very satisfied
F010215,C13779,2025-03-18,5,Excellent support
F010216,C11436,2024-12-31,4,The coach was helpful
F010217,C04859,2026-09-26,4,Very helpful program
F010218,C16609,2026-05-10,3,I missed some sessions
F010219,C07379,2025-10-16,4,Very helpful program
F010220,C15995,2024-10-25,3,I missed some sessions
F010221,C03830,2026-04-24,5,Very helpful program
F010222,C08031,2025-07-30,4,Very helpful program
F010223,C14854,2024-08-30,3,Program was difficult to follow
F010224,C15543,2026-06-04,3,Expected better results
F010225,C03109,2025-11-15,4,Very helpful program
F010226,C04941,2026-04-10,3,Program was difficult to follow
F010227,C11777,2024-05-09,5,I achieved my goal
F010228,C01298,2025-12-15,4,Good experience
F010229,C14253,2025-08-25,3,Program was difficult to follow
F010230,C15725,2026-07-07,3,Need more follow-up
F010231,C03814,2025-10-27,4,Good guidance from the team
F010232,C06304,2025-01-05,5,Good experience
F010233,C10347,2025-11-20,5,Good experience
F010234,C05649,2024-12-20,5,Very helpful program
F010235,C19805,2025-12-10,4,The coach was helpful
F010236,C04642,2024-07-23,5,Good experience
F010237,C17726,2024-11-12,4,I achieved my goal
F010238,C00818,2025-04-06,2,I missed some sessions
F010239,C14297,2024-05-09,5,The coach was helpful
F010240,C12836,2025-09-26,5,The coach was helpful
F010241,C07207,2024-10-29,5,Good experience
F010242,C07753,2026-07-07,3,Need more follow-up
F010243,C13822,2024-10-07,4,The coach was helpful
F010244,C14850,2024-04-28,5,Very satisfied
F010245,C07046,2025-12-07,2,Not fully satisfied
F010246,C08477,2024-11-26,3,Could be better
F010247,C10972,2025-03-01,5,Very helpful program
F010248,C19765,2026-05-20,5,Very helpful program
F010249,C15689,2024-10-26,5,The coach was helpful
F010250,C11704,2025-07-13,3,I missed some sessions
F010251,C09538,2025-04-12,3,Need more follow-up
F010252,C18762,2024-12-21,4,The coach was helpful
F010253,C18077,2024-10-23,5,Excellent support
F010254,C10368,2025-01-23,5,I achieved my goal
F010255,C02750,2025-10-25,5,Good guidance from the team
F010256,C11094,2024-10-25,4,Good guidance from the team
F010257,C06960,2026-10-22,5,Very satisfied
F010258,C16292,2024-03-17,4,I achieved my goal
F010259,C00015,2025-12-02,5,The coach was helpful
F010260,C16762,2024-11-27,2,Need more follow-up
F010261,C11392,2026-02-05,4,Very satisfied
F010262,C07888,2025-01-07,3,I missed some sessions
F010263,C15510,2024-09-25,1,Could be better
F010264,C13078,2024-12-05,3,Program was difficult to follow
F010265,C12240,2026-07-04,4,Very helpful program
F010266,C04319,2025-05-03,5,The coach was helpful
F010267,C10121,2024-05-17,5,Very helpful program
F010268,C08074,2025-05-16,5,Excellent support
F010269,C14134,2024-06-29,5,Good experience
F010270,C11062,2025-07-30,5,I achieved my goal
F010271,C12338,2026-06-30,5,The coach was helpful
F010272,C15728,2025-05-18,4,Very helpful program
F010273,C16540,2024-10-07,5,I achieved my goal
F010274,C00071,2025-03-04,5,Good experience
F010275,C19466,2026-07-30,3,I missed some sessions
F010276,C02384,2026-08-17,3,Expected better results
F010277,C19636,2026-03-10,1,Not fully satisfied
F010278,C13991,2025-08-30,3,Need more follow-up
F010279,C14757,2024-06-29,4,Excellent support
F010280,C05919,2025-05-07,5,I achieved my goal
F010281,C17420,2025-09-27,3,Could be better
F010282,C00747,2025-05-18,3,Not fully satisfied
F010283,C07570,2026-03-25,4,I achieved my goal
F010284,C03841,2024-10-15,5,Excellent support
F010285,C11130,2026-08-16,4,Good guidance from the team
F010286,C12880,2025-04-05,3,I missed some sessions
F010287,C06310,2024-12-31,4,Very satisfied
F010288,C05964,2024-05-07,1,Expected better results
F010289,C15212,2025-06-23,3,Expected better results
F010290,C17928,2026-01-03,2,Could be better
F010291,C16608,2025-03-23,3,I missed some sessions
F010292,C01773,2026-07-19,4,Good guidance from the team
F010293,C13611,2026-05-28,2,Could be better
F010294,C16472,2024-08-14,5,Excellent support
F010295,C09693,2025-08-13,5,I achieved my goal
F010296,C11599,2024-10-05,2,Could be better
F010297,C03273,2024-05-23,5,Good experience
F010298,C05573,2026-07-09,2,Need more follow-up
F010299,C02873,2024-07-16,5,Good experience
F010300,C10162,2025-09-19,5,I achieved my goal
F010301,C08587,2026-02-16,3,Expected better results
F010302,C18253,2024-07-03,5,Good experience
F010303,C00160,2026-08-18,3,Program was difficult to follow
F010304,C13201,2024-07-12,3,I missed some sessions
F010305,C12118,2024-03-05,3,Need more follow-up
F010306,C13680,2025-03-08,3,Need more follow-up
F010307,C12641,2025-11-20,2,I missed some sessions
F010308,C17651,2025-03-28,5,Very satisfied
F010309,C16040,2026-05-26,5,Good experience
F010310,C01960,2026-08-23,5,Excellent support
F010311,C15392,2024-06-08,5,The coach was helpful
F010312,C07600,2026-04-26,2,Expected better results
F010313,C14396,2025-04-05,5,Very helpful program
F010314,C07834,2025-07-06,4,Good guidance from the team
F010315,C07976,2026-07-05,1,Expected better results
F010316,C13129,2026-06-20,2,I missed some sessions
F010317,C10011,2026-08-18,4,I achieved my goal
F010318,C15932,2025-05-06,3,Need more follow-up
F010319,C12168,2025-11-01,5,The coach was helpful
F010320,C10506,2026-07-10,5,Very helpful program
F010321,C18885,2024-06-24,5,Very satisfied
F010322,C15574,2026-01-06,5,Very helpful program
F010323,C17923,2025-03-09,4,The coach was helpful
F010324,C10071,2026-01-13,5,Very helpful program
F010325,C09183,2025-12-27,5,The coach was helpful
F010326,C03125,2025-01-27,2,Program was difficult to follow
F010327,C02624,2026-09-17,3,Expected better results
F010328,C17513,2025-02-25,1,Need more follow-up
F010329,C06208,2026-05-22,5,Very helpful program
F010330,C12605,2024-07-04,3,Program was difficult to follow
F010331,C00312,2025-05-30,4,Good guidance from the team
F010332,C17921,2026-04-25,5,Good experience
F010333,C05606,2025-04-29,2,Expected better results
F010334,C18604,2024-09-02,3,Could be better
F010335,C16546,2025-09-02,5,The coach was helpful
F010336,C11479,2025-04-05,4,The coach was helpful
F010337,C15704,2024-08-09,3,Not fully satisfied
F010338,C15693,2024-05-11,2,Expected better results
F010339,C10607,2026-03-23,4,I achieved my goal
F010340,C10854,2026-07-08,2,Need more follow-up
F010341,C08604,2026-08-24,5,Good experience
F010342,C08025,2025-10-04,5,Good experience
F010343,C13111,2024-10-29,4,I achieved my goal
F010344,C18831,2024-12-07,5,Excellent support
F010345,C13188,2025-02-03,5,Excellent support
F010346,C18299,2025-08-13,5,Very helpful program
F010347,C04970,2025-06-09,4,Very helpful program
F010348,C06082,2025-07-12,5,I achieved my goal
F010349,C13264,2026-01-21,3,Program was difficult to follow
F010350,C14928,2024-06-08,5,Excellent support
F010351,C07385,2025-10-31,5,Good experience
F010352,C19149,2024-09-12,4,Good experience
F010353,C13607,2024-12-26,4,I achieved my goal
F010354,C16395,2024-10-08,2,Not fully satisfied
F010355,C06203,2026-04-11,5,Excellent support
F010356,C10623,2025-03-09,1,Need more follow-up
F010357,C17217,2026-10-06,5,Good guidance from the team
F010358,C19492,2025-10-07,5,I achieved my goal
F010359,C15135,2027-02-07,3,Expected better results
F010360,C18929,2025-03-07,5,Very helpful program
F010361,C04605,2025-01-09,4,Good experience
F010362,C12502,2025-11-21,4,The coach was helpful
F010363,C13124,2024-07-12,5,I achieved my goal
F010364,C13099,2024-11-04,5,The coach was helpful
F010365,C01198,2026-02-04,4,I achieved my goal
F010366,C04364,2026-02-13,5,Very helpful program
F010367,C15292,2025-04-16,1,Need more follow-up
F010368,C02253,2024-10-05,3,Could be better
F010369,C18626,2025-03-24,5,Very helpful program
F010370,C07118,2024-05-25,2,I missed some sessions
F010371,C06422,2024-10-21,4,The coach was helpful
F010372,C12744,2026-09-27,3,Not fully satisfied
F010373,C05461,2024-04-11,1,Need more follow-up
F010374,C10545,2025-09-12,4,Very helpful program
F010375,C10591,2025-09-24,4,Good experience
F010376,C03099,2025-10-03,5,I achieved my goal
F010377,C18786,2025-05-24,5,Very helpful program
F010378,C14274,2026-05-13,1,Expected better results
F010379,C12640,2026-08-26,3,Need more follow-up
F010380,C06835,2026-04-01,5,Good experience
F010381,C12699,2025-05-16,5,I achieved my goal
F010382,C14818,2025-09-28,4,Very helpful program
F010383,C04987,2024-07-07,3,Could be better
F010384,C02308,2024-08-23,5,Excellent support
F010385,C08381,2025-07-02,5,Good experience
F010386,C03615,2025-02-08,5,Very helpful program
F010387,C14321,2025-12-02,2,Program was difficult to follow
F010388,C11349,2026-02-21,2,Need more follow-up
F010389,C17377,2025-05-11,4,Very satisfied
F010390,C08442,2024-11-10,5,Very satisfied
F010391,C08522,2026-04-23,3,Not fully satisfied
F010392,C01804,2026-01-26,4,Very helpful program
F010393,C13697,2026-08-08,3,Need more follow-up
F010394,C02503,2024-05-22,3,Program was difficult to follow
F010395,C09137,2026-11-08,1,I missed some sessions
F010396,C18990,2025-06-08,3,Could be better
F010397,C19417,2024-12-11,3,Could be better
F010398,C00620,2024-03-31,2,Need more follow-up
F010399,C10144,2024-02-21,5,Excellent support
F010400,C01992,2025-11-08,4,Good experience
F010401,C16637,2026-02-17,3,Expected better results
F010402,C06898,2025-10-04,4,The coach was helpful
F010403,C08878,2024-12-03,4,Excellent support
F010404,C13050,2026-04-27,4,Very satisfied
F010405,C16510,2024-11-13,5,Very satisfied
F010406,C05849,2025-06-01,4,The coach was helpful
F010407,C01268,2024-05-07,3,Need more follow-up
F010408,C03108,2026-03-17,5,The coach was helpful
F010409,C10500,2025-12-13,5,Good guidance from the team
F010410,C18651,2026-07-18,3,Program was difficult to follow
F010411,C19473,2024-04-21,5,Good guidance from the team
F010412,C06309,2025-03-01,5,Good experience
F010413,C07705,2025-06-12,3,Need more follow-up
F010414,C04170,2024-04-04,5,Good experience
F010415,C01683,2024-03-25,4,Very satisfied
F010416,C10765,2025-07-08,4,Good guidance from the team
F010417,C02225,2026-08-14,3,Expected better results
F010418,C02759,2024-11-12,5,Very helpful program
F010419,C10486,2024-09-10,5,I achieved my goal
F010420,C14873,2025-07-28,5,Good guidance from the team
F010421,C09120,2025-11-06,2,Could be better
F010422,C08102,2025-04-19,3,Need more follow-up
F010423,C06934,2026-05-20,5,Very satisfied
F010424,C00398,2026-08-28,4,Good guidance from the team
F010425,C17742,2024-11-13,4,Very helpful program
F010426,C14994,2024-02-27,5,Very satisfied
F010427,C03546,2024-07-01,2,I missed some sessions
F010428,C14275,2025-05-20,4,The coach was helpful
F010429,C02502,2024-07-22,2,Expected better results
F010430,C13377,2026-02-24,3,Program was difficult to follow
F010431,C06880,2025-01-24,5,Good experience
F010432,C13682,2026-07-10,5,Good guidance from the team
F010433,C18395,2024-08-30,3,I missed some sessions
F010434,C04441,2025-12-22,5,Very satisfied
F010435,C06184,2025-03-11,4,Good experience
F010436,C07683,2026-04-09,1,Not fully satisfied
F010437,C16713,2025-01-21,5,Very helpful program
F010438,C11912,2026-06-17,5,The coach was helpful
F010439,C05326,2024-12-07,5,Very satisfied
F010440,C06116,2024-12-06,3,Need more follow-up
F010441,C14940,2025-10-26,4,The coach was helpful
F010442,C08034,2024-08-30,4,Good experience
F010443,C16790,2026-07-21,5,Good guidance from the team
F010444,C14388,2026-03-06,2,I missed some sessions
F010445,C03523,2026-04-26,4,Good experience
F010446,C00625,2024-04-02,1,Program was difficult to follow
F010447,C14329,2025-03-09,2,Expected better results
F010448,C18602,2026-04-19,4,Excellent support
F010449,C08842,2026-04-12,3,Could be better
F010450,C16456,2025-02-16,2,Expected better results
F010451,C10017,2024-09-08,4,Very satisfied
F010452,C11604,2025-03-15,4,Excellent support
F010453,C05182,2025-08-03,3,Could be better
F010454,C03743,2025-04-02,5,Good guidance from the team
F010455,C02901,2026-06-28,3,Could be better
F010456,C14535,2026-05-30,4,Very helpful program
F010457,C02927,2024-05-12,4,The coach was helpful
F010458,C09856,2026-04-03,4,Good experience
F010459,C00664,2025-04-09,3,Could be better
F010460,C16413,2025-06-17,4,Very helpful program
F010461,C12323,2024-05-26,5,The coach was helpful
F010462,C00878,2026-08-10,3,Need more follow-up
F010463,C13381,2025-01-08,3,Could be better
F010464,C12905,2024-03-22,4,Very helpful program
F010465,C03474,2026-06-17,3,Expected better results
F010466,C02499,2025-02-14,5,Good guidance from the team
F010467,C17141,2025-11-09,5,I achieved my goal
F010468,C00945,2026-02-06,4,The coach was helpful
F010469,C11531,2025-06-18,4,Excellent support
F010470,C17146,2026-01-21,4,Good guidance from the team
F010471,C18473,2026-06-02,5,Excellent support
F010472,C08846,2025-02-17,4,Good guidance from the team
F010473,C04184,2024-10-09,2,I missed some sessions
F010474,C00604,2026-06-10,4,Good guidance from the team
F010475,C05196,2024-10-12,5,Very satisfied
F010476,C06269,2024-05-18,5,Good experience
F010477,C00092,2026-07-21,5,Good experience
F010478,C04818,2025-07-05,5,Very helpful program
F010479,C19944,2026-07-05,3,Not fully satisfied
F010480,C01615,2025-07-31,5,Good experience
F010481,C11369,2025-01-23,4,Good guidance from the team
F010482,C08407,2026-12-02,5,Good guidance from the team
F010483,C10794,2026-02-04,4,Very helpful program
F010484,C04759,2024-05-05,5,Excellent support
F010485,C08454,2027-04-09,4,Excellent support
F010486,C14072,2024-10-22,4,Very helpful program
F010487,C09315,2026-07-02,4,Very helpful program
F010488,C14699,2025-04-16,5,Very satisfied
F010489,C07480,2025-06-11,4,The coach was helpful
F010490,C00068,2025-01-23,2,Program was difficult to follow
F010491,C10346,2024-07-02,5,Good experience
F010492,C16809,2025-03-03,4,Good guidance from the team
F010493,C16505,2024-11-25,3,Expected better results
F010494,C07747,2026-06-11,3,Need more follow-up
F010495,C12415,2026-01-12,4,Very helpful program
F010496,C02513,2024-06-15,3,Could be better
F010497,C11488,2026-02-16,5,Very satisfied
F010498,C14085,2025-10-18,4,The coach was helpful
F010499,C13690,2025-11-29,5,I achieved my goal
F010500,C05788,2025-06-14,5,Very helpful program
F010501,C00147,2025-08-21,4,Excellent support
F010502,C14470,2025-02-18,4,Very satisfied
F010503,C07497,2026-12-18,5,The coach was helpful
F010504,C18527,2024-05-22,1,Could be better
F010505,C09224,2024-02-29,5,I achieved my goal
F010506,C18577,2025-10-28,4,The coach was helpful
F010507,C00466,2025-02-05,4,Excellent support
F010508,C17583,2024-03-17,5,Very satisfied
F010509,C00370,2026-02-03,4,Excellent support
F010510,C04932,2026-03-15,5,Good guidance from the team
F010511,C04998,2026-08-25,5,I achieved my goal
F010512,C15309,2025-07-23,5,I achieved my goal
F010513,C11376,2025-01-21,3,I missed some sessions
F010514,C17092,2025-09-27,1,Could be better
F010515,C04118,2026-01-27,4,Very satisfied
F010516,C03419,2026-06-25,4,Very satisfied
F010517,C14432,2024-10-27,4,The coach was helpful
F010518,C08308,2024-10-23,5,I achieved my goal
F010519,C17819,2025-08-18,5,Very helpful program
F010520,C02829,2024-07-11,5,Good guidance from the team
F010521,C02289,2026-03-04,5,Very helpful program
F010522,C05447,2025-06-09,4,Very helpful program
F010523,C12563,2025-07-21,5,Good guidance from the team
F010524,C16380,2024-07-03,5,Good guidance from the team
F010525,C15774,2026-03-15,2,Program was difficult to follow
F010526,C18614,2026-06-28,3,Need more follow-up
F010527,C04318,2025-06-09,3,I missed some sessions
F010528,C10051,2026-03-31,5,Good experience
F010529,C17694,2024-07-16,5,I achieved my goal
F010530,C13186,2025-08-16,2,Not fully satisfied
F010531,C08171,2024-08-23,5,Good guidance from the team
F010532,C13983,2026-03-25,5,I achieved my goal
F010533,C08819,2025-09-20,5,The coach was helpful
F010534,C16825,2025-06-26,2,Need more follow-up
F010535,C19903,2026-08-03,4,Excellent support
F010536,C19060,2024-03-07,4,I achieved my goal
F010537,C12567,2025-08-26,4,Excellent support
F010538,C11050,2026-06-29,4,Very helpful program
F010539,C11338,2025-08-04,5,I achieved my goal
F010540,C03541,2025-04-16,1,Could be better
F010541,C08427,2025-11-01,2,Expected better results
F010542,C06786,2026-01-14,4,Good guidance from the team
F010543,C17776,2026-01-21,4,Excellent support
F010544,C14918,2026-07-28,4,Good guidance from the team
F010545,C08307,2026-05-07,4,Very helpful program
F010546,C10155,2026-08-01,5,Excellent support
F010547,C17926,2025-06-14,5,Good experience
F010548,C09303,2024-07-13,4,I achieved my goal
F010549,C09735,2025-01-19,2,Could be better
F010550,C10123,2024-11-23,4,Very satisfied
F010551,C09953,2025-06-13,3,Not fully satisfied
F010552,C08520,2026-07-27,4,Good guidance from the team
F010553,C17293,2026-01-11,1,Expected better results
F010554,C10289,2024-12-08,4,I achieved my goal
F010555,C14259,2025-04-17,4,Good experience
F010556,C14690,2025-03-13,4,Very helpful program
F010557,C06790,2024-06-01,3,Not fully satisfied
F010558,C03805,2026-09-05,5,Good guidance from the team
F010559,C02498,2025-06-27,5,Excellent support
F010560,C07804,2024-05-20,1,I missed some sessions
F010561,C17468,2026-01-26,5,Excellent support
F010562,C13456,2026-04-26,4,Very satisfied
F010563,C18064,2026-03-28,5,Good experience
F010564,C15434,2024-10-24,4,Good guidance from the team
F010565,C13933,2025-04-29,5,Very helpful program
F010566,C12795,2024-10-29,3,Need more follow-up
F010567,C06075,2025-08-25,4,Very helpful program
F010568,C19945,2025-12-18,3,Need more follow-up
F010569,C12710,2024-09-26,3,I missed some sessions
F010570,C09955,2026-09-24,3,Expected better results
F010571,C13742,2024-02-22,4,Good guidance from the team
F010572,C10438,2026-05-01,3,Need more follow-up
F010573,C01432,2026-01-16,4,The coach was helpful
F010574,C19397,2026-04-29,5,I achieved my goal
F010575,C13879,2026-01-16,4,Good experience
F010576,C05814,2026-08-30,5,Excellent support
F010577,C07514,2025-04-16,2,Program was difficult to follow
F010578,C11240,2024-11-13,1,Not fully satisfied
F010579,C06633,2026-03-27,4,Good experience
F010580,C11202,2024-08-29,1,Could be better
F010581,C04222,2025-11-18,2,Expected better results
F010582,C10206,2024-08-11,5,I achieved my goal
F010583,C09952,2025-06-13,3,I missed some sessions
F010584,C02255,2024-08-11,4,Very satisfied
F010585,C14892,2025-07-07,3,I missed some sessions
F010586,C19434,2026-03-04,5,Good guidance from the team
F010587,C19645,2025-06-26,5,Excellent support
F010588,C12326,2025-09-03,3,I missed some sessions
F010589,C09453,2026-06-08,3,Not fully satisfied
F010590,C00173,2026-02-20,3,Not fully satisfied
F010591,C15426,2025-07-21,4,Very satisfied
F010592,C15868,2025-04-23,5,Very helpful program
F010593,C01871,2025-01-29,3,I missed some sessions
F010594,C04185,2025-12-02,4,The coach was helpful
F010595,C19690,2025-08-21,5,The coach was helpful
F010596,C07980,2025-01-06,2,I missed some sessions
F010597,C12092,2024-06-18,5,I achieved my goal
F010598,C03902,2025-11-11,5,Good guidance from the team
F010599,C05593,2025-04-03,5,The coach was helpful
F010600,C11905,2026-04-03,4,The coach was helpful
F010601,C13312,2025-10-04,5,Good guidance from the team
F010602,C13793,2026-02-16,3,Need more follow-up
F010603,C04511,2025-08-12,4,Good guidance from the team
F010604,C04455,2025-12-30,3,Need more follow-up
F010605,C11662,2024-06-17,5,Very satisfied
F010606,C14772,2025-11-30,2,Program was difficult to follow
F010607,C06619,2024-03-12,4,Excellent support
F010608,C02781,2025-09-09,4,I achieved my goal
F010609,C10353,2024-12-28,4,Very satisfied
F010610,C13171,2026-04-01,3,I missed some sessions
F010611,C19165,2025-10-06,5,Very satisfied
F010612,C05448,2026-07-26,4,Very satisfied
F010613,C02541,2026-02-27,4,Good guidance from the team
F010614,C16048,2026-03-30,4,Good experience
F010615,C16401,2024-10-13,3,Need more follow-up
F010616,C19863,2026-06-30,4,Excellent support
F010617,C02468,2025-08-17,4,Good guidance from the team
F010618,C07516,2025-12-04,5,Very satisfied
F010619,C06677,2026-05-14,2,Need more follow-up
F010620,C13227,2026-07-10,5,Very satisfied
F010621,C15822,2025-06-21,3,Expected better results
F010622,C14082,2025-01-31,5,Very satisfied
F010623,C08175,2025-12-04,5,Excellent support
F010624,C15437,2026-06-26,4,Very satisfied
F010625,C13581,2026-03-31,2,Program was difficult to follow
F010626,C15428,2025-11-11,3,I missed some sessions
F010627,C17634,2025-08-15,2,Could be better
F010628,C05945,2026-07-02,2,Not fully satisfied
F010629,C08040,2025-06-07,1,Program was difficult to follow
F010630,C17176,2024-08-21,4,The coach was helpful
F010631,C19598,2025-10-31,1,Need more follow-up
F010632,C01739,2024-09-27,5,Excellent support
F010633,C12976,2024-07-12,3,I missed some sessions
F010634,C15508,2025-07-17,5,Good experience
F010635,C19146,2025-11-22,4,I achieved my goal
F010636,C18286,2024-12-29,4,Good guidance from the team
F010637,C16116,2026-04-14,4,Very satisfied
F010638,C02819,2024-03-19,4,Very satisfied
F010639,C09923,2025-05-18,1,Program was difficult to follow
F010640,C13150,2025-08-12,3,I missed some sessions
F010641,C14092,2025-01-14,5,Excellent support
F010642,C15450,2024-05-14,2,Expected better results
F010643,C02889,2025-12-06,4,Excellent support
F010644,C00237,2026-06-27,5,Very helpful program
F010645,C13548,2025-12-11,5,The coach was helpful
F010646,C04167,2025-01-18,4,Excellent support
F010647,C09113,2026-06-03,2,Need more follow-up
F010648,C08363,2024-06-06,5,The coach was helpful
F010649,C10757,2025-08-20,3,Could be better
F010650,C09442,2024-11-27,3,Not fully satisfied
F010651,C02118,2025-07-03,3,Program was difficult to follow
F010652,C19336,2025-12-04,2,Need more follow-up
F010653,C06680,2026-07-19,4,Good experience
F010654,C15342,2025-09-14,3,Not fully satisfied
F010655,C10074,2025-01-12,4,Very satisfied
F010656,C01222,2026-01-14,5,Excellent support
F010657,C16462,2025-10-24,3,Need more follow-up
F010658,C09270,2026-04-27,2,Could be better
F010659,C09313,2025-07-09,4,I achieved my goal
F010660,C13327,2025-08-30,5,Very satisfied
F010661,C05073,2024-05-21,5,I achieved my goal
F010662,C09143,2025-07-05,5,I achieved my goal
F010663,C07020,2025-09-14,4,Good experience
F010664,C14649,2026-02-18,5,I achieved my goal
F010665,C15421,2024-04-21,4,The coach was helpful
F010666,C11123,2024-11-25,4,I achieved my goal
F010667,C02346,2026-08-16,4,Good experience
F010668,C11832,2024-12-22,3,Expected better results
F010669,C14556,2026-05-21,2,Not fully satisfied
F010670,C18839,2024-05-26,5,Good experience
F010671,C15542,2026-08-14,4,Excellent support
F010672,C15939,2025-03-30,4,Very satisfied
F010673,C18359,2025-04-12,3,Expected better results
F010674,C04012,2026-07-08,2,Program was difficult to follow
F010675,C07315,2025-04-21,2,Need more follow-up
F010676,C02228,2024-10-20,4,Very satisfied
F010677,C18653,2024-07-17,4,Very helpful program
F010678,C11564,2025-06-08,4,Good experience
F010679,C10527,2025-11-25,3,Need more follow-up
F010680,C13825,2024-10-17,5,The coach was helpful
F010681,C19639,2024-11-04,3,I missed some sessions
F010682,C18109,2025-06-01,3,Not fully satisfied
F010683,C13252,2025-12-27,5,The coach was helpful
F010684,C09557,2024-12-24,4,Excellent support
F010685,C06777,2025-03-19,4,Excellent support
F010686,C13429,2025-09-08,5,Very satisfied
F010687,C02063,2024-05-24,3,Not fully satisfied
F010688,C09236,2026-04-07,4,Good experience
F010689,C03023,2025-02-09,5,Very helpful program
F010690,C19244,2024-05-03,5,Excellent support
F010691,C09660,2026-04-20,4,Excellent support
F010692,C09230,2025-09-23,5,Good guidance from the team
F010693,C12190,2026-02-23,4,Excellent support
F010694,C07951,2025-10-26,5,I achieved my goal
F010695,C03786,2025-10-29,5,The coach was helpful
F010696,C16144,2025-07-04,3,Could be better
F010697,C13848,2024-11-21,2,Program was difficult to follow
F010698,C08513,2025-01-28,4,The coach was helpful
F010699,C08850,2026-07-13,2,Program was difficult to follow
F010700,C19441,2025-01-04,3,Could be better
F010701,C11901,2027-03-04,5,Excellent support
F010702,C01602,2026-01-30,2,I missed some sessions
F010703,C14989,2025-04-22,4,Very helpful program
F010704,C01087,2026-02-20,2,Not fully satisfied
F010705,C03956,2025-08-25,5,Excellent support
F010706,C14578,2025-05-11,5,The coach was helpful
F010707,C04906,2025-07-29,4,The coach was helpful
F010708,C00252,2024-12-07,2,Not fully satisfied
F010709,C07053,2025-04-21,3,Need more follow-up
F010710,C17892,2025-03-21,3,Need more follow-up
F010711,C15788,2024-04-12,3,Program was difficult to follow
F010712,C16965,2024-09-02,5,Excellent support
F010713,C17237,2026-01-11,3,Need more follow-up
F010714,C07148,2024-10-18,4,I achieved my goal
F010715,C18670,2025-01-27,3,Could be better
F010716,C18955,2025-11-16,5,Very satisfied
F010717,C06760,2024-09-03,3,Expected better results
F010718,C13800,2024-06-13,5,Excellent support
F010719,C02948,2026-06-29,3,Could be better
F010720,C19509,2026-02-21,3,I missed some sessions
F010721,C17828,2024-11-30,5,Excellent support
F010722,C01466,2024-04-30,3,Expected better results
F010723,C09174,2026-01-11,5,Good experience
F010724,C11311,2025-10-25,5,Excellent support
F010725,C08585,2026-02-19,3,Need more follow-up
F010726,C07407,2025-02-14,4,Good guidance from the team
F010727,C01346,2026-05-20,3,I missed some sessions
F010728,C13168,2026-03-20,2,Not fully satisfied
F010729,C11387,2026-07-22,3,Could be better
F010730,C02744,2025-06-01,4,Excellent support
F010731,C00334,2024-11-04,3,Expected better results
F010732,C13867,2025-12-20,4,Good guidance from the team
F010733,C03856,2026-06-22,4,Good guidance from the team
F010734,C04247,2024-03-15,4,Good experience
F010735,C16623,2025-11-23,2,Not fully satisfied
F010736,C05129,2026-06-26,4,Good guidance from the team
F010737,C10877,2025-02-05,3,Not fully satisfied
F010738,C13199,2025-05-08,4,Good experience
F010739,C09775,2026-07-26,1,Not fully satisfied
F010740,C02292,2025-05-15,3,Need more follow-up
F010741,C09673,2025-12-12,1,I missed some sessions
F010742,C10721,2026-06-26,1,Expected better results
F010743,C12057,2024-10-29,3,Not fully satisfied
F010744,C11256,2024-07-19,3,Could be better
F010745,C15336,2025-08-26,5,Very satisfied
F010746,C09151,2025-04-06,3,Expected better results
F010747,C15281,2025-08-16,3,Could be better
F010748,C09968,2025-06-09,5,Very helpful program
F010749,C04919,2025-11-23,5,Good experience
F010750,C09472,2026-06-17,5,Very helpful program
F010751,C02310,2025-11-10,4,Good experience
F010752,C08398,2024-07-24,4,I achieved my goal
F010753,C13500,2026-06-18,5,Excellent support
F010754,C11676,2024-04-04,4,Good guidance from the team
F010755,C10773,2025-03-30,5,The coach was helpful
F010756,C03812,2026-04-08,5,I achieved my goal
F010757,C06067,2026-06-27,5,The coach was helpful
F010758,C14590,2025-11-01,5,Good experience
F010759,C03663,2024-12-19,2,Program was difficult to follow
F010760,C13729,2025-04-11,4,Very satisfied
F010761,C04063,2024-08-04,4,Excellent support
F010762,C06061,2026-02-22,4,Excellent support
F010763,C10226,2026-09-12,4,Very satisfied
F010764,C03533,2025-09-07,3,Expected better results
F010765,C18263,2026-04-19,5,I achieved my goal
F010766,C04056,2024-10-06,5,Good experience
F010767,C17259,2026-01-20,4,Very satisfied
F010768,C18866,2026-04-21,1,Expected better results
F010769,C18589,2025-01-28,3,Could be better
F010770,C05580,2026-06-30,4,Good experience
F010771,C03312,2025-11-19,2,I missed some sessions
F010772,C11644,2026-05-04,5,Excellent support
F010773,C07895,2026-03-24,3,Expected better results
F010774,C04672,2027-01-14,2,Program was difficult to follow
F010775,C18475,2024-07-23,3,Program was difficult to follow
F010776,C14647,2024-07-23,1,Not fully satisfied
F010777,C13161,2024-11-03,4,Good guidance from the team
F010778,C00615,2026-06-12,5,Good experience
F010779,C05733,2024-04-20,2,I missed some sessions
F010780,C12668,2026-12-09,4,Very satisfied
F010781,C18524,2026-06-27,4,I achieved my goal
F010782,C17845,2025-06-13,5,I achieved my goal
F010783,C05570,2026-02-13,4,Good experience
F010784,C13022,2024-08-15,5,Good experience
F010785,C12680,2025-12-27,2,Could be better
F010786,C17184,2025-07-12,5,Excellent support
F010787,C18603,2024-08-25,5,Good guidance from the team
F010788,C12125,2024-12-20,3,I missed some sessions
F010789,C14618,2024-07-18,4,The coach was helpful
F010790,C07806,2025-03-04,5,Good experience
F010791,C04830,2024-07-03,5,I achieved my goal
F010792,C05474,2025-06-07,4,Good guidance from the team
F010793,C17345,2025-07-30,5,Very helpful program
F010794,C16103,2024-09-12,3,Not fully satisfied
F010795,C19459,2025-09-08,3,Not fully satisfied
F010796,C15838,2025-10-27,3,Could be better
F010797,C01220,2025-09-13,4,I achieved my goal
F010798,C02796,2025-02-05,4,Good guidance from the team
F010799,C08692,2025-02-19,4,Excellent support
F010800,C16432,2024-07-14,4,Good experience
F010801,C03352,2024-09-13,4,Excellent support
F010802,C14900,2025-03-09,5,I achieved my goal
F010803,C16696,2024-12-15,2,Expected better results
F010804,C18899,2024-07-26,5,Good guidance from the team
F010805,C07402,2025-05-12,4,Good guidance from the team
F010806,C04564,2026-01-05,3,Expected better results
F010807,C02915,2025-07-12,4,Good experience
F010808,C11028,2025-03-13,4,I achieved my goal
F010809,C11236,2026-05-15,5,I achieved my goal
F010810,C09384,2026-02-20,2,Expected better results
F010811,C00256,2024-05-28,5,I achieved my goal
F010812,C11881,2024-06-08,3,I missed some sessions
F010813,C05968,2025-08-20,1,Expected better results
F010814,C08659,2026-08-20,2,Expected better results
F010815,C00958,2024-11-21,3,Need more follow-up
F010816,C16071,2024-08-15,3,I missed some sessions
F010817,C08782,2026-03-06,3,Need more follow-up
F010818,C06999,2025-09-02,4,Very helpful program
F010819,C09423,2025-04-11,3,Could be better
F010820,C11529,2025-03-02,5,Very helpful program
F010821,C18598,2026-08-05,3,I missed some sessions
F010822,C11138,2024-08-11,4,Very satisfied
F010823,C07534,2025-05-21,5,Good guidance from the team
F010824,C17299,2024-09-05,4,I achieved my goal
F010825,C18716,2024-03-24,4,I achieved my goal
F010826,C10432,2024-06-13,5,Good guidance from the team
F010827,C01363,2026-07-24,1,Could be better
F010828,C09128,2025-10-03,4,Good experience
F010829,C07548,2025-12-11,3,Need more follow-up
F010830,C01478,2025-09-29,4,Very helpful program
F010831,C12303,2026-04-06,4,Very satisfied
F010832,C06823,2026-02-12,4,The coach was helpful
F010833,C07257,2024-06-26,4,Very satisfied
F010834,C11535,2026-01-20,3,Need more follow-up
F010835,C08037,2025-01-21,4,Very helpful program
F010836,C12414,2026-03-08,3,Could be better
F010837,C03934,2025-10-23,3,I missed some sessions
F010838,C14272,2026-03-01,5,Good guidance from the team
F010839,C12868,2024-11-12,5,Very helpful program
F010840,C02836,2025-11-01,3,Expected better results
F010841,C06598,2024-08-20,4,I achieved my goal
F010842,C19792,2024-04-23,5,The coach was helpful
F010843,C09302,2025-01-20,2,I missed some sessions
F010844,C17144,2026-06-10,5,Good experience
F010845,C12337,2026-02-08,4,Excellent support
F010846,C13444,2024-03-26,5,Very satisfied
F010847,C18600,2025-05-11,4,The coach was helpful
F010848,C16145,2026-11-03,5,I achieved my goal
F010849,C19118,2024-04-24,5,Good guidance from the team
F010850,C18568,2025-04-17,3,Could be better
F010851,C09762,2025-08-03,3,Program was difficult to follow
F010852,C01280,2026-04-03,1,Need more follow-up
F010853,C10959,2026-01-29,3,Need more follow-up
F010854,C06307,2025-03-04,3,Need more follow-up
F010855,C07872,2024-07-20,4,Good experience
F010856,C04577,2026-05-14,3,Not fully satisfied
F010857,C08060,2024-07-28,4,Very helpful program
F010858,C18892,2026-08-24,3,Not fully satisfied
F010859,C10073,2026-07-17,4,Good experience
F010860,C14774,2025-08-20,3,Expected better results
F010861,C09074,2024-05-26,5,Excellent support
F010862,C08647,2025-05-26,3,I missed some sessions
F010863,C04366,2025-05-30,3,Expected better results
F010864,C15344,2025-05-12,5,I achieved my goal
F010865,C07296,2024-06-05,5,I achieved my goal
F010866,C17182,2025-12-26,3,Need more follow-up
F010867,C03721,2025-11-26,5,The coach was helpful
F010868,C06983,2024-09-11,2,Need more follow-up
F010869,C05496,2026-06-16,3,Could be better
F010870,C16580,2025-10-29,4,Very satisfied
F010871,C12043,2026-06-23,4,I achieved my goal
F010872,C06331,2024-08-22,5,Very satisfied
F010873,C06844,2026-09-19,5,The coach was helpful
F010874,C17876,2026-06-25,5,I achieved my goal
F010875,C16832,2024-05-23,4,Very satisfied
F010876,C01499,2025-01-31,3,Not fully satisfied
F010877,C12610,2026-02-20,5,The coach was helpful
F010878,C07105,2026-06-09,4,Very satisfied
F010879,C16437,2026-04-01,4,Good experience
F010880,C11942,2026-02-04,2,Program was difficult to follow
F010881,C02516,2025-12-29,1,Need more follow-up
F010882,C18305,2025-06-02,2,Program was difficult to follow
F010883,C04812,2025-10-23,2,Program was difficult to follow
F010884,C09792,2026-02-16,5,I achieved my goal
F010885,C18953,2025-10-31,4,Excellent support
F010886,C18288,2025-07-16,1,Expected better results
F010887,C02274,2024-12-25,2,Not fully satisfied
F010888,C12023,2025-05-22,5,Good experience
F010889,C02571,2026-06-01,5,Very helpful program
F010890,C15600,2025-03-08,4,Good experience
F010891,C10280,2026-03-01,5,Very satisfied
F010892,C03924,2025-12-10,3,Could be better
F010893,C01154,2025-12-02,3,I missed some sessions
F010894,C08117,2024-03-03,5,Very satisfied
F010895,C17967,2024-07-10,4,Excellent support
F010896,C07152,2025-12-20,2,Expected better results
F010897,C18298,2025-10-05,4,Very satisfied
F010898,C13414,2025-10-15,4,Very satisfied
F010899,C17779,2025-01-28,3,Expected better results
F010900,C19147,2024-04-10,5,Very helpful program
F010901,C05494,2025-08-23,5,Very helpful program
F010902,C16942,2025-12-18,3,I missed some sessions
F010903,C03248,2024-12-06,3,Program was difficult to follow
F010904,C18157,2025-09-01,5,I achieved my goal
F010905,C11658,2025-07-06,3,I missed some sessions
F010906,C01156,2026-07-09,3,Could be better
F010907,C10033,2025-07-24,3,Not fully satisfied
F010908,C17197,2026-01-02,5,Very satisfied
F010909,C12505,2025-07-27,4,Very helpful program
F010910,C19237,2026-10-17,3,I missed some sessions
F010911,C02165,2025-07-14,3,Program was difficult to follow
F010912,C18688,2024-06-30,5,Very helpful program
F010913,C17863,2025-03-12,5,Excellent support
F010914,C07567,2025-02-24,5,The coach was helpful
F010915,C18528,2024-12-31,4,The coach was helpful
F010916,C08341,2025-11-04,5,I achieved my goal
F010917,C15279,2025-08-15,2,Not fully satisfied
F010918,C05470,2025-11-30,4,Very satisfied
F010919,C04731,2024-10-12,5,Good experience
F010920,C17499,2026-06-25,5,Very satisfied
F010921,C12947,2026-03-15,5,Excellent support
F010922,C00844,2024-06-12,5,Very helpful program
F010923,C08283,2026-08-19,4,Very satisfied
F010924,C01667,2026-03-21,5,Very satisfied
F010925,C16900,2024-08-08,5,Very helpful program
F010926,C09468,2025-06-19,3,Could be better
F010927,C04466,2026-06-25,3,Need more follow-up
F010928,C13773,2026-02-27,5,Good experience
F010929,C12494,2024-10-16,4,Very satisfied
F010930,C10933,2024-05-23,4,Good experience
F010931,C01371,2024-04-08,4,Good guidance from the team
F010932,C00850,2025-10-14,5,Good guidance from the team
F010933,C09080,2024-09-30,5,Very helpful program
F010934,C13295,2024-05-10,4,Very helpful program
F010935,C00406,2024-11-02,2,Could be better
F010936,C04802,2026-05-07,5,The coach was helpful
F010937,C13923,2024-03-27,2,Not fully satisfied
F010938,C07621,2026-10-15,5,Good experience
F010939,C19610,2025-11-09,3,Expected better results
F010940,C13033,2024-04-05,4,Very satisfied
F010941,C12756,2026-04-12,4,I achieved my goal
F010942,C03666,2026-10-31,4,Good guidance from the team
F010943,C18141,2026-02-18,3,Expected better results
F010944,C16726,2026-03-16,4,Good guidance from the team
F010945,C10390,2024-11-03,1,Program was difficult to follow
F010946,C09763,2024-06-02,5,Good guidance from the team
F010947,C15710,2024-08-24,5,Good guidance from the team
F010948,C05500,2025-10-31,3,Program was difficult to follow
F010949,C07809,2025-04-03,5,Good experience
F010950,C00987,2025-03-11,5,I achieved my goal
F010951,C08124,2026-10-06,3,Expected better results
F010952,C00884,2025-07-05,5,Good guidance from the team
F010953,C19199,2025-09-07,4,Good guidance from the team
F010954,C03708,2025-07-24,5,The coach was helpful
F010955,C17724,2025-05-06,1,Not fully satisfied
F010956,C02610,2024-11-15,5,Good guidance from the team
F010957,C13645,2025-08-01,1,Expected better results
F010958,C08339,2026-10-07,3,Need more follow-up
F010959,C12463,2026-03-15,5,Good experience
F010960,C07966,2024-03-01,5,I achieved my goal
F010961,C19620,2025-10-01,3,Expected better results
F010962,C14390,2026-02-24,4,Excellent support
F010963,C05952,2025-10-28,5,Very helpful program
F010964,C17957,2026-08-26,2,Could be better
F010965,C13116,2025-07-18,3,Not fully satisfied
F010966,C08964,2026-01-18,5,The coach was helpful
F010967,C16658,2024-09-13,4,Good guidance from the team
F010968,C11997,2024-12-30,4,The coach was helpful
F010969,C05527,2024-08-07,1,Need more follow-up
F010970,C15159,2025-03-10,5,Good experience
F010971,C13601,2024-04-04,5,Excellent support
F010972,C15503,2025-09-27,4,Excellent support
F010973,C15172,2026-03-01,4,I achieved my goal
F010974,C06797,2025-07-13,5,The coach was helpful
F010975,C00066,2024-06-12,2,Program was difficult to follow
F010976,C07662,2026-04-06,5,I achieved my goal
F010977,C10611,2024-09-16,5,Good guidance from the team
F010978,C03736,2024-12-18,3,Expected better results
F010979,C11410,2026-04-14,4,Excellent support
F010980,C03723,2026-05-24,3,I missed some sessions
F010981,C04483,2026-04-11,5,Good experience
F010982,C13633,2025-06-28,5,Good experience
F010983,C18231,2025-04-29,3,Not fully satisfied
F010984,C10421,2024-10-23,4,Very helpful program
F010985,C15634,2025-07-15,5,I achieved my goal
F010986,C16058,2026-05-24,2,Expected better results
F010987,C04913,2026-02-26,3,Program was difficult to follow
F010988,C09951,2025-08-08,5,The coach was helpful
F010989,C08583,2026-08-05,5,Good guidance from the team
F010990,C06849,2025-11-17,5,Good guidance from the team
F010991,C18985,2024-12-18,3,I missed some sessions
F010992,C19044,2026-04-16,4,Very helpful program
F010993,C15681,2025-11-12,4,Very helpful program
F010994,C02102,2024-04-10,5,Good experience
F010995,C03711,2024-07-29,2,Could be better
F010996,C09521,2026-02-17,5,Good experience
F010997,C13993,2025-06-29,3,Not fully satisfied
F010998,C07368,2026-01-08,4,The coach was helpful
F010999,C04039,2024-05-10,5,Very satisfied
F011000,C19974,2024-04-19,3,Not fully satisfied
F011001,C07061,2024-08-10,4,The coach was helpful
F011002,C06404,2024-04-09,5,Good guidance from the team
F011003,C03928,2024-12-04,1,Program was difficult to follow
F011004,C00913,2025-01-25,4,Very helpful program
F011005,C07430,2024-04-15,3,Could be better
F011006,C07119,2025-07-18,4,Good experience
F011007,C07285,2025-01-14,5,Very helpful program
F011008,C06939,2024-07-22,5,Good experience
F011009,C06879,2025-10-12,4,Good experience
F011010,C02870,2025-09-20,5,The coach was helpful
F011011,C18205,2025-07-19,4,Excellent support
F011012,C08584,2024-09-27,3,Not fully satisfied
F011013,C14342,2026-07-15,3,Could be better
F011014,C02638,2026-04-09,4,Excellent support
F011015,C00234,2025-12-06,5,The coach was helpful
F011016,C15501,2026-07-29,4,Very satisfied
F011017,C03019,2024-10-29,5,The coach was helpful
F011018,C00454,2024-05-09,5,The coach was helpful
F011019,C18974,2026-07-02,5,Good experience
F011020,C09470,2025-06-02,3,Program was difficult to follow
F011021,C03297,2024-04-14,3,I missed some sessions
F011022,C08333,2025-11-29,5,The coach was helpful
F011023,C07743,2026-05-22,4,The coach was helpful
F011024,C09934,2024-10-02,4,I achieved my goal
F011025,C09356,2024-10-03,5,Very helpful program
F011026,C10839,2026-02-17,1,Could be better
F011027,C12283,2025-08-06,5,Good experience
F011028,C19866,2025-08-07,4,Very helpful program
F011029,C06809,2026-02-20,2,I missed some sessions
F011030,C17535,2025-07-11,5,Very satisfied
F011031,C01949,2025-12-20,5,Excellent support
F011032,C18561,2024-06-21,4,I achieved my goal
F011033,C15659,2026-07-13,5,Good guidance from the team
F011034,C07159,2025-11-03,4,Very satisfied
F011035,C03174,2026-05-12,2,Not fully satisfied
F011036,C07136,2025-02-13,3,Expected better results
F011037,C12108,2025-06-14,3,Need more follow-up
F011038,C08895,2024-10-09,5,Good guidance from the team
F011039,C04944,2025-08-08,4,The coach was helpful
F011040,C18309,2026-06-30,1,Need more follow-up
F011041,C14060,2025-07-13,2,Could be better
F011042,C02126,2025-05-01,4,Good experience
F011043,C17584,2025-01-12,2,Program was difficult to follow
F011044,C06273,2024-07-10,5,I achieved my goal
F011045,C03214,2024-09-07,5,I achieved my goal
F011046,C04193,2025-01-14,5,The coach was helpful
F011047,C05300,2025-08-28,4,The coach was helpful
F011048,C08570,2025-08-03,4,Very satisfied
F011049,C13834,2024-03-05,5,Good guidance from the team
F011050,C16086,2025-05-09,4,I achieved my goal
F011051,C10957,2026-08-09,4,Good guidance from the team
F011052,C04611,2026-05-15,3,I missed some sessions
F011053,C15609,2025-07-12,5,The coach was helpful
F011054,C07781,2025-03-12,4,I achieved my goal
F011055,C18681,2024-10-07,4,Very satisfied
F011056,C01619,2026-02-12,4,Very satisfied
F011057,C06403,2025-01-25,3,Program was difficult to follow
F011058,C14670,2024-10-12,5,Very satisfied
F011059,C07648,2026-02-07,5,I achieved my goal
F011060,C08702,2025-04-22,4,Excellent support
F011061,C08069,2025-07-16,4,Good guidance from the team
F011062,C15821,2025-04-08,4,Very satisfied
F011063,C02323,2024-09-29,3,Could be better
F011064,C02007,2025-01-25,4,Excellent support
F011065,C14266,2025-01-13,2,Program was difficult to follow
F011066,C08939,2025-01-28,5,The coach was helpful
F011067,C03512,2024-06-21,4,Excellent support
F011068,C13653,2024-10-19,3,Program was difficult to follow
F011069,C04422,2025-12-17,3,Not fully satisfied
F011070,C08978,2025-04-22,3,Could be better
F011071,C03646,2026-06-06,4,Good guidance from the team
F011072,C08292,2026-12-10,4,Good experience
F011073,C01556,2024-09-26,3,Not fully satisfied
F011074,C04681,2025-08-27,4,Very helpful program
F011075,C17231,2024-11-13,4,Very satisfied
F011076,C19853,2024-08-05,5,Good guidance from the team
F011077,C09862,2026-01-13,5,Good experience
F011078,C09826,2026-03-21,3,I missed some sessions
F011079,C15246,2024-09-18,1,Need more follow-up
F011080,C00694,2025-07-14,5,Excellent support
F011081,C06529,2024-06-13,3,Need more follow-up
F011082,C03327,2025-11-23,2,Need more follow-up
F011083,C16428,2026-01-10,5,I achieved my goal
F011084,C16757,2026-07-20,5,I achieved my goal
F011085,C19563,2024-04-10,3,I missed some sessions
F011086,C18007,2024-08-18,2,I missed some sessions
F011087,C07151,2025-06-26,5,Very satisfied
F011088,C01846,2026-05-13,5,The coach was helpful
F011089,C07099,2025-04-12,1,Program was difficult to follow
F011090,C01712,2026-07-21,4,Good guidance from the team
F011091,C00555,2024-04-27,4,The coach was helpful
F011092,C02773,2025-10-17,5,Excellent support
F011093,C01462,2026-06-16,4,I achieved my goal
F011094,C06659,2025-08-19,5,Very satisfied
F011095,C06051,2024-08-28,5,Very satisfied
F011096,C09834,2024-06-15,3,Need more follow-up
F011097,C06336,2024-10-23,3,Expected better results
F011098,C15592,2025-10-09,1,Not fully satisfied
F011099,C19474,2024-12-10,3,Expected better results
F011100,C09076,2026-09-21,4,Excellent support
F011101,C08110,2026-04-29,3,I missed some sessions
F011102,C11352,2025-07-18,1,Need more follow-up
F011103,C13759,2025-10-19,5,The coach was helpful
F011104,C15498,2024-10-19,5,The coach was helpful
F011105,C01098,2025-06-24,4,Very helpful program
F011106,C02000,2024-09-21,2,I missed some sessions
F011107,C15055,2025-04-26,5,The coach was helpful
F011108,C18869,2025-08-22,5,The coach was helpful
F011109,C17591,2026-07-24,3,Could be better
F011110,C15372,2025-09-19,4,Very satisfied
F011111,C18733,2024-07-08,4,Very helpful program
F011112,C07412,2026-01-16,5,Very helpful program
F011113,C02572,2025-06-29,1,Program was difficult to follow
F011114,C18548,2024-07-11,5,Excellent support
F011115,C18706,2025-07-13,5,Good experience
F011116,C04823,2024-11-08,5,Very satisfied
F011117,C08015,2024-09-02,5,Good experience
F011118,C13617,2025-12-25,5,Very helpful program
F011119,C07178,2025-01-05,4,I achieved my goal
F011120,C16461,2024-09-01,4,Very helpful program
F011121,C13371,2024-06-02,4,Very satisfied
F011122,C10292,2026-01-08,3,Program was difficult to follow
F011123,C08399,2024-09-21,4,Very satisfied
F011124,C14734,2025-10-15,5,I achieved my goal
F011125,C14172,2026-04-09,5,Good guidance from the team
F011126,C09390,2026-01-22,3,Could be better
F011127,C02422,2025-11-05,3,Program was difficult to follow
F011128,C09669,2025-02-24,5,Very helpful program
F011129,C07268,2026-07-17,5,The coach was helpful
F011130,C01605,2024-06-15,3,I missed some sessions
F011131,C00464,2026-08-16,5,I achieved my goal
F011132,C13602,2024-04-05,4,I achieved my goal
F011133,C10614,2026-02-01,5,Good guidance from the team
F011134,C15129,2024-06-09,4,I achieved my goal
F011135,C12218,2025-01-04,4,The coach was helpful
F011136,C09347,2024-04-13,4,Good guidance from the team
F011137,C00989,2025-12-03,3,I missed some sessions
F011138,C18492,2024-09-22,5,I achieved my goal
F011139,C04311,2025-02-06,5,The coach was helpful
F011140,C04526,2025-03-06,5,Excellent support
F011141,C08626,2024-11-06,3,Expected better results
F011142,C19890,2026-05-25,2,I missed some sessions
F011143,C01971,2026-02-06,4,Excellent support
F011144,C10134,2024-06-08,4,Very satisfied
F011145,C05572,2026-07-29,5,Very satisfied
F011146,C04289,2025-02-20,3,Could be better
F011147,C16716,2025-06-09,5,Very satisfied
F011148,C03006,2025-08-14,3,Need more follow-up
F011149,C01160,2025-03-17,5,Good experience
F011150,C05360,2024-07-02,4,Very helpful program
F011151,C00383,2026-05-21,3,Could be better
F011152,C02851,2025-08-10,3,I missed some sessions
F011153,C10772,2024-12-28,3,Could be better
F011154,C17415,2024-08-30,5,I achieved my goal
F011155,C13873,2025-03-14,4,Good experience
F011156,C01081,2026-02-05,3,I missed some sessions
F011157,C08542,2025-10-18,3,Not fully satisfied
F011158,C02483,2025-01-20,1,Program was difficult to follow
F011159,C00778,2024-07-29,3,Could be better
F011160,C19122,2024-07-16,4,Excellent support
F011161,C00931,2026-07-02,4,I achieved my goal
F011162,C05586,2026-04-21,4,Good guidance from the team
F011163,C01884,2025-09-15,5,Good guidance from the team
F011164,C14032,2026-08-06,1,Expected better results
F011165,C15171,2024-07-03,2,I missed some sessions
F011166,C07578,2024-05-05,3,Could be better
F011167,C04439,2025-07-28,4,Good experience
F011168,C12248,2024-07-31,5,Very helpful program
F011169,C06840,2026-02-02,2,I missed some sessions
F011170,C10463,2024-06-10,5,Very helpful program
F011171,C17444,2025-06-21,5,Excellent support
F011172,C06456,2025-12-05,3,Could be better
F011173,C14760,2024-03-24,4,Very satisfied
F011174,C13380,2026-05-11,3,Not fully satisfied
F011175,C00289,2025-06-30,4,Very helpful program
F011176,C13528,2025-06-24,5,I achieved my goal
F011177,C14805,2024-06-03,2,Expected better results
F011178,C13244,2026-07-22,3,Need more follow-up
F011179,C01381,2025-07-16,4,Good guidance from the team
F011180,C02303,2025-06-29,5,Good guidance from the team
F011181,C05114,2026-05-12,4,Good experience
F011182,C04956,2026-08-01,4,Very satisfied
F011183,C09204,2025-07-07,2,Not fully satisfied
F011184,C17977,2024-02-26,4,Excellent support
F011185,C05960,2024-11-18,5,Good guidance from the team
F011186,C10464,2024-06-23,5,Good experience
F011187,C00311,2026-07-26,4,Good experience
F011188,C18769,2026-05-11,5,Very helpful program
F011189,C13288,2026-03-03,1,I missed some sessions
F011190,C05064,2025-04-26,2,Could be better
F011191,C19686,2026-08-19,5,I achieved my goal
F011192,C08572,2025-11-26,4,Very helpful program
F011193,C04183,2026-01-21,5,I achieved my goal
F011194,C16358,2025-10-26,5,The coach was helpful
F011195,C14203,2025-05-16,5,Very helpful program
F011196,C10531,2024-08-08,5,Excellent support
F011197,C18411,2025-08-08,5,Very satisfied
F011198,C07197,2025-10-27,5,Excellent support
F011199,C12922,2026-06-02,4,Good experience
F011200,C12639,2026-01-12,1,Need more follow-up
F011201,C13303,2026-07-17,5,I achieved my goal
F011202,C09387,2026-02-21,2,Could be better
F011203,C16169,2025-05-09,3,Not fully satisfied
F011204,C12536,2026-10-08,3,Expected better results
F011205,C13238,2024-08-22,4,I achieved my goal
F011206,C03881,2024-10-26,3,Program was difficult to follow
F011207,C07319,2025-07-26,5,Very satisfied
F011208,C16271,2025-03-05,4,Very satisfied
F011209,C11084,2025-12-08,5,Excellent support
F011210,C17053,2026-03-23,5,I achieved my goal
F011211,C05058,2024-08-24,5,Very helpful program
F011212,C15263,2025-11-28,3,Need more follow-up
F011213,C15192,2024-11-24,4,The coach was helpful
F011214,C00773,2024-12-17,1,Could be better
F011215,C08052,2025-04-19,3,Not fully satisfied
F011216,C10081,2024-06-04,4,The coach was helpful
F011217,C08301,2024-10-28,4,Excellent support
F011218,C18919,2025-10-18,5,Good experience
F011219,C17818,2024-09-22,4,Very satisfied
F011220,C12347,2026-07-31,5,I achieved my goal
F011221,C04341,2026-04-18,4,Excellent support
F011222,C14099,2024-11-23,5,Good guidance from the team
F011223,C11749,2025-05-20,5,Good experience
F011224,C06868,2026-03-08,4,Good experience
F011225,C15288,2024-09-13,2,Could be better
F011226,C03187,2026-07-07,3,Not fully satisfied
F011227,C15387,2026-05-29,3,I missed some sessions
F011228,C08193,2026-06-21,4,Very helpful program
F011229,C10644,2026-01-02,5,The coach was helpful
F011230,C09314,2025-10-17,5,I achieved my goal
F011231,C02812,2024-07-23,4,Very satisfied
F011232,C15616,2025-06-11,4,The coach was helpful
F011233,C05724,2026-07-06,5,Excellent support
F011234,C03447,2025-04-25,3,I missed some sessions
F011235,C10403,2026-07-12,5,Very satisfied
F011236,C10694,2026-03-01,4,Very helpful program
F011237,C07504,2024-10-14,3,I missed some sessions
F011238,C15058,2026-06-13,5,The coach was helpful
F011239,C04807,2024-05-25,4,The coach was helpful
F011240,C18339,2024-08-06,3,Need more follow-up
F011241,C13686,2025-06-21,4,Excellent support
F011242,C08772,2025-09-03,4,Very helpful program
F011243,C06674,2024-07-31,3,Expected better results
F011244,C13646,2025-04-24,5,Very satisfied
F011245,C10985,2025-04-27,4,Very helpful program
F011246,C06630,2024-11-16,4,Very satisfied
F011247,C07597,2024-04-19,5,Good guidance from the team
F011248,C11914,2025-01-11,4,Good experience
F011249,C08738,2024-09-14,5,Very helpful program
F011250,C12462,2026-11-18,5,Very satisfied
F011251,C07158,2025-03-03,1,I missed some sessions
F011252,C11987,2025-01-19,4,Good guidance from the team
F011253,C09202,2026-06-04,4,Good guidance from the team
F011254,C16246,2025-10-15,4,Good guidance from the team
F011255,C13892,2026-05-10,3,I missed some sessions
F011256,C07450,2026-09-23,3,Could be better
F011257,C15571,2024-05-26,4,Excellent support
F011258,C15064,2024-12-09,2,I missed some sessions
F011259,C10688,2024-08-15,2,I missed some sessions
F011260,C04453,2024-04-24,5,Good guidance from the team
F011261,C02272,2026-05-11,5,Good experience
F011262,C02411,2024-10-11,4,I achieved my goal
F011263,C06577,2026-07-14,5,Very helpful program
F011264,C04727,2025-04-15,4,Very satisfied
F011265,C03403,2026-08-06,4,Good guidance from the team
F011266,C18803,2025-11-25,4,Excellent support
F011267,C00139,2024-08-05,4,Excellent support
F011268,C10542,2025-11-01,5,The coach was helpful
F011269,C09101,2024-12-29,5,I achieved my goal
F011270,C12882,2025-06-13,4,The coach was helpful
F011271,C17014,2025-05-29,3,Program was difficult to follow
F011272,C12166,2024-05-06,5,Very satisfied
F011273,C04436,2025-04-24,4,Good experience
F011274,C14246,2025-05-16,5,Excellent support
F011275,C08588,2025-03-25,4,Excellent support
F011276,C15780,2025-12-06,5,I achieved my goal
F011277,C09902,2024-12-02,5,Good experience
F011278,C00241,2024-10-13,5,Very satisfied
F011279,C01896,2026-06-06,5,Good guidance from the team
F011280,C12285,2024-03-20,5,Very satisfied
F011281,C08658,2025-11-09,2,I missed some sessions
F011282,C13200,2026-04-27,5,Very satisfied
F011283,C10356,2025-05-31,5,Very helpful program
F011284,C19020,2025-07-26,4,The coach was helpful
F011285,C05677,2024-06-20,5,Very helpful program
F011286,C17032,2025-07-01,4,Excellent support
F011287,C08971,2025-03-30,2,I missed some sessions
F011288,C06602,2025-10-12,4,Very helpful program
F011289,C01096,2026-01-03,1,I missed some sessions
F011290,C14039,2024-06-24,5,Good guidance from the team
F011291,C18481,2026-05-25,3,Program was difficult to follow
F011292,C06626,2026-06-01,4,Excellent support
F011293,C16735,2024-09-13,3,Program was difficult to follow
F011294,C04896,2024-07-30,4,Excellent support
F011295,C09964,2026-10-29,2,I missed some sessions
F011296,C14966,2024-05-20,1,I missed some sessions
F011297,C05112,2025-11-14,5,Excellent support
F011298,C07703,2026-10-26,5,Excellent support
F011299,C15888,2026-02-19,3,Need more follow-up
F011300,C08999,2024-12-30,2,Could be better
F011301,C07635,2025-09-14,3,Program was difficult to follow
F011302,C02190,2026-01-22,4,The coach was helpful
F011303,C02265,2025-06-19,2,Need more follow-up
F011304,C19764,2026-07-03,4,Very satisfied
F011305,C06972,2025-06-04,5,Good experience
F011306,C03091,2025-12-09,4,I achieved my goal
F011307,C01221,2024-08-29,3,I missed some sessions
F011308,C17875,2025-01-23,4,I achieved my goal
F011309,C15901,2026-09-13,4,Very helpful program
F011310,C06609,2025-11-21,4,Good experience
F011311,C11835,2024-11-16,3,Not fully satisfied
F011312,C19432,2024-07-09,5,Good guidance from the team
F011313,C18896,2026-05-21,2,Could be better
F011314,C04038,2025-05-10,3,Not fully satisfied
F011315,C05177,2025-08-25,5,Very helpful program
F011316,C14717,2024-11-08,3,Not fully satisfied
F011317,C12374,2024-11-08,2,Program was difficult to follow
F011318,C16749,2026-03-30,5,Very satisfied
F011319,C18392,2024-11-06,4,Very helpful program
F011320,C07764,2024-10-14,4,Good experience
F011321,C12950,2024-07-07,4,I achieved my goal
F011322,C13539,2026-03-03,3,I missed some sessions
F011323,C00030,2026-01-22,3,Program was difficult to follow
F011324,C09800,2025-03-01,4,I achieved my goal
F011325,C16258,2024-04-04,4,Good experience
F011326,C02923,2024-07-24,4,The coach was helpful
F011327,C07068,2024-05-06,5,Very satisfied
F011328,C08564,2026-11-05,5,I achieved my goal
F011329,C14597,2026-03-09,5,Good experience
F011330,C03445,2025-06-09,5,I achieved my goal
F011331,C14763,2026-06-05,3,Could be better
F011332,C08367,2026-07-03,3,I missed some sessions
F011333,C16209,2024-02-23,4,The coach was helpful
F011334,C09543,2025-10-08,3,Could be better
F011335,C13953,2025-05-12,5,Good experience
F011336,C09162,2025-01-28,4,The coach was helpful
F011337,C10364,2024-11-28,5,The coach was helpful
F011338,C03032,2025-10-24,5,Excellent support
F011339,C12568,2026-01-23,3,Could be better
F011340,C10358,2024-03-14,1,Could be better
F011341,C13425,2025-05-06,5,Very satisfied
F011342,C12286,2026-09-04,5,Excellent support
F011343,C18304,2026-07-01,3,Program was difficult to follow
F011344,C11217,2025-06-17,4,Good guidance from the team
F011345,C02785,2024-10-22,4,I achieved my goal
F011346,C01181,2026-01-26,4,Very satisfied
F011347,C00305,2025-05-10,5,Good guidance from the team
F011348,C05070,2025-01-19,4,Very satisfied
F011349,C02644,2024-07-14,5,Excellent support
F011350,C18063,2025-08-30,4,Good experience
F011351,C19053,2026-11-23,4,I achieved my goal
F011352,C05556,2025-05-03,4,The coach was helpful
F011353,C19379,2025-06-16,1,Need more follow-up
F011354,C00166,2026-06-05,3,I missed some sessions
F011355,C02955,2025-12-19,4,The coach was helpful
F011356,C14672,2026-01-18,2,Program was difficult to follow
F011357,C11336,2024-11-20,5,Very helpful program
F011358,C02700,2025-02-19,4,I achieved my goal
F011359,C00487,2024-12-28,4,Excellent support
F011360,C09003,2026-01-19,1,Program was difficult to follow
F011361,C16784,2025-03-20,5,Good experience
F011362,C08954,2025-02-25,4,Good guidance from the team
F011363,C15825,2024-10-20,1,Expected better results
F011364,C06286,2026-06-16,5,Good guidance from the team
F011365,C07957,2026-06-27,4,Excellent support
F011366,C08527,2026-01-15,4,Very satisfied
F011367,C00304,2024-08-31,5,I achieved my goal
F011368,C03137,2024-11-30,4,The coach was helpful
F011369,C09329,2024-09-16,5,I achieved my goal
F011370,C13229,2024-05-01,4,I achieved my goal
F011371,C03765,2024-08-31,3,Need more follow-up
F011372,C15112,2026-01-01,4,The coach was helpful
F011373,C08986,2026-04-10,5,I achieved my goal
F011374,C14480,2026-09-18,4,I achieved my goal
F011375,C05716,2025-10-28,3,I missed some sessions
F011376,C16994,2024-04-06,4,Very satisfied
F011377,C18095,2025-09-24,4,I achieved my goal
F011378,C03340,2026-06-19,4,I achieved my goal
F011379,C10311,2024-11-06,1,I missed some sessions
F011380,C07029,2025-03-27,5,I achieved my goal
F011381,C15103,2025-08-07,5,Very helpful program
F011382,C08839,2025-03-20,1,Program was difficult to follow
F011383,C19306,2025-09-22,4,Very satisfied
F011384,C13119,2026-01-04,5,Very helpful program
F011385,C04644,2025-08-08,5,I achieved my goal
F011386,C14710,2024-07-09,5,Very satisfied
F011387,C18708,2026-09-11,4,Very satisfied
F011388,C00336,2025-12-06,5,Very satisfied
F011389,C15696,2024-10-22,4,Good experience
F011390,C10270,2025-02-19,4,Good experience
F011391,C15458,2025-06-15,1,I missed some sessions
F011392,C05310,2025-02-01,1,Expected better results
F011393,C01059,2025-07-10,3,Not fully satisfied
F011394,C05848,2025-02-13,5,Very satisfied
F011395,C07769,2026-06-22,1,Could be better
F011396,C04072,2025-08-29,5,Very helpful program
F011397,C05301,2025-10-28,5,Excellent support
F011398,C10207,2026-06-20,5,Excellent support
F011399,C03216,2025-01-08,4,Good experience
F011400,C00908,2025-12-03,4,I achieved my goal
F011401,C10475,2026-02-24,4,Excellent support
F011402,C18937,2025-10-12,4,Excellent support
F011403,C01397,2025-04-11,5,Good guidance from the team
F011404,C04428,2024-08-24,4,Excellent support
F011405,C03275,2026-09-15,4,Very satisfied
F011406,C10565,2025-10-18,2,Expected better results
F011407,C00806,2025-04-10,3,Program was difficult to follow
F011408,C04789,2025-09-26,5,Very helpful program
F011409,C17506,2024-05-29,5,Very satisfied
F011410,C09786,2024-06-04,2,Could be better
F011411,C04575,2025-02-26,4,Very helpful program
F011412,C10344,2024-06-04,5,Good experience
F011413,C08240,2025-12-17,4,Very satisfied
F011414,C07695,2024-09-30,2,Expected better results
F011415,C06305,2024-07-08,5,Very helpful program
F011416,C00567,2025-11-03,4,The coach was helpful
F011417,C18179,2025-09-22,4,Excellent support
F011418,C16668,2025-11-05,5,Good guidance from the team
F011419,C11004,2026-02-04,4,Good experience
F011420,C08107,2025-06-08,4,I achieved my goal
F011421,C00395,2024-08-27,3,Expected better results
F011422,C10768,2024-04-13,3,Could be better
F011423,C17505,2025-09-21,5,Good guidance from the team
F011424,C05282,2024-05-19,3,Not fully satisfied
F011425,C06923,2024-11-21,2,Need more follow-up
F011426,C04471,2025-05-04,3,Could be better
F011427,C15454,2024-08-10,1,Need more follow-up
F011428,C16763,2024-12-31,3,Could be better
F011429,C06693,2025-03-24,4,I achieved my goal
F011430,C09473,2026-04-13,5,Very satisfied
F011431,C08970,2026-02-26,4,Good experience
F011432,C01524,2025-11-07,4,Good experience
F011433,C16389,2025-11-25,5,Excellent support
F011434,C15406,2026-04-14,5,Very helpful program
F011435,C12585,2024-08-26,1,Need more follow-up
F011436,C04622,2026-05-27,4,Good experience
F011437,C01010,2026-06-17,4,Good guidance from the team
F011438,C14370,2026-01-21,4,Very helpful program
F011439,C02157,2026-04-15,4,I achieved my goal
F011440,C02953,2025-07-04,5,Very satisfied
F011441,C16964,2024-11-11,2,Could be better
F011442,C13623,2025-05-31,5,Very helpful program
F011443,C01166,2025-01-12,5,Good guidance from the team
F011444,C13613,2025-10-21,2,I missed some sessions
F011445,C13151,2026-11-23,4,I achieved my goal
F011446,C06841,2026-03-14,3,Not fully satisfied
F011447,C18783,2024-11-09,4,The coach was helpful
F011448,C19514,2024-05-21,4,I achieved my goal
F011449,C14406,2025-05-28,2,I missed some sessions
F011450,C17599,2025-05-30,4,Very helpful program
F011451,C03890,2026-07-23,2,Program was difficult to follow
F011452,C09418,2026-07-12,2,Expected better results
F011453,C10065,2026-03-26,4,Good experience
F011454,C05005,2026-10-25,2,I missed some sessions
F011455,C03471,2025-04-03,2,Not fully satisfied
F011456,C12715,2026-09-30,5,Very helpful program
F011457,C14974,2025-05-18,4,I achieved my goal
F011458,C15922,2025-06-14,3,Expected better results
F011459,C13289,2025-07-26,3,I missed some sessions
F011460,C19591,2025-04-14,5,I achieved my goal
F011461,C11070,2025-05-20,5,Good guidance from the team
F011462,C08194,2024-12-02,4,Excellent support
F011463,C12777,2024-07-27,1,I missed some sessions
F011464,C17936,2026-07-25,5,Good experience
F011465,C05431,2025-12-17,4,I achieved my goal
F011466,C03729,2026-01-21,5,The coach was helpful
F011467,C05808,2025-09-01,4,I achieved my goal
F011468,C04454,2024-07-27,4,I achieved my goal
F011469,C16198,2025-06-15,1,Need more follow-up
F011470,C18550,2026-01-31,2,Need more follow-up
F011471,C11806,2025-09-26,5,The coach was helpful
F011472,C17219,2025-11-24,2,Need more follow-up
F011473,C18540,2025-10-27,4,Good guidance from the team
F011474,C13833,2025-01-03,3,Program was difficult to follow
F011475,C09670,2026-08-13,4,Excellent support
F011476,C04968,2025-12-23,3,Not fully satisfied
F011477,C12196,2026-06-28,2,Not fully satisfied
F011478,C03331,2024-07-02,2,Program was difficult to follow
F011479,C01666,2025-01-29,3,Need more follow-up
F011480,C13477,2024-05-23,5,Good guidance from the team
F011481,C13716,2024-04-10,4,Excellent support
F011482,C12936,2024-10-10,4,Very satisfied
F011483,C01442,2024-08-17,4,Good experience
F011484,C05760,2025-05-08,4,Excellent support
F011485,C13935,2025-11-25,4,I achieved my goal
F011486,C10639,2024-03-07,2,Expected better results
F011487,C09901,2024-07-29,4,I achieved my goal
F011488,C02267,2026-07-27,3,Program was difficult to follow
F011489,C09256,2025-03-23,3,Expected better results
F011490,C14936,2026-06-28,5,I achieved my goal
F011491,C13704,2026-03-30,5,Good guidance from the team
F011492,C08089,2025-04-07,3,I missed some sessions
F011493,C02576,2024-10-14,1,Expected better results
F011494,C07852,2024-04-05,5,The coach was helpful
F011495,C02742,2025-11-24,4,Very helpful program
F011496,C01858,2024-06-26,5,The coach was helpful
F011497,C11515,2025-03-26,2,Could be better
F011498,C13590,2026-05-18,3,Need more follow-up
F011499,C03457,2024-05-15,4,Very helpful program
F011500,C06396,2024-10-24,4,Good guidance from the team
F011501,C05205,2024-12-07,4,Excellent support
F011502,C01173,2025-05-30,5,Excellent support
F011503,C18441,2025-08-16,5,Good experience
F011504,C16165,2024-04-01,4,Excellent support
F011505,C08766,2024-08-01,4,Excellent support
F011506,C06406,2024-07-07,5,Very satisfied
F011507,C10740,2024-10-04,1,Expected better results
F011508,C02066,2026-05-13,1,Could be better
F011509,C14888,2026-05-02,5,Excellent support
F011510,C03997,2026-07-17,5,Good experience
F011511,C12855,2025-11-16,4,Excellent support
F011512,C11970,2026-05-06,3,I missed some sessions
F011513,C07933,2025-01-18,4,Excellent support
F011514,C15275,2025-06-30,3,Expected better results
F011515,C08179,2024-07-20,5,Good experience
F011516,C08633,2025-02-09,5,Very satisfied
F011517,C10920,2025-04-07,2,Expected better results
F011518,C12093,2026-08-30,5,Good experience
F011519,C05554,2026-01-02,2,Could be better
F011520,C18679,2026-04-17,1,I missed some sessions
F011521,C16446,2025-03-01,2,Expected better results
F011522,C00446,2025-12-26,4,Good guidance from the team
F011523,C02151,2025-05-20,3,Program was difficult to follow
F011524,C04314,2025-04-07,4,Good guidance from the team
F011525,C00012,2026-01-11,5,The coach was helpful
F011526,C11752,2024-06-21,5,Excellent support
F011527,C16864,2025-08-30,5,Very satisfied
F011528,C17534,2026-09-19,2,Not fully satisfied
F011529,C16424,2025-02-27,2,I missed some sessions
F011530,C06357,2025-06-25,5,Good experience
F011531,C07671,2026-05-07,5,Excellent support
F011532,C19722,2025-09-23,3,Not fully satisfied
F011533,C04371,2024-11-25,4,Good experience
F011534,C16178,2025-03-30,3,Program was difficult to follow
F011535,C01425,2025-10-09,4,I achieved my goal
F011536,C15036,2026-06-23,5,Good guidance from the team
F011537,C01358,2025-09-19,5,Good experience
F011538,C11670,2026-08-24,2,Need more follow-up
F011539,C11501,2026-04-16,5,Good experience
F011540,C02385,2026-02-07,4,I achieved my goal
F011541,C07238,2024-02-14,2,Program was difficult to follow
F011542,C18552,2026-01-30,4,The coach was helpful
F011543,C18055,2025-01-15,2,Not fully satisfied
F011544,C00164,2026-02-16,5,Excellent support
F011545,C06518,2024-12-17,3,Expected better results
F011546,C17098,2024-04-16,3,Expected better results
F011547,C17255,2025-10-08,4,Good experience
F011548,C10817,2024-05-28,1,Expected better results
F011549,C19666,2024-07-20,5,The coach was helpful
F011550,C14800,2025-07-02,5,Good experience
F011551,C15549,2026-08-05,3,Need more follow-up
F011552,C01815,2026-06-18,3,Expected better results
F011553,C19487,2026-06-13,4,Very helpful program
F011554,C09590,2024-10-26,5,The coach was helpful
F011555,C02005,2024-06-23,3,I missed some sessions
F011556,C06448,2025-01-04,1,Need more follow-up
F011557,C02640,2026-02-08,5,Good guidance from the team
F011558,C18927,2026-11-03,1,Need more follow-up
F011559,C03443,2025-01-10,3,Program was difficult to follow
F011560,C01754,2024-06-02,1,Could be better
F011561,C01149,2024-11-21,4,Good experience
F011562,C15319,2024-07-21,4,Good experience
F011563,C04945,2025-10-09,2,Not fully satisfied
F011564,C17558,2024-03-27,4,Very satisfied
F011565,C19991,2024-07-22,2,Need more follow-up
F011566,C19442,2024-07-21,5,Good guidance from the team
F011567,C09637,2026-09-01,4,The coach was helpful
F011568,C07970,2024-08-04,5,Very satisfied
F011569,C06255,2025-05-20,4,Very helpful program
F011570,C02838,2026-05-31,2,Program was difficult to follow
F011571,C11798,2024-07-22,4,Good experience
F011572,C01816,2026-03-02,4,I achieved my goal
F011573,C04232,2025-02-17,4,Good guidance from the team
F011574,C10667,2025-05-24,5,The coach was helpful
F011575,C06616,2024-09-13,5,Very helpful program
F011576,C08700,2026-03-08,4,Very satisfied
F011577,C16471,2025-03-17,5,Very helpful program
F011578,C14170,2025-09-05,2,Need more follow-up
F011579,C03208,2024-08-21,4,Very helpful program
F011580,C15921,2025-02-11,4,Good guidance from the team
F011581,C14008,2026-02-25,3,Need more follow-up
F011582,C11080,2024-04-12,4,The coach was helpful
F011583,C13595,2025-07-01,3,Could be better
F011584,C14120,2025-10-21,4,Good guidance from the team
F011585,C18000,2024-11-29,5,Excellent support
F011586,C03762,2026-03-30,4,Good guidance from the team
F011587,C03405,2026-06-23,5,Excellent support
F011588,C06211,2025-10-01,3,Expected better results
F011589,C05700,2026-04-25,5,Excellent support
F011590,C15029,2025-12-16,2,Need more follow-up
F011591,C04742,2024-06-30,3,Program was difficult to follow
F011592,C00677,2024-10-16,5,The coach was helpful
F011593,C11550,2026-02-08,5,Very helpful program
F011594,C06488,2024-05-09,4,Good experience
F011595,C00310,2025-12-19,3,Need more follow-up
F011596,C19855,2024-04-04,5,I achieved my goal
F011597,C12115,2025-12-06,4,Excellent support
F011598,C15238,2024-11-11,5,I achieved my goal
F011599,C18742,2024-03-15,4,The coach was helpful
F011600,C16694,2025-07-11,4,Good guidance from the team
F011601,C14051,2024-05-15,1,Need more follow-up
F011602,C17701,2026-05-09,5,Very helpful program
F011603,C07971,2025-10-05,5,Good experience
F011604,C07742,2024-07-09,3,Not fully satisfied
F011605,C10682,2024-07-06,4,Very helpful program
F011606,C07623,2025-02-21,4,Very satisfied
F011607,C18728,2024-03-18,4,Excellent support
F011608,C15364,2026-06-11,5,The coach was helpful
F011609,C14237,2025-02-26,3,Program was difficult to follow
F011610,C03538,2025-07-18,5,Very satisfied
F011611,C11947,2024-05-12,2,Expected better results
F011612,C06912,2024-07-25,4,Very satisfied
F011613,C13427,2026-03-18,5,I achieved my goal
F011614,C13034,2025-03-25,3,Not fully satisfied
F011615,C05839,2026-06-13,3,I missed some sessions
F011616,C07457,2025-03-23,5,Excellent support
F011617,C15020,2026-07-31,1,Could be better
F011618,C01876,2024-08-24,2,I missed some sessions
F011619,C16684,2024-07-08,4,Good guidance from the team
F011620,C05232,2025-10-19,3,Expected better results
F011621,C04825,2024-05-28,4,Very helpful program
F011622,C03194,2025-09-03,4,Very helpful program
F011623,C12149,2025-08-23,4,Very helpful program
F011624,C16871,2026-04-06,5,Very satisfied
F011625,C15559,2024-07-17,4,Very satisfied
F011626,C17045,2025-11-03,2,Expected better results
F011627,C19740,2026-07-15,5,I achieved my goal
F011628,C01419,2026-10-20,3,Could be better
F011629,C02821,2024-09-07,3,Could be better
F011630,C13756,2025-11-18,3,Could be better
F011631,C10016,2025-02-07,4,Very satisfied
F011632,C10410,2026-05-03,3,Need more follow-up
F011633,C03076,2024-04-26,4,The coach was helpful
F011634,C09063,2024-03-24,1,Need more follow-up
F011635,C13198,2026-01-31,4,Good guidance from the team
F011636,C04552,2026-09-07,1,Could be better
F011637,C15019,2024-10-29,5,Good guidance from the team
F011638,C14957,2026-10-17,3,Could be better
F011639,C10807,2024-06-10,1,Expected better results
F011640,C03868,2024-12-01,5,Very helpful program
F011641,C10789,2024-10-13,2,Program was difficult to follow
F011642,C13974,2025-08-02,3,Program was difficult to follow
F011643,C16810,2025-08-14,5,Good experience
F011644,C17504,2025-06-05,3,Expected better results
F011645,C19963,2025-09-26,4,I achieved my goal
F011646,C05116,2026-09-02,4,Excellent support
F011647,C04110,2024-12-24,4,Very satisfied
F011648,C14621,2025-02-27,4,Very helpful program
F011649,C02586,2025-09-24,3,Could be better
F011650,C00730,2024-06-15,4,The coach was helpful
F011651,C13210,2024-03-03,4,Good experience
F011652,C17100,2024-06-30,5,Very helpful program
F011653,C11431,2026-07-23,3,I missed some sessions
F011654,C09225,2025-08-10,4,Good experience
F011655,C13771,2026-01-07,5,Very satisfied
F011656,C06530,2024-11-28,4,I achieved my goal
F011657,C08528,2024-07-28,4,Excellent support
F011658,C08148,2026-07-04,4,Good experience
F011659,C07469,2025-08-30,3,Program was difficult to follow
F011660,C16652,2024-04-01,5,Good experience
F011661,C05944,2026-06-07,5,Excellent support
F011662,C16366,2024-06-25,5,Good guidance from the team
F011663,C11328,2024-04-11,1,Need more follow-up
F011664,C19032,2026-12-26,5,Good experience
F011665,C06514,2026-05-02,1,I missed some sessions
F011666,C10178,2024-10-11,5,Very satisfied
F011667,C16131,2026-03-31,4,Very satisfied
F011668,C17333,2024-04-24,5,I achieved my goal
F011669,C18673,2026-06-15,4,Very satisfied
F011670,C08997,2026-08-09,2,Need more follow-up
F011671,C16818,2025-05-12,4,Excellent support
F011672,C18988,2025-04-10,3,I missed some sessions
F011673,C10582,2025-08-05,4,Good guidance from the team
F011674,C18777,2024-09-20,4,Good experience
F011675,C03532,2025-08-13,5,Very helpful program
F011676,C18932,2024-11-15,4,Very satisfied
F011677,C10174,2026-09-04,3,Could be better
F011678,C15767,2024-09-03,4,I achieved my goal
F011679,C11230,2025-12-31,4,I achieved my goal
F011680,C04235,2025-03-17,4,I achieved my goal
F011681,C01452,2026-05-06,5,Good guidance from the team
F011682,C11856,2024-07-14,5,The coach was helpful
F011683,C01806,2025-03-02,5,Very satisfied
F011684,C08844,2024-04-23,3,Expected better results
F011685,C06358,2024-09-14,5,Excellent support
F011686,C02847,2025-09-27,4,Very helpful program
F011687,C19452,2025-06-25,4,The coach was helpful
F011688,C07912,2026-04-13,5,Very satisfied
F011689,C08861,2025-12-02,3,Need more follow-up
F011690,C09582,2026-07-08,5,I achieved my goal
F011691,C07054,2026-06-29,3,Program was difficult to follow
F011692,C06976,2024-08-17,5,I achieved my goal
F011693,C06717,2025-01-26,4,The coach was helpful
F011694,C19983,2026-01-02,2,Expected better results
F011695,C16651,2025-09-23,5,Good experience
F011696,C09107,2025-03-18,5,The coach was helpful
F011697,C06661,2025-07-27,4,I achieved my goal
F011698,C02439,2024-08-09,5,Good guidance from the team
F011699,C16728,2026-07-30,5,Very helpful program
F011700,C14496,2026-02-15,5,Excellent support
F011701,C13106,2025-10-19,4,Very helpful program
F011702,C07434,2026-04-21,5,The coach was helpful
F011703,C00959,2025-11-19,2,I missed some sessions
F011704,C12091,2024-05-06,2,Not fully satisfied
F011705,C19565,2026-02-07,4,Good experience
F011706,C16653,2024-05-02,4,Good experience
F011707,C17203,2024-08-15,4,Very satisfied
F011708,C09544,2026-08-23,3,Need more follow-up
F011709,C08756,2025-09-08,5,Excellent support
F011710,C03703,2025-04-03,4,Very satisfied
F011711,C16200,2024-11-10,4,Good guidance from the team
F011712,C12455,2025-09-16,5,Very helpful program
F011713,C06314,2024-09-24,5,Good experience
F011714,C14369,2025-11-16,5,Very satisfied
F011715,C14748,2024-11-17,3,Expected better results
F011716,C12663,2026-04-25,4,Excellent support
F011717,C16930,2025-12-20,4,Excellent support
F011718,C00413,2025-08-15,5,Good guidance from the team
F011719,C04905,2024-09-23,2,Program was difficult to follow
F011720,C12306,2024-08-02,4,I achieved my goal
F011721,C00838,2025-02-01,5,Good experience
F011722,C17021,2026-04-27,2,Could be better
F011723,C00458,2025-10-20,4,Very helpful program
F011724,C04751,2024-09-26,3,Expected better results
F011725,C19426,2025-05-27,1,Program was difficult to follow
F011726,C18030,2026-07-20,4,Good experience
F011727,C11926,2025-07-22,3,Could be better
F011728,C14769,2026-04-07,4,Very satisfied
F011729,C00690,2026-02-28,5,I achieved my goal
F011730,C08660,2024-02-20,5,I achieved my goal
F011731,C14478,2026-09-03,4,Very helpful program
F011732,C16773,2026-01-03,3,Could be better
F011733,C12766,2025-08-01,4,Good guidance from the team
F011734,C13678,2026-06-26,3,Program was difficult to follow
F011735,C13638,2025-01-17,5,Good guidance from the team
F011736,C10735,2025-05-09,3,Program was difficult to follow
F011737,C14005,2024-06-04,3,Expected better results
F011738,C06918,2025-08-05,5,Excellent support
F011739,C07006,2025-09-23,3,Expected better results
F011740,C16000,2025-05-18,4,Excellent support
F011741,C17618,2026-01-15,3,Program was difficult to follow
F011742,C17297,2025-10-08,3,Program was difficult to follow
F011743,C14312,2026-05-29,4,Good guidance from the team
F011744,C09599,2025-02-05,1,Expected better results
F011745,C19106,2024-07-12,4,Excellent support
F011746,C17861,2025-10-11,2,Could be better
F011747,C02557,2026-07-18,4,Very helpful program
F011748,C00367,2026-04-06,3,I missed some sessions
F011749,C12237,2025-08-12,4,Very helpful program
F011750,C15787,2024-10-09,1,Expected better results
F011751,C14879,2024-06-19,5,I achieved my goal
F011752,C00964,2026-01-01,4,Very helpful program
F011753,C14714,2024-02-22,2,Program was difficult to follow
F011754,C19209,2025-06-14,5,I achieved my goal
F011755,C05423,2025-02-23,4,Excellent support
F011756,C04044,2025-06-24,2,Could be better
F011757,C09949,2026-07-19,3,Program was difficult to follow
F011758,C05780,2026-01-04,5,Very satisfied
F011759,C04851,2025-06-11,2,Could be better
F011760,C00238,2025-09-13,5,Excellent support
F011761,C15965,2025-12-14,2,Need more follow-up
F011762,C03746,2025-10-17,3,Not fully satisfied
F011763,C18361,2026-05-16,4,Good guidance from the team
F011764,C17655,2026-01-21,2,I missed some sessions
F011765,C10146,2025-03-04,2,Expected better results
F011766,C05863,2024-12-21,4,The coach was helpful
F011767,C01009,2025-11-26,5,I achieved my goal
F011768,C12875,2025-08-03,4,Very satisfied
F011769,C14837,2025-06-26,3,Need more follow-up
F011770,C08750,2025-07-03,3,Could be better
F011771,C11162,2025-04-27,5,Good guidance from the team
F011772,C06795,2024-12-24,5,Very satisfied
F011773,C19358,2025-03-05,4,The coach was helpful
F011774,C17319,2025-11-08,4,Very satisfied
F011775,C16479,2024-11-15,5,Very satisfied
F011776,C05270,2025-09-29,3,Expected better results
F011777,C19188,2026-07-05,5,I achieved my goal
F011778,C06564,2025-02-13,5,Good guidance from the team
F011779,C18500,2025-03-31,5,Very helpful program
F011780,C01696,2024-07-31,5,The coach was helpful
F011781,C10193,2025-11-03,4,Very helpful program
F011782,C16788,2025-12-03,4,I achieved my goal
F011783,C07539,2025-09-25,4,Very helpful program
F011784,C01017,2025-10-18,3,Program was difficult to follow
F011785,C10104,2025-09-04,5,Excellent support
F011786,C11918,2026-06-18,5,Good experience
F011787,C04482,2024-07-10,3,Expected better results
F011788,C02449,2024-05-31,4,Good experience
F011789,C07686,2025-01-09,5,I achieved my goal
F011790,C08047,2027-01-31,5,Excellent support
F011791,C03406,2026-07-17,4,Excellent support
F011792,C10316,2026-02-06,2,Program was difficult to follow
F011793,C06337,2026-07-09,5,Very helpful program
F011794,C12039,2026-01-29,4,Good guidance from the team
F011795,C03329,2024-11-04,3,Need more follow-up
F011796,C16912,2025-12-02,5,Excellent support
F011797,C06364,2024-10-26,5,Very helpful program
F011798,C18146,2025-11-06,5,I achieved my goal
F011799,C01357,2024-11-10,1,Expected better results
F011800,C13998,2026-05-24,5,Very helpful program
F011801,C17665,2026-09-10,5,Good experience
F011802,C13787,2026-09-04,5,Good guidance from the team
F011803,C08455,2026-07-23,1,Program was difficult to follow
F011804,C02663,2026-07-19,4,Good guidance from the team
F011805,C13688,2026-07-22,5,Very satisfied
F011806,C06162,2025-05-16,1,Could be better
F011807,C02705,2025-11-20,4,Excellent support
F011808,C14657,2025-07-27,4,The coach was helpful
F011809,C04018,2026-02-16,5,I achieved my goal
F011810,C06981,2026-08-12,2,Expected better results
F011811,C05394,2024-04-10,4,Good guidance from the team
F011812,C07544,2026-07-01,4,Good experience
F011813,C10315,2026-09-17,4,Very satisfied
F011814,C14042,2024-10-13,3,Program was difficult to follow
F011815,C11551,2024-03-18,2,Need more follow-up
F011816,C01293,2024-07-05,5,Very satisfied
F011817,C13585,2025-07-01,5,I achieved my goal
F011818,C14705,2025-01-18,4,Good guidance from the team
F011819,C04146,2024-12-24,3,Program was difficult to follow
F011820,C18032,2024-11-22,3,Need more follow-up
F011821,C16655,2025-08-17,5,Good experience
F011822,C19275,2024-05-02,3,Not fully satisfied
F011823,C02899,2024-12-31,4,I achieved my goal
F011824,C11401,2025-03-31,3,Could be better
F011825,C02222,2025-08-06,3,I missed some sessions
F011826,C17620,2026-01-06,5,Good guidance from the team
F011827,C00637,2024-07-31,4,Good experience
F011828,C06691,2026-02-16,5,I achieved my goal
F011829,C01934,2025-07-03,2,I missed some sessions
F011830,C14363,2025-10-20,5,Good guidance from the team
F011831,C16612,2025-02-06,1,Could be better
F011832,C10951,2025-07-11,4,Very helpful program
F011833,C19052,2025-08-12,5,Good experience
F011834,C08614,2024-10-05,5,Very helpful program
F011835,C02264,2025-10-16,4,Good experience
F011836,C15037,2026-08-30,4,Excellent support
F011837,C05699,2024-11-09,4,The coach was helpful
F011838,C14920,2024-02-20,4,Good guidance from the team
F011839,C10187,2024-05-07,5,Very helpful program
F011840,C01767,2026-03-17,5,Very satisfied
F011841,C18607,2026-04-20,3,I missed some sessions
F011842,C00223,2025-07-22,5,The coach was helpful
F011843,C16654,2026-10-10,5,Very helpful program
F011844,C19191,2025-08-05,4,Very satisfied
F011845,C17408,2025-08-15,4,Very helpful program
F011846,C11702,2026-07-29,3,I missed some sessions
F011847,C12524,2024-12-29,3,Could be better
F011848,C07228,2024-06-30,5,Good guidance from the team
F011849,C03131,2024-04-21,2,Not fully satisfied
F011850,C08965,2024-10-19,3,Need more follow-up
F011851,C02720,2026-03-27,4,Very helpful program
F011852,C19333,2025-01-23,1,Could be better
F011853,C03126,2024-08-28,3,Program was difficult to follow
F011854,C04452,2026-06-16,3,I missed some sessions
F011855,C13644,2025-11-17,3,I missed some sessions
F011856,C16660,2026-05-29,3,Not fully satisfied
F011857,C16836,2024-04-05,5,Very satisfied
F011858,C13540,2025-10-12,4,I achieved my goal
F011859,C15120,2024-04-14,5,Excellent support
F011860,C07707,2026-06-24,2,Could be better
F011861,C17814,2024-04-30,5,Good experience
F011862,C08464,2025-10-21,3,Not fully satisfied
F011863,C04871,2025-05-08,5,Good experience
F011864,C05021,2025-02-16,5,Very satisfied
F011865,C03293,2026-04-28,2,I missed some sessions
F011866,C08928,2026-07-22,3,Program was difficult to follow
F011867,C17952,2026-03-28,5,Very satisfied
F011868,C17357,2024-08-05,5,The coach was helpful
F011869,C03428,2025-07-02,4,I achieved my goal
F011870,C08566,2024-04-22,4,Excellent support
F011871,C15250,2025-07-03,5,The coach was helpful
F011872,C06550,2026-03-16,4,Very helpful program
F011873,C00645,2025-09-06,3,Program was difficult to follow
F011874,C15258,2026-03-26,5,Very satisfied
F011875,C17456,2024-03-12,4,Very helpful program
F011876,C13636,2024-08-11,5,Very satisfied
F011877,C08652,2024-07-15,3,Expected better results
F011878,C07427,2024-04-21,4,Good guidance from the team
F011879,C02998,2026-01-26,5,The coach was helpful
F011880,C18723,2025-12-27,3,Not fully satisfied
F011881,C19823,2025-06-09,3,Need more follow-up
F011882,C08499,2024-04-07,3,Expected better results
F011883,C08576,2025-04-06,3,Expected better results
F011884,C02716,2025-03-16,4,Very satisfied
F011885,C04151,2025-12-23,3,Need more follow-up
F011886,C18805,2024-09-04,3,Need more follow-up
F011887,C19856,2026-04-01,4,Good experience
F011888,C11420,2025-07-10,1,Program was difficult to follow
F011889,C15260,2024-10-30,4,Good guidance from the team
F011890,C01561,2024-08-22,5,Excellent support
F011891,C19499,2025-07-31,5,The coach was helpful
F011892,C10169,2025-09-12,5,The coach was helpful
F011893,C02778,2025-11-02,3,Need more follow-up
F011894,C02294,2026-04-24,2,Program was difficult to follow
F011895,C11160,2025-08-03,5,Good experience
F011896,C01763,2026-06-09,4,Very helpful program
F011897,C01271,2024-08-24,5,Good experience
F011898,C13382,2024-11-03,4,I achieved my goal
F011899,C17777,2026-09-22,4,The coach was helpful
F011900,C01551,2026-07-04,5,The coach was helpful
F011901,C04082,2025-07-06,4,Excellent support
F011902,C03528,2025-06-27,4,Good experience
F011903,C08192,2024-03-28,5,Very satisfied
F011904,C02312,2024-12-18,5,The coach was helpful
F011905,C19171,2025-07-28,4,Very satisfied
F011906,C12257,2026-01-19,2,Expected better results
F011907,C06227,2025-05-15,2,Program was difficult to follow
F011908,C02722,2026-07-06,5,Very satisfied
F011909,C14286,2025-07-02,3,Expected better results
F011910,C17285,2025-11-07,2,Expected better results
F011911,C04893,2024-06-23,4,Good experience
F011912,C10716,2024-08-16,4,Very satisfied
F011913,C00131,2024-10-27,3,Expected better results
F011914,C08286,2025-04-27,5,Good guidance from the team
F011915,C01681,2024-12-03,2,Program was difficult to follow
F011916,C12147,2026-06-17,5,Very satisfied
F011917,C06449,2026-03-28,1,Could be better
F011918,C07182,2026-06-11,4,Very satisfied
F011919,C08324,2024-09-04,4,Good guidance from the team
F011920,C06458,2024-11-19,4,Good experience
F011921,C03905,2024-11-17,5,Excellent support
F011922,C01477,2024-10-31,3,Expected better results
F011923,C17571,2024-10-16,3,Need more follow-up
F011924,C03454,2024-07-04,5,I achieved my goal
F011925,C01684,2024-12-21,4,Excellent support
F011926,C15299,2026-04-28,4,Good guidance from the team
F011927,C06145,2024-04-26,3,Not fully satisfied
F011928,C00995,2024-12-05,2,I missed some sessions
F011929,C17966,2026-12-02,4,I achieved my goal
F011930,C17445,2025-04-20,5,Good experience
F011931,C06512,2026-04-29,4,Excellent support
F011932,C14531,2026-03-17,5,Very helpful program
F011933,C16617,2024-08-12,5,Excellent support
F011934,C06799,2026-07-18,4,I achieved my goal
F011935,C09446,2025-03-13,5,Good guidance from the team
F011936,C08170,2026-09-11,4,The coach was helpful
F011937,C01789,2025-11-06,3,Need more follow-up
F011938,C00075,2026-07-17,4,Very helpful program
F011939,C10551,2025-01-24,1,Expected better results
F011940,C14298,2024-09-22,5,Very satisfied
F011941,C06718,2026-09-10,2,Expected better results
F011942,C05728,2025-04-19,1,Need more follow-up
F011943,C18910,2024-10-05,5,The coach was helpful
F011944,C04071,2024-09-14,1,Expected better results
F011945,C03657,2025-01-17,4,Very satisfied
F011946,C00278,2025-09-03,3,Expected better results
F011947,C14495,2024-06-17,3,Program was difficult to follow
F011948,C00457,2024-09-05,4,Very helpful program
F011949,C06595,2025-10-31,5,Very helpful program
F011950,C16569,2025-04-18,5,Good guidance from the team
F011951,C11044,2025-07-24,5,I achieved my goal
F011952,C07449,2025-03-09,5,I achieved my goal
F011953,C18503,2026-03-20,5,Good experience
F011954,C15375,2026-03-06,3,I missed some sessions
F011955,C15948,2025-04-07,4,Good experience
F011956,C03493,2025-09-24,3,Could be better
F011957,C05798,2025-05-19,1,Need more follow-up
F011958,C02715,2026-05-10,4,I achieved my goal
F011959,C08784,2025-09-20,5,Good experience
F011960,C13575,2026-07-11,5,Good guidance from the team
F011961,C17782,2025-07-19,5,Excellent support
F011962,C06268,2026-04-18,5,Good guidance from the team
F011963,C13728,2026-04-22,3,Expected better results
F011964,C13279,2025-12-04,5,Good experience
F011965,C15831,2024-06-29,3,Program was difficult to follow
F011966,C03768,2024-03-10,5,The coach was helpful
F011967,C02306,2024-11-10,5,Good experience
F011968,C06405,2024-08-04,4,Very satisfied
F011969,C03004,2025-05-15,5,I achieved my goal
F011970,C04016,2025-12-30,1,Program was difficult to follow
F011971,C00198,2024-07-29,4,Very helpful program
F011972,C08049,2026-09-01,4,The coach was helpful
F011973,C13574,2025-09-29,4,Very satisfied
F011974,C19872,2025-03-23,3,Expected better results
F011975,C01614,2025-04-08,3,I missed some sessions
F011976,C17425,2026-04-14,5,Very satisfied
F011977,C01961,2026-08-05,3,Program was difficult to follow
F011978,C19000,2026-06-13,5,The coach was helpful
F011979,C10695,2026-06-22,5,Good guidance from the team
F011980,C13654,2025-01-19,5,Good guidance from the team
F011981,C17139,2026-08-05,4,Good guidance from the team
F011982,C10263,2025-11-22,4,Good guidance from the team
F011983,C13541,2025-02-22,4,Very satisfied
F011984,C17533,2025-11-20,5,Very satisfied
F011985,C19980,2024-07-10,4,Excellent support
F011986,C19809,2026-09-06,5,I achieved my goal
F011987,C03491,2025-09-03,5,I achieved my goal
F011988,C15670,2025-01-29,4,The coach was helpful
F011989,C15691,2025-09-22,5,Good experience
F011990,C17434,2025-08-30,5,Very helpful program
F011991,C02179,2025-01-24,4,Good experience
F011992,C09743,2025-03-04,5,Very helpful program
F011993,C09643,2024-07-31,5,Good experience
F011994,C02738,2024-03-21,4,Good guidance from the team
F011995,C06987,2025-02-09,5,Good guidance from the team
F011996,C04972,2026-06-02,5,Good guidance from the team
F011997,C00775,2024-05-20,4,The coach was helpful
F011998,C04015,2025-09-25,2,I missed some sessions
F011999,C18725,2025-11-15,4,Good experience
F012000,C11310,2024-06-22,5,Very satisfied
F012001,C04735,2026-04-04,4,Excellent support
F012002,C13870,2026-05-19,3,Program was difficult to follow
F012003,C08098,2026-04-10,4,Very satisfied
F012004,C17410,2026-03-20,5,I achieved my goal
F012005,C16551,2026-06-27,4,Very helpful program
F012006,C00676,2026-07-11,2,Program was difficult to follow
F012007,C02476,2025-06-21,3,Expected better results
F012008,C07883,2024-04-30,3,Expected better results
F012009,C04397,2024-03-08,4,The coach was helpful
F012010,C12409,2025-12-19,4,Good guidance from the team
F012011,C16153,2025-11-04,5,Good guidance from the team
F012012,C09131,2026-02-05,3,Could be better
F012013,C04427,2024-08-23,4,Excellent support
F012014,C04808,2027-01-18,2,I missed some sessions
F012015,C17935,2026-03-08,5,Good guidance from the team
F012016,C15973,2024-12-10,4,I achieved my goal
F012017,C01284,2024-09-29,3,Need more follow-up
F012018,C08519,2024-12-30,4,Very helpful program
F012019,C18224,2025-10-06,4,Very satisfied
F012020,C17063,2025-02-09,5,Excellent support
F012021,C08578,2025-12-18,5,Good experience
F012022,C05538,2024-10-07,5,Very helpful program
F012023,C13092,2024-08-26,4,Very helpful program
F012024,C16984,2024-03-26,4,The coach was helpful
F012025,C12993,2024-10-16,5,The coach was helpful
F012026,C08228,2026-03-10,4,Good experience
F012027,C15716,2024-05-20,3,Expected better results
F012028,C18918,2024-06-14,4,Good guidance from the team
F012029,C12780,2024-09-13,5,I achieved my goal
F012030,C00657,2025-10-01,4,Excellent support
F012031,C15487,2025-03-07,4,The coach was helpful
F012032,C08637,2025-01-26,5,I achieved my goal
F012033,C13734,2026-09-26,3,I missed some sessions
F012034,C01000,2024-11-13,5,Very helpful program
F012035,C07974,2025-10-11,1,Need more follow-up
F012036,C16230,2024-11-05,3,Expected better results
F012037,C13174,2025-07-26,5,Excellent support
F012038,C07189,2026-02-16,5,I achieved my goal
F012039,C09078,2024-10-06,5,The coach was helpful
F012040,C04508,2024-11-26,5,Very helpful program
F012041,C06527,2024-07-14,5,Very satisfied
F012042,C06829,2024-11-10,3,Program was difficult to follow
F012043,C07859,2025-04-21,1,I missed some sessions
F012044,C17477,2025-01-24,5,Good guidance from the team
F012045,C09441,2024-04-26,5,I achieved my goal
F012046,C17797,2026-05-07,5,The coach was helpful
F012047,C05620,2025-07-31,5,Very helpful program
F012048,C02025,2025-08-30,5,Excellent support
F012049,C15599,2025-01-11,5,I achieved my goal
F012050,C15829,2025-07-05,5,The coach was helpful
F012051,C04749,2026-02-12,4,Good experience
F012052,C16321,2026-06-25,3,Could be better
F012053,C04271,2024-08-31,5,Good guidance from the team
F012054,C03472,2026-10-21,5,Very satisfied
F012055,C08206,2025-10-05,5,The coach was helpful
F012056,C02320,2026-03-08,3,Not fully satisfied
F012057,C16489,2025-12-01,4,I achieved my goal
F012058,C02816,2025-05-02,4,The coach was helpful
F012059,C18625,2026-06-11,5,Very helpful program
F012060,C13768,2024-12-13,1,I missed some sessions
F012061,C16542,2024-11-17,5,I achieved my goal
F012062,C05400,2024-11-12,3,Need more follow-up
F012063,C10454,2026-02-19,4,Good guidance from the team
F012064,C05468,2024-10-17,5,Excellent support
F012065,C08181,2025-06-17,3,I missed some sessions
F012066,C06544,2026-01-25,3,Could be better
F012067,C05002,2025-09-02,5,Very satisfied
F012068,C18810,2026-05-25,1,Could be better
F012069,C19127,2024-03-28,5,Very helpful program
F012070,C13718,2024-04-24,4,The coach was helpful
F012071,C10990,2025-07-22,5,I achieved my goal
F012072,C02650,2025-12-30,5,The coach was helpful
F012073,C01976,2026-05-03,3,Need more follow-up
F012074,C12331,2024-06-09,4,Very satisfied
F012075,C13089,2026-01-06,5,Excellent support
F012076,C01651,2024-08-03,4,Good experience
F012077,C02438,2025-03-18,3,Not fully satisfied
F012078,C11560,2024-09-20,4,Very helpful program
F012079,C11174,2025-12-19,4,Good experience
F012080,C18888,2025-06-25,4,Excellent support
F012081,C08808,2026-06-11,4,Good guidance from the team
F012082,C12442,2026-08-03,5,The coach was helpful
F012083,C07525,2026-02-13,4,Excellent support
F012084,C19173,2026-06-07,5,Very helpful program
F012085,C10412,2024-11-29,2,Expected better results
F012086,C01753,2025-06-03,4,Good guidance from the team
F012087,C00115,2024-09-02,4,Good guidance from the team
F012088,C00618,2024-11-29,5,The coach was helpful
F012089,C12558,2024-05-07,5,Very helpful program
F012090,C07691,2025-02-21,4,I achieved my goal
F012091,C02612,2024-12-05,4,The coach was helpful
F012092,C19019,2024-04-08,3,Need more follow-up
F012093,C02826,2025-03-08,3,Not fully satisfied
F012094,C05813,2024-09-08,5,Good experience
F012095,C11201,2025-08-11,4,I achieved my goal
F012096,C07051,2024-04-30,5,Very helpful program
F012097,C09130,2026-01-20,5,Excellent support
F012098,C08537,2026-10-09,2,Program was difficult to follow
F012099,C10399,2024-08-29,5,Good guidance from the team
F012100,C08453,2025-07-31,4,I achieved my goal
F012101,C17433,2024-07-31,5,Very helpful program
F012102,C17189,2025-09-14,5,Very satisfied
F012103,C01259,2025-08-27,4,Excellent support
F012104,C01331,2025-01-23,4,I achieved my goal
F012105,C03347,2025-03-25,3,Need more follow-up
F012106,C18424,2026-08-23,5,Good experience
F012107,C06285,2026-05-31,3,I missed some sessions
F012108,C02585,2024-07-03,5,Very helpful program
F012109,C17753,2025-12-27,4,Good experience
F012110,C06928,2025-04-22,3,I missed some sessions
F012111,C10173,2026-06-06,3,Need more follow-up
F012112,C04199,2024-12-18,4,The coach was helpful
F012113,C13514,2025-12-29,4,I achieved my goal
F012114,C16689,2024-04-24,3,Could be better
F012115,C03745,2026-04-28,2,Could be better
F012116,C15586,2025-04-14,5,Excellent support
F012117,C15270,2025-06-21,4,Good experience
F012118,C18386,2025-05-17,3,Need more follow-up
F012119,C12682,2025-03-07,5,Good guidance from the team
F012120,C02378,2025-06-14,5,Good experience
F012121,C15524,2025-08-14,3,Not fully satisfied
F012122,C18222,2025-04-01,5,The coach was helpful
F012123,C10015,2025-11-16,5,Very helpful program
F012124,C06140,2026-05-20,4,I achieved my goal
F012125,C12851,2026-02-21,4,I achieved my goal
F012126,C03689,2025-03-11,4,Good guidance from the team
F012127,C08007,2026-11-15,5,Very helpful program
F012128,C19260,2025-02-23,4,Very satisfied
F012129,C06112,2025-11-01,3,Expected better results
F012130,C07837,2025-07-09,4,I achieved my goal
F012131,C09892,2024-04-12,2,Need more follow-up
F012132,C04954,2026-09-02,5,The coach was helpful
F012133,C08880,2024-07-27,4,The coach was helpful
F012134,C03576,2026-03-25,3,Program was difficult to follow
F012135,C01824,2025-12-01,5,I achieved my goal
F012136,C09662,2026-05-20,2,Could be better
F012137,C09409,2026-05-06,4,I achieved my goal
F012138,C07775,2026-09-03,4,I achieved my goal
F012139,C10172,2024-09-30,4,Good experience
F012140,C03310,2026-06-18,5,Very satisfied
F012141,C11383,2026-05-13,3,Program was difficult to follow
F012142,C15727,2026-03-28,2,Program was difficult to follow
F012143,C03064,2025-09-02,5,Very helpful program
F012144,C13751,2025-12-23,3,Could be better
F012145,C00597,2025-10-07,4,Good guidance from the team
F012146,C09682,2024-03-27,4,I achieved my goal
F012147,C02477,2026-07-08,4,Good guidance from the team
F012148,C00673,2026-02-01,5,Good experience
F012149,C04249,2024-12-29,5,The coach was helpful
F012150,C15591,2025-07-31,4,Good guidance from the team
F012151,C14674,2026-03-02,4,Good guidance from the team
F012152,C09394,2026-01-11,3,Not fully satisfied
F012153,C09911,2024-12-14,5,Good guidance from the team
F012154,C00492,2025-10-01,4,Excellent support
F012155,C08385,2024-06-28,3,Need more follow-up
F012156,C12759,2024-07-15,5,The coach was helpful
F012157,C07173,2025-01-02,1,Need more follow-up
F012158,C16217,2025-09-04,4,Very satisfied
F012159,C17121,2024-06-05,5,Very satisfied
F012160,C00101,2025-03-02,2,Expected better results
F012161,C14009,2024-11-16,4,Excellent support
F012162,C05755,2024-11-07,5,Excellent support
F012163,C05009,2025-03-27,5,Excellent support
F012164,C08438,2026-01-03,5,Very satisfied
F012165,C09416,2024-08-08,4,Good experience
F012166,C02661,2024-08-05,4,Very helpful program
F012167,C15119,2024-06-10,3,Program was difficult to follow
F012168,C02692,2026-07-29,5,Very satisfied
F012169,C17286,2026-02-23,2,Not fully satisfied
F012170,C19489,2024-12-06,3,Expected better results
F012171,C02394,2024-11-30,3,Need more follow-up
F012172,C09863,2025-10-04,5,The coach was helpful
F012173,C06832,2024-09-12,3,Could be better
F012174,C14284,2024-06-22,3,Need more follow-up
F012175,C19196,2025-07-02,3,Program was difficult to follow
F012176,C19990,2026-07-24,3,Not fully satisfied
F012177,C09019,2024-06-07,5,Excellent support
F012178,C04323,2025-01-09,5,Excellent support
F012179,C00011,2025-06-21,3,I missed some sessions
F012180,C16070,2026-02-24,3,Need more follow-up
F012181,C08788,2026-06-06,3,Expected better results
F012182,C18353,2025-05-19,5,Very satisfied
F012183,C19398,2024-10-29,2,Could be better
F012184,C02682,2024-08-28,5,The coach was helpful
F012185,C06615,2025-02-18,3,Expected better results
F012186,C12064,2026-05-14,4,Good guidance from the team
F012187,C09087,2026-10-21,4,I achieved my goal
F012188,C18320,2024-06-26,1,Could be better
F012189,C16473,2026-07-26,4,Very helpful program
F012190,C05060,2026-01-02,4,Very helpful program
F012191,C00665,2024-11-02,5,The coach was helpful
F012192,C07811,2026-06-12,2,Expected better results
F012193,C19910,2026-07-05,4,Good guidance from the team
F012194,C17488,2025-02-27,4,I achieved my goal
F012195,C12200,2025-11-16,5,Good guidance from the team
F012196,C04523,2025-06-26,5,Very helpful program
F012197,C09982,2025-10-11,4,Good guidance from the team
F012198,C01305,2026-01-11,4,Very satisfied
F012199,C04811,2024-05-22,4,Very satisfied
F012200,C05395,2024-07-17,4,Very helpful program
F012201,C17087,2024-08-07,4,I achieved my goal
F012202,C04729,2024-10-01,5,Excellent support
F012203,C05221,2025-08-18,5,Excellent support
F012204,C14132,2026-02-24,5,Excellent support
F012205,C18643,2026-02-23,5,I achieved my goal
F012206,C18536,2025-08-10,5,Good guidance from the team
F012207,C02928,2026-04-05,5,Good experience
F012208,C14204,2025-05-19,5,Good guidance from the team
F012209,C01031,2024-06-04,4,Good experience
F012210,C04733,2026-02-22,5,Good experience
F012211,C02651,2025-06-29,4,Excellent support
F012212,C09227,2026-05-29,3,Not fully satisfied
F012213,C02241,2024-05-17,4,The coach was helpful
F012214,C11657,2025-03-23,3,Could be better
F012215,C12054,2025-05-20,4,Good guidance from the team
F012216,C15745,2024-04-10,5,Excellent support
F012217,C00667,2025-04-20,2,Could be better
F012218,C05260,2024-08-09,3,Program was difficult to follow
F012219,C14884,2025-09-13,5,Good experience
F012220,C08722,2026-02-03,3,I missed some sessions
F012221,C04306,2024-11-27,4,Good guidance from the team
F012222,C04943,2025-07-14,3,Could be better
F012223,C17872,2025-11-04,4,Excellent support
F012224,C08613,2024-12-17,4,Very helpful program
F012225,C18019,2026-01-03,5,Good experience
F012226,C15904,2027-02-18,3,Program was difficult to follow
F012227,C17824,2025-08-15,5,Good experience
F012228,C16128,2025-12-23,5,Good guidance from the team
F012229,C19357,2025-03-25,2,I missed some sessions
F012230,C05528,2025-05-02,5,Good experience
F012231,C09890,2024-06-19,5,Excellent support
F012232,C15389,2025-04-16,5,Excellent support
F012233,C10873,2026-06-03,4,The coach was helpful
F012234,C05975,2024-08-06,1,Could be better
F012235,C16678,2024-09-10,3,Not fully satisfied
F012236,C05541,2025-01-03,4,Good experience
F012237,C05894,2026-06-21,4,Excellent support
F012238,C13910,2025-04-06,4,I achieved my goal
F012239,C09548,2024-04-27,3,Need more follow-up
F012240,C05595,2026-04-30,5,Very helpful program
F012241,C11143,2024-09-27,4,Good guidance from the team
F012242,C19914,2025-09-05,2,Expected better results
F012243,C19734,2026-04-13,2,I missed some sessions
F012244,C00378,2025-01-21,3,Program was difficult to follow
F012245,C05729,2025-12-08,5,Good guidance from the team
F012246,C18522,2025-05-29,4,Very satisfied
F012247,C13876,2025-06-11,3,Not fully satisfied
F012248,C01546,2026-05-31,4,Very helpful program
F012249,C18258,2024-04-30,5,Good guidance from the team
F012250,C03851,2024-10-07,5,The coach was helpful
F012251,C02266,2025-04-04,4,Very helpful program
F012252,C17961,2025-01-22,4,Good experience
F012253,C05534,2024-09-09,3,Not fully satisfied
F012254,C05401,2024-12-13,3,Could be better
F012255,C08103,2025-10-23,5,Excellent support
F012256,C08517,2025-09-10,4,The coach was helpful
F012257,C11098,2024-10-16,5,Good experience
F012258,C02595,2025-10-02,3,Need more follow-up
F012259,C01633,2024-09-14,1,Expected better results
F012260,C00839,2026-04-13,4,The coach was helpful
F012261,C02765,2025-12-06,5,I achieved my goal
F012262,C05843,2026-07-20,3,Need more follow-up
F012263,C16782,2025-11-25,4,Good guidance from the team
F012264,C08053,2026-03-22,3,Program was difficult to follow
F012265,C17550,2026-02-22,4,Excellent support
F012266,C04149,2026-06-05,4,Very satisfied
F012267,C03075,2024-06-29,2,Expected better results
F012268,C11465,2025-08-07,3,Program was difficult to follow
F012269,C17962,2025-03-21,4,Very satisfied
F012270,C08116,2025-06-09,2,Expected better results
F012271,C02804,2025-07-09,5,Good guidance from the team
F012272,C06317,2026-01-09,4,Good experience
F012273,C14270,2025-05-22,1,Could be better
F012274,C08858,2025-01-03,2,I missed some sessions
F012275,C07659,2026-01-06,5,Very satisfied
F012276,C05034,2024-05-10,3,Not fully satisfied
F012277,C01513,2026-09-30,2,Not fully satisfied
F012278,C10312,2025-08-23,4,Very satisfied
F012279,C13263,2024-09-13,4,The coach was helpful
F012280,C11527,2025-02-05,5,Very satisfied
F012281,C02929,2024-05-10,2,I missed some sessions
F012282,C08153,2024-04-22,4,Very satisfied
F012283,C16691,2025-02-21,5,Good experience
F012284,C02805,2024-07-02,5,Very helpful program
F012285,C06845,2026-04-23,4,Excellent support
F012286,C10964,2024-05-30,4,The coach was helpful
F012287,C14267,2026-05-10,4,The coach was helpful
F012288,C19723,2026-07-16,5,Good guidance from the team
F012289,C01631,2025-01-23,4,The coach was helpful
F012290,C07925,2024-09-03,3,Expected better results
F012291,C13600,2024-05-17,2,Expected better results
F012292,C07782,2024-11-25,5,I achieved my goal
F012293,C11707,2025-04-07,5,I achieved my goal
F012294,C16833,2025-06-02,4,Good experience
F012295,C10758,2024-06-11,5,Good experience
F012296,C11667,2026-01-18,3,Could be better
F012297,C14185,2024-08-06,2,Not fully satisfied
F012298,C11820,2025-01-28,3,I missed some sessions
F012299,C04918,2024-10-22,4,I achieved my goal
F012300,C15429,2025-01-12,4,Very helpful program
F012301,C03709,2025-08-30,3,Not fully satisfied
F012302,C13206,2025-09-21,5,Excellent support
F012303,C05077,2026-02-11,5,Good experience
F012304,C09323,2025-06-08,5,Good experience
F012305,C16635,2025-11-05,3,Program was difficult to follow
F012306,C19065,2024-05-27,5,I achieved my goal
F012307,C12812,2026-08-26,1,Program was difficult to follow
F012308,C18658,2024-08-25,1,Need more follow-up
F012309,C02718,2025-01-22,4,The coach was helpful
F012310,C07343,2025-03-03,4,Excellent support
F012311,C11882,2025-05-15,5,Very helpful program
F012312,C19039,2025-08-02,5,I achieved my goal
F012313,C13753,2025-05-16,3,I missed some sessions
F012314,C11367,2025-01-21,4,Excellent support
F012315,C03604,2025-08-05,2,Need more follow-up
F012316,C16893,2026-04-17,3,Expected better results
F012317,C18284,2025-12-22,3,Could be better
F012318,C15719,2026-03-30,4,Good experience
F012319,C01620,2026-08-25,5,Excellent support
F012320,C01301,2025-01-26,4,The coach was helpful
F012321,C16405,2026-06-09,5,I achieved my goal
F012322,C19589,2026-10-11,5,Good guidance from the team
F012323,C01905,2024-12-21,3,Expected better results
F012324,C14445,2024-10-19,5,The coach was helpful
F012325,C07689,2025-08-13,5,Very helpful program
F012326,C19704,2025-02-23,2,Not fully satisfied
F012327,C03011,2025-08-13,4,Good guidance from the team
F012328,C12177,2025-12-31,5,Very helpful program
F012329,C05366,2025-05-24,5,Good guidance from the team
F012330,C17992,2025-08-10,5,Good experience
F012331,C08294,2025-01-17,5,I achieved my goal
F012332,C17065,2025-11-11,2,Not fully satisfied
F012333,C04355,2026-07-24,2,Could be better
F012334,C08386,2026-10-12,2,Expected better results
F012335,C00901,2026-01-31,4,The coach was helpful
F012336,C04971,2026-10-29,4,Very helpful program
F012337,C12702,2025-07-30,4,Good experience
F012338,C16078,2024-10-11,5,I achieved my goal
F012339,C00317,2024-06-01,2,Could be better
F012340,C19797,2026-01-27,5,Good guidance from the team
F012341,C08475,2024-05-15,4,Good guidance from the team
F012342,C18859,2024-12-11,3,Expected better results
F012343,C11816,2024-10-13,5,Good experience
F012344,C15694,2026-08-16,4,I achieved my goal
F012345,C02825,2024-11-05,5,Good guidance from the team
F012346,C01956,2025-05-07,4,I achieved my goal
F012347,C00501,2024-06-27,1,Could be better
F012348,C10223,2025-08-29,5,Good guidance from the team
F012349,C12074,2026-08-10,5,Excellent support
F012350,C19502,2026-04-16,2,Not fully satisfied
F012351,C05710,2025-11-11,5,Good guidance from the team
F012352,C01906,2025-11-12,4,Very satisfied
F012353,C00036,2025-09-06,5,Very helpful program
F012354,C19181,2024-07-03,5,Very satisfied
F012355,C07321,2024-09-07,4,Good experience
F012356,C14451,2026-03-29,4,Good guidance from the team
F012357,C13175,2025-03-19,3,Expected better results
F012358,C19461,2025-02-22,4,Good experience
F012359,C19968,2026-07-14,5,Excellent support
F012360,C19828,2025-10-05,3,Need more follow-up
F012361,C03449,2024-12-10,5,I achieved my goal
F012362,C08272,2025-02-25,5,Good guidance from the team
F012363,C00642,2026-04-06,4,I achieved my goal
F012364,C07734,2026-03-14,5,The coach was helpful
F012365,C04837,2024-10-27,5,Excellent support
F012366,C07037,2025-02-28,5,I achieved my goal
F012367,C05362,2026-07-13,4,The coach was helpful
F012368,C17597,2025-04-12,5,Very helpful program
F012369,C10549,2025-08-22,4,Excellent support
F012370,C18471,2024-07-14,2,I missed some sessions
F012371,C10281,2026-03-28,1,Need more follow-up
F012372,C11348,2024-11-12,4,The coach was helpful
F012373,C19004,2025-03-17,5,Excellent support
F012374,C01491,2024-06-26,3,Need more follow-up
F012375,C01162,2025-09-08,5,The coach was helpful
F012376,C02054,2024-11-24,2,I missed some sessions
F012377,C09854,2024-05-03,5,Good experience
F012378,C10752,2025-05-14,5,The coach was helpful
F012379,C13755,2025-04-03,5,Very satisfied
F012380,C03160,2026-04-02,3,Expected better results
F012381,C17494,2024-11-16,4,Very satisfied
F012382,C06073,2025-09-24,4,I achieved my goal
F012383,C11589,2025-04-06,4,Good experience
F012384,C04822,2025-08-15,5,The coach was helpful
F012385,C12454,2024-11-03,3,Program was difficult to follow
F012386,C19396,2025-09-19,4,The coach was helpful
F012387,C00633,2024-11-04,3,I missed some sessions
F012388,C03097,2024-12-08,5,The coach was helpful
F012389,C06543,2024-10-10,3,Expected better results
F012390,C05036,2027-06-15,4,Good experience
F012391,C01330,2025-06-12,2,Need more follow-up
F012392,C15885,2025-12-17,3,Need more follow-up
F012393,C10805,2025-07-10,5,Very satisfied
F012394,C06740,2024-08-31,5,Good experience
F012395,C09518,2026-06-29,4,Excellent support
F012396,C02224,2024-06-22,4,Very helpful program
F012397,C10555,2025-08-09,5,Very helpful program
F012398,C00023,2025-07-19,5,Good guidance from the team
F012399,C13236,2024-08-04,4,I achieved my goal
F012400,C13635,2025-05-03,5,The coach was helpful
F012401,C07810,2026-03-03,2,I missed some sessions
F012402,C17800,2025-03-15,4,I achieved my goal
F012403,C05574,2026-08-20,5,Good experience
F012404,C12724,2026-03-19,5,The coach was helpful
F012405,C07382,2025-08-27,5,Excellent support
F012406,C00405,2025-05-09,3,Need more follow-up
F012407,C16319,2024-09-12,4,Excellent support
F012408,C02697,2024-04-30,3,Not fully satisfied
F012409,C07603,2025-03-05,4,Good experience
F012410,C09279,2025-01-10,2,Could be better
F012411,C18753,2026-03-16,5,Good experience
F012412,C04119,2026-10-30,1,Expected better results
F012413,C05531,2024-07-22,5,Very satisfied
F012414,C11827,2025-06-01,3,Expected better results
F012415,C05038,2024-10-31,3,Could be better
F012416,C01402,2026-08-12,1,Need more follow-up
F012417,C17331,2025-06-12,1,Not fully satisfied
F012418,C09111,2026-01-20,2,Expected better results
F012419,C11847,2026-06-26,4,Very helpful program
F012420,C04513,2024-11-14,5,Excellent support
F012421,C19957,2024-07-24,4,Very helpful program
F012422,C11903,2026-05-18,5,Good experience
F012423,C13197,2025-02-14,2,Not fully satisfied
F012424,C01273,2026-04-19,3,Not fully satisfied
F012425,C15106,2025-12-13,4,I achieved my goal
F012426,C03101,2025-07-18,3,Need more follow-up
F012427,C06290,2025-02-22,4,I achieved my goal
F012428,C16431,2026-11-03,5,I achieved my goal
F012429,C16043,2025-03-17,2,Need more follow-up
F012430,C06352,2026-08-13,5,Good guidance from the team
F012431,C17382,2025-01-27,3,Program was difficult to follow
F012432,C17394,2024-11-22,5,Very satisfied
F012433,C06043,2025-11-09,3,Need more follow-up
F012434,C10133,2024-04-11,5,Good guidance from the team
F012435,C08163,2024-03-07,1,Could be better
F012436,C03259,2026-08-14,5,Very helpful program
F012437,C12769,2024-05-15,5,Very satisfied
F012438,C05339,2026-04-24,5,Excellent support
F012439,C11689,2025-10-19,3,Need more follow-up
F012440,C09017,2026-01-23,5,Good guidance from the team
F012441,C12632,2024-06-26,4,I achieved my goal
F012442,C17693,2024-06-09,4,Good guidance from the team
F012443,C12727,2025-03-04,4,Good guidance from the team
F012444,C12341,2025-04-17,4,The coach was helpful
F012445,C19658,2024-03-20,2,I missed some sessions
F012446,C11727,2024-03-06,2,I missed some sessions
F012447,C06000,2024-08-05,4,Good guidance from the team
F012448,C17860,2024-03-03,3,Program was difficult to follow
F012449,C10164,2026-03-09,4,Very helpful program
F012450,C18008,2025-06-04,3,Not fully satisfied
F012451,C14394,2025-08-08,3,Program was difficult to follow
F012452,C00976,2027-01-18,4,Good experience
F012453,C19525,2024-10-22,5,Good guidance from the team
F012454,C06675,2025-10-25,3,Could be better
F012455,C11440,2024-11-04,2,Program was difficult to follow
F012456,C00479,2025-10-05,4,Excellent support
F012457,C00577,2025-07-29,5,Very satisfied
F012458,C02941,2024-08-25,1,I missed some sessions
F012459,C15741,2024-04-01,2,Need more follow-up
F012460,C11275,2026-08-25,1,I missed some sessions
F012461,C19303,2026-05-27,2,Program was difficult to follow
F012462,C07654,2025-06-18,5,Very satisfied
F012463,C12865,2026-06-09,5,The coach was helpful
F012464,C09843,2025-12-31,3,Program was difficult to follow
F012465,C00065,2024-04-18,2,I missed some sessions
F012466,C08023,2026-07-26,3,Program was difficult to follow
F012467,C07203,2025-07-09,2,Could be better
F012468,C09714,2025-02-23,3,Need more follow-up
F012469,C17152,2024-07-17,5,The coach was helpful
F012470,C03669,2024-11-03,5,Good guidance from the team
F012471,C08319,2025-08-03,4,Good guidance from the team
F012472,C05629,2025-11-09,5,Excellent support
F012473,C08897,2025-01-16,5,Excellent support
F012474,C16641,2024-12-07,3,I missed some sessions
F012475,C03120,2025-02-01,4,Good guidance from the team
F012476,C06581,2026-02-06,5,I achieved my goal
F012477,C00582,2024-07-21,5,Good experience
F012478,C18901,2026-05-11,5,Very helpful program
F012479,C15847,2025-07-31,3,Not fully satisfied
F012480,C10572,2025-11-12,3,Not fully satisfied
F012481,C16991,2026-06-27,5,Very helpful program
F012482,C01818,2025-04-03,5,I achieved my goal
F012483,C00242,2025-05-27,4,I achieved my goal
F012484,C08913,2026-08-28,3,Not fully satisfied
F012485,C13588,2025-06-03,4,Excellent support
F012486,C18933,2025-05-13,4,I achieved my goal
F012487,C13348,2024-11-28,3,Not fully satisfied
F012488,C11627,2026-02-12,4,Excellent support
F012489,C18412,2025-02-08,4,I achieved my goal
F012490,C13911,2024-04-06,4,Good guidance from the team
F012491,C02364,2024-04-29,5,Good experience
F012492,C09767,2024-12-15,5,Good guidance from the team
F012493,C19112,2025-10-29,3,Need more follow-up
F012494,C15815,2026-06-21,3,Program was difficult to follow
F012495,C15946,2024-07-30,5,Good guidance from the team
F012496,C04280,2024-04-25,5,Very helpful program
F012497,C18451,2025-10-30,3,I missed some sessions
F012498,C02694,2026-09-21,4,Very satisfied
F012499,C15188,2026-05-26,3,Not fully satisfied
F012500,C12061,2024-08-22,4,The coach was helpful
F012501,C15707,2024-04-19,4,Excellent support
F012502,C14580,2024-11-10,4,Good guidance from the team
F012503,C04690,2024-06-01,5,Very satisfied
F012504,C02397,2025-10-30,5,Very helpful program
F012505,C18556,2025-10-01,3,Not fully satisfied
F012506,C04993,2025-07-22,4,Good guidance from the team
F012507,C08384,2025-08-10,4,Good guidance from the team
F012508,C15267,2026-07-26,2,Program was difficult to follow
F012509,C14156,2026-05-01,5,Very helpful program
F012510,C10881,2024-09-12,5,I achieved my goal
F012511,C01828,2025-03-30,4,Very helpful program
F012512,C00535,2025-03-20,5,Good guidance from the team
F012513,C03865,2026-03-24,3,I missed some sessions
F012514,C04219,2026-04-08,4,I achieved my goal
F012515,C03610,2026-06-02,4,I achieved my goal
F012516,C00948,2024-11-29,2,Could be better
F012517,C00780,2026-04-08,4,Good guidance from the team
F012518,C19729,2024-09-15,4,Excellent support
F012519,C01682,2025-11-04,4,I achieved my goal
F012520,C15266,2025-07-07,5,Very satisfied
F012521,C12877,2025-10-11,1,Program was difficult to follow
F012522,C12995,2026-02-03,4,Very helpful program
F012523,C19672,2025-08-16,4,I achieved my goal
F012524,C11808,2024-10-23,4,Very helpful program
F012525,C04574,2024-08-24,4,Good guidance from the team
F012526,C13842,2024-04-06,4,Very satisfied
F012527,C05308,2026-03-07,4,I achieved my goal
F012528,C07074,2025-12-23,5,Good experience
F012529,C18856,2025-05-21,5,Very helpful program
F012530,C03380,2027-04-15,3,Not fully satisfied
F012531,C07375,2027-05-12,5,Very helpful program
F012532,C09255,2024-06-11,1,Program was difficult to follow
F012533,C10117,2024-08-26,1,Expected better results
F012534,C07244,2024-05-29,4,Good experience
F012535,C03539,2025-12-12,1,Not fully satisfied
F012536,C06409,2024-12-06,4,Good experience
F012537,C17221,2024-02-24,1,Need more follow-up
F012538,C11817,2025-05-03,5,Very helpful program
F012539,C02332,2024-12-27,5,Excellent support
F012540,C15968,2025-03-31,4,Very helpful program
F012541,C03165,2024-10-05,5,Very satisfied
F012542,C19913,2024-07-19,4,The coach was helpful
F012543,C00527,2024-05-27,4,I achieved my goal
F012544,C18879,2026-03-15,5,Excellent support
F012545,C18704,2024-07-29,4,Very helpful program
F012546,C01937,2025-05-09,4,Good experience
F012547,C14196,2024-08-16,4,Good guidance from the team
F012548,C19707,2026-01-14,5,Good experience
F012549,C11317,2025-12-14,4,I achieved my goal
F012550,C14658,2025-11-24,3,Could be better
F012551,C19964,2026-09-09,5,The coach was helpful
F012552,C14258,2025-04-25,2,I missed some sessions
F012553,C12076,2025-07-15,1,I missed some sessions
F012554,C17338,2024-03-14,5,Very satisfied
F012555,C02559,2024-10-12,4,The coach was helpful
F012556,C04487,2025-11-07,5,I achieved my goal
F012557,C14426,2024-09-05,3,I missed some sessions
F012558,C14101,2024-07-13,5,Good experience
F012559,C09679,2025-04-17,4,Excellent support
F012560,C10538,2026-03-21,4,The coach was helpful
F012561,C19898,2025-08-28,3,Not fully satisfied
F012562,C14858,2025-05-30,4,The coach was helpful
F012563,C07435,2025-10-23,3,Need more follow-up
F012564,C19962,2026-12-09,5,Good experience
F012565,C14836,2026-01-26,4,Very helpful program
F012566,C08676,2024-08-06,5,The coach was helpful
F012567,C02291,2026-09-09,5,Good experience
F012568,C06858,2025-07-08,5,Very helpful program
F012569,C17827,2026-04-14,5,Good guidance from the team
F012570,C01169,2025-12-23,4,Excellent support
F012571,C13978,2026-01-01,4,Good experience
F012572,C11413,2025-02-03,4,Good experience
F012573,C04048,2026-03-19,5,Excellent support
F012574,C15175,2025-12-02,3,Need more follow-up
F012575,C09966,2025-11-03,4,The coach was helpful
F012576,C18836,2025-06-20,5,Good experience
F012577,C01414,2025-03-13,3,Not fully satisfied
F012578,C15804,2025-05-05,4,I achieved my goal
F012579,C08013,2025-10-09,3,Not fully satisfied
F012580,C17843,2024-05-07,4,Good guidance from the team
F012581,C06381,2024-06-15,2,Expected better results
F012582,C10376,2026-09-01,5,I achieved my goal
F012583,C17111,2025-12-06,3,Could be better
F012584,C14456,2025-01-05,4,The coach was helpful
F012585,C09924,2025-09-06,2,Could be better
F012586,C04862,2024-03-29,5,Good experience
F012587,C19654,2025-09-08,5,Excellent support
F012588,C11144,2025-06-19,5,Good guidance from the team
F012589,C09496,2024-07-09,3,Could be better
F012590,C18444,2024-07-14,5,Good experience
F012591,C13730,2026-12-12,5,I achieved my goal
F012592,C03963,2024-10-16,5,Very helpful program
F012593,C09400,2025-06-11,2,Need more follow-up
F012594,C16402,2024-12-31,3,Program was difficult to follow
F012595,C02458,2025-05-12,3,Program was difficult to follow
F012596,C01888,2025-09-05,4,Good experience
F012597,C07019,2025-04-26,3,Could be better
F012598,C15802,2024-03-26,3,Need more follow-up
F012599,C19458,2025-11-10,5,Good experience
F012600,C13593,2024-03-27,5,Good experience
F012601,C03544,2026-03-08,5,Very helpful program
F012602,C15493,2025-01-05,4,Very helpful program
F012603,C10471,2025-07-11,5,Very helpful program
F012604,C02205,2026-12-21,5,Very satisfied
F012605,C13052,2025-06-20,4,I achieved my goal
F012606,C13583,2026-07-07,4,Good experience
F012607,C18834,2025-06-28,3,Expected better results
F012608,C19508,2024-07-02,4,Very helpful program
F012609,C12141,2024-05-14,4,Excellent support
F012610,C18672,2025-10-21,4,Excellent support
F012611,C06971,2025-06-25,5,I achieved my goal
F012612,C02708,2024-08-12,3,I missed some sessions
F012613,C11207,2024-12-10,4,The coach was helpful
F012614,C17332,2024-04-16,5,Very satisfied
F012615,C14566,2025-05-12,3,Need more follow-up
F012616,C06821,2024-11-25,4,Very helpful program
F012617,C08426,2026-04-06,3,Expected better results
F012618,C02527,2024-11-04,2,Need more follow-up
F012619,C06746,2024-06-27,5,Very helpful program
F012620,C13558,2024-05-12,5,Good guidance from the team
F012621,C05346,2024-08-25,3,I missed some sessions
F012622,C08945,2026-04-07,4,Excellent support
F012623,C13000,2026-06-05,4,The coach was helpful
F012624,C06369,2024-12-19,4,I achieved my goal
F012625,C03748,2024-11-01,5,Very satisfied
F012626,C05176,2027-04-07,4,Good guidance from the team
F012627,C00828,2024-05-12,5,Very helpful program
F012628,C16382,2025-03-09,4,Excellent support
F012629,C11720,2026-02-07,3,Need more follow-up
F012630,C10259,2025-03-20,3,I missed some sessions
F012631,C13455,2026-08-14,2,Not fully satisfied
F012632,C01943,2026-09-01,4,Very helpful program
F012633,C14813,2024-09-23,3,Could be better
F012634,C00199,2026-08-17,4,Good guidance from the team
F012635,C08934,2025-03-03,2,Program was difficult to follow
F012636,C18453,2026-08-08,5,Good experience
F012637,C19976,2024-03-12,4,Very helpful program
F012638,C03757,2024-11-23,5,Very satisfied
F012639,C11083,2026-08-31,5,Good guidance from the team
F012640,C15666,2024-09-28,2,Could be better
F012641,C05113,2025-08-22,5,Good guidance from the team
F012642,C19243,2025-08-11,5,Good guidance from the team
F012643,C01090,2025-04-15,5,Good experience
F012644,C12887,2024-06-04,4,Good guidance from the team
F012645,C16486,2025-02-23,4,Good guidance from the team
F012646,C14094,2025-04-19,3,Could be better
F012647,C09549,2025-09-09,4,Good experience
F012648,C15006,2025-01-29,5,The coach was helpful
F012649,C13932,2024-04-30,3,Not fully satisfied
F012650,C07538,2025-05-16,3,I missed some sessions
F012651,C06303,2025-06-15,2,Need more follow-up
F012652,C10328,2025-01-20,5,Very satisfied
F012653,C00035,2026-03-18,4,I achieved my goal
F012654,C17903,2025-03-27,4,Excellent support
F012655,C06107,2026-08-18,5,Good experience
F012656,C13452,2026-07-15,5,Good guidance from the team
F012657,C10849,2026-06-23,3,Need more follow-up
F012658,C02764,2024-09-09,5,I achieved my goal
F012659,C04159,2024-05-03,5,I achieved my goal
F012660,C10784,2024-12-19,4,I achieved my goal
F012661,C13615,2026-09-09,4,Very helpful program
F012662,C05925,2024-08-15,2,Not fully satisfied
F012663,C00138,2026-01-02,2,Could be better
F012664,C05092,2026-04-25,4,Good experience
F012665,C09604,2024-09-14,5,Good guidance from the team
F012666,C14347,2026-05-06,4,Excellent support
F012667,C00819,2026-04-21,5,Excellent support
F012668,C08311,2025-02-13,3,Expected better results
F012669,C19351,2024-08-07,5,Good guidance from the team
F012670,C03081,2024-08-16,5,Excellent support
F012671,C12912,2026-06-01,3,Could be better
F012672,C05546,2025-01-12,4,Very helpful program
F012673,C17386,2025-06-04,5,Very helpful program
F012674,C05747,2026-02-27,5,Good guidance from the team
F012675,C05589,2026-07-15,5,The coach was helpful
F012676,C03730,2025-09-09,4,Good experience
F012677,C13765,2025-12-08,5,Very satisfied
F012678,C15179,2024-08-15,2,Need more follow-up
F012679,C02732,2025-12-18,2,Not fully satisfied
F012680,C17036,2025-01-17,4,I achieved my goal
F012681,C01167,2026-07-03,2,I missed some sessions
F012682,C13648,2024-10-23,5,The coach was helpful
F012683,C02752,2026-04-14,4,The coach was helpful
F012684,C17002,2026-02-01,3,Need more follow-up
F012685,C11524,2026-02-16,4,Very satisfied
F012686,C00617,2024-12-28,2,I missed some sessions
F012687,C18744,2025-08-04,3,Program was difficult to follow
F012688,C13178,2025-10-13,3,Not fully satisfied
F012689,C11211,2025-10-24,5,The coach was helpful
F012690,C10728,2025-08-24,5,Good guidance from the team
F012691,C19215,2026-04-30,5,Very helpful program
F012692,C06687,2026-06-20,5,Good guidance from the team
F012693,C15313,2026-02-03,4,The coach was helpful
F012694,C16188,2025-07-17,4,Good experience
F012695,C01597,2026-05-26,3,Not fully satisfied
F012696,C08172,2025-12-20,1,Program was difficult to follow
F012697,C05094,2026-04-25,2,Could be better
F012698,C18981,2025-02-01,3,Need more follow-up
F012699,C15902,2025-04-26,4,I achieved my goal
F012700,C02857,2024-06-07,3,Expected better results
F012701,C09223,2025-11-19,5,Good guidance from the team
F012702,C18789,2025-11-27,2,Expected better results
F012703,C01941,2025-05-29,4,I achieved my goal
F012704,C16124,2026-06-28,3,Could be better
F012705,C03041,2025-04-28,2,Could be better
F012706,C17240,2024-07-22,4,Good experience
F012707,C16119,2024-10-21,2,Expected better results
F012708,C11665,2026-03-24,5,Good guidance from the team
F012709,C05425,2026-05-06,5,Good guidance from the team
F012710,C15468,2025-05-19,5,Excellent support
F012711,C18632,2026-03-30,4,The coach was helpful
F012712,C12649,2024-10-28,4,Very helpful program
F012713,C17788,2025-03-28,4,I achieved my goal
F012714,C06899,2026-01-16,5,The coach was helpful
F012715,C13468,2025-12-06,2,Program was difficult to follow
F012716,C07488,2026-02-08,5,Very satisfied
F012717,C14043,2026-02-02,5,Good guidance from the team
F012718,C06958,2024-11-18,5,The coach was helpful
F012719,C02886,2026-09-21,5,Good experience
F012720,C08610,2025-11-04,1,Could be better
F012721,C10166,2025-07-26,5,Good guidance from the team
F012722,C12304,2026-08-04,5,Good experience
F012723,C08814,2026-05-31,4,Excellent support
F012724,C13476,2025-12-16,4,Very satisfied
F012725,C14620,2026-10-24,5,Very satisfied
F012726,C02806,2026-07-08,4,Excellent support
F012727,C00602,2025-10-14,3,I missed some sessions
F012728,C05779,2025-09-04,2,Need more follow-up
F012729,C00462,2024-06-17,4,Good guidance from the team
F012730,C14770,2025-04-09,1,Need more follow-up
F012731,C16734,2026-03-25,3,Need more follow-up
F012732,C08512,2024-09-15,3,Expected better results
F012733,C04967,2024-04-30,4,Excellent support
F012734,C17254,2025-05-03,5,Good guidance from the team
F012735,C17209,2025-03-10,1,Not fully satisfied
F012736,C05305,2026-09-27,4,Excellent support
F012737,C09932,2024-10-06,3,Expected better results
F012738,C02627,2025-09-12,5,Good guidance from the team
F012739,C05472,2024-12-28,4,Very helpful program
F012740,C16042,2025-08-09,3,Need more follow-up
F012741,C08255,2024-05-17,5,Excellent support
F012742,C06852,2025-06-11,4,Good experience
F012743,C17464,2025-11-08,3,Not fully satisfied
F012744,C17196,2025-12-01,4,Good experience
F012745,C09348,2024-06-09,5,The coach was helpful
F012746,C08886,2024-12-11,1,Could be better
F012747,C04899,2025-02-13,5,Good guidance from the team
F012748,C17974,2024-04-09,4,Good experience
F012749,C10225,2025-11-18,2,Could be better
F012750,C03013,2024-10-07,4,Good guidance from the team
F012751,C13491,2024-08-09,5,Good experience
F012752,C10796,2026-03-14,5,Very helpful program
F012753,C14630,2025-05-15,5,Very satisfied
F012754,C00277,2024-10-19,3,Expected better results
F012755,C19475,2026-12-21,4,The coach was helpful
F012756,C04357,2024-06-27,5,Excellent support
F012757,C18219,2025-10-02,5,Good guidance from the team
F012758,C15581,2024-03-04,1,I missed some sessions
F012759,C08121,2025-02-13,3,Program was difficult to follow
F012760,C07574,2024-06-05,4,The coach was helpful
F012761,C00266,2026-02-22,4,Very helpful program
F012762,C00711,2025-12-27,3,Program was difficult to follow
F012763,C11213,2026-07-25,4,I achieved my goal
F012764,C11546,2025-08-26,4,Good experience
F012765,C02185,2026-09-09,5,Good experience
F012766,C00871,2025-11-09,3,I missed some sessions
F012767,C15614,2026-02-11,4,Good guidance from the team
F012768,C19877,2025-08-14,5,Good guidance from the team
F012769,C08730,2025-07-11,5,Good guidance from the team
F012770,C17110,2026-02-12,4,Very satisfied
F012771,C17375,2025-01-05,4,Excellent support
F012772,C11127,2027-02-16,4,I achieved my goal
F012773,C10477,2026-02-12,5,The coach was helpful
F012774,C06507,2025-04-30,3,Not fully satisfied
F012775,C02036,2024-11-21,5,I achieved my goal
F012776,C09414,2025-11-08,2,Program was difficult to follow
F012777,C12027,2025-11-11,3,Could be better
F012778,C02227,2024-04-07,2,Not fully satisfied
F012779,C08739,2026-03-07,5,The coach was helpful
F012780,C13977,2024-09-16,2,Expected better results
F012781,C14895,2025-10-24,4,I achieved my goal
F012782,C13453,2025-09-30,4,Very helpful program
F012783,C03367,2024-11-09,5,Very satisfied
F012784,C18567,2024-05-27,5,I achieved my goal
F012785,C13080,2026-06-16,4,Very satisfied
F012786,C11561,2024-08-03,4,Very helpful program
F012787,C13526,2024-06-24,4,Very satisfied
F012788,C03377,2026-05-29,3,Not fully satisfied
F012789,C12517,2024-04-05,4,Good experience
F012790,C13134,2026-03-19,5,Excellent support
F012791,C13044,2025-01-20,5,I achieved my goal
F012792,C13621,2025-03-30,5,Very satisfied
F012793,C16644,2025-05-29,2,Need more follow-up
F012794,C18865,2024-08-22,5,I achieved my goal
F012795,C07300,2024-11-11,2,Could be better
F012796,C09704,2025-05-31,5,Good guidance from the team
F012797,C08915,2026-03-18,5,Excellent support
F012798,C03427,2026-05-04,3,Not fully satisfied
F012799,C11234,2024-08-31,1,Expected better results
F012800,C12340,2026-04-28,5,The coach was helpful
F012801,C12104,2025-02-16,4,Good guidance from the team
F012802,C14507,2024-03-31,4,Good guidance from the team
F012803,C12909,2025-10-18,3,Need more follow-up
F012804,C11568,2025-08-09,5,The coach was helpful
F012805,C09266,2026-04-13,3,Expected better results
F012806,C02943,2025-03-23,5,Good guidance from the team
F012807,C06800,2025-07-31,3,I missed some sessions
F012808,C19119,2026-02-05,5,Very helpful program
F012809,C12630,2026-09-23,4,Very helpful program
F012810,C16817,2024-11-22,5,The coach was helpful
F012811,C19857,2025-01-04,5,Very satisfied
F012812,C15210,2024-12-15,5,The coach was helpful
F012813,C16019,2026-05-07,5,Very helpful program
F012814,C05935,2024-08-03,3,Expected better results
F012815,C17949,2026-03-15,4,Very helpful program
F012816,C12443,2025-07-12,3,Not fully satisfied
F012817,C19251,2026-08-19,3,Could be better
F012818,C03234,2024-09-22,3,Need more follow-up
F012819,C10480,2025-12-06,2,Program was difficult to follow
F012820,C05782,2025-12-06,3,Expected better results
F012821,C12806,2026-06-12,5,Excellent support
F012822,C04829,2024-10-08,5,Excellent support
F012823,C19235,2024-09-15,5,I achieved my goal
F012824,C17167,2025-10-30,4,Very satisfied
F012825,C07672,2024-05-20,4,I achieved my goal
F012826,C06478,2024-11-27,5,Very helpful program
F012827,C11137,2026-03-02,4,I achieved my goal
F012828,C08199,2024-10-07,3,Could be better
F012829,C14947,2026-08-20,5,Very satisfied
F012830,C08796,2025-02-11,3,Not fully satisfied
F012831,C01027,2024-04-20,5,Excellent support
F012832,C00999,2024-03-28,5,Good experience
F012833,C11915,2025-07-21,4,Very helpful program
F012834,C14719,2024-05-27,5,Very helpful program
F012835,C11870,2025-10-18,3,Need more follow-up
F012836,C07945,2026-07-19,4,Good guidance from the team
F012837,C19203,2026-04-17,4,Very satisfied
F012838,C09342,2024-09-01,2,I missed some sessions
F012839,C06161,2026-02-27,4,I achieved my goal
F012840,C06447,2026-06-08,5,Good experience
F012841,C12391,2026-05-16,2,Program was difficult to follow
F012842,C17857,2025-04-04,5,Good experience
F012843,C09785,2026-09-17,3,Need more follow-up
F012844,C12553,2024-05-09,5,Good experience
F012845,C04909,2026-09-11,5,Very satisfied
F012846,C00126,2024-07-28,4,The coach was helpful
F012847,C12230,2026-05-13,5,Good guidance from the team
F012848,C09244,2026-04-02,4,Very helpful program
F012849,C03354,2025-02-12,3,I missed some sessions
F012850,C05422,2026-02-19,3,Not fully satisfied
F012851,C15920,2025-12-14,3,Program was difficult to follow
F012852,C00246,2026-09-07,3,Need more follow-up
F012853,C00920,2024-07-18,5,Very helpful program
F012854,C17503,2025-03-03,5,Very helpful program
F012855,C09926,2024-10-25,2,Expected better results
F012856,C09198,2025-09-27,3,Expected better results
F012857,C08668,2025-07-03,3,Program was difficult to follow
F012858,C02684,2025-04-27,3,Not fully satisfied
F012859,C06428,2026-03-05,4,Very satisfied
F012860,C04939,2025-08-25,5,The coach was helpful
F012861,C14474,2024-09-25,4,Very helpful program
F012862,C15339,2025-07-12,5,I achieved my goal
F012863,C03648,2025-03-18,2,Need more follow-up
F012864,C10841,2025-12-22,3,Need more follow-up
F012865,C07217,2026-01-10,3,Expected better results
F012866,C01603,2024-09-10,3,Not fully satisfied
F012867,C10838,2026-07-29,5,Good guidance from the team
F012868,C18691,2024-03-14,5,The coach was helpful
F012869,C06068,2026-12-01,4,The coach was helpful
F012870,C19157,2024-10-06,4,Very satisfied
F012871,C18637,2025-05-04,4,Good guidance from the team
F012872,C18646,2026-05-03,5,Excellent support
F012873,C08640,2024-11-07,5,The coach was helpful
F012874,C01779,2026-08-03,4,Good guidance from the team
F012875,C05712,2024-04-25,5,Very helpful program
F012876,C19273,2025-06-10,4,The coach was helpful
F012877,C12452,2025-09-19,2,I missed some sessions
F012878,C16923,2024-02-26,4,Very helpful program
F012879,C12360,2025-01-22,4,Very satisfied
F012880,C11269,2026-06-16,4,The coach was helpful
F012881,C03766,2024-06-27,4,Very satisfied
F012882,C06763,2026-09-15,5,I achieved my goal
F012883,C12403,2026-02-14,3,Not fully satisfied
F012884,C00960,2026-08-27,5,I achieved my goal
F012885,C00494,2026-01-11,3,Program was difficult to follow
F012886,C03947,2024-07-18,4,I achieved my goal
F012887,C05229,2025-10-14,3,I missed some sessions
F012888,C16860,2025-09-29,2,Could be better
F012889,C00019,2025-12-12,4,Excellent support
F012890,C18821,2024-10-06,2,Could be better
F012891,C08870,2026-10-04,3,I missed some sessions
F012892,C01899,2026-02-12,5,I achieved my goal
F012893,C11061,2026-03-06,4,I achieved my goal
F012894,C12416,2026-08-24,3,Could be better
F012895,C01288,2025-12-15,4,Very satisfied
F012896,C11782,2024-11-23,5,Very satisfied
F012897,C10532,2024-07-28,3,Program was difficult to follow
F012898,C02155,2024-08-02,3,Could be better
F012899,C19152,2026-07-08,2,Could be better
F012900,C13169,2024-07-17,4,Excellent support
F012901,C15240,2026-04-25,5,Excellent support
F012902,C05214,2024-09-15,5,Very satisfied
F012903,C07059,2025-05-12,4,The coach was helpful
F012904,C14518,2024-02-27,5,The coach was helpful
F012905,C06024,2026-03-24,5,The coach was helpful
F012906,C15350,2025-03-14,5,I achieved my goal
F012907,C15754,2024-09-03,5,Very helpful program
F012908,C01910,2024-09-12,5,The coach was helpful
F012909,C07333,2026-05-11,5,Good guidance from the team
F012910,C16480,2024-11-22,5,Very satisfied
F012911,C03196,2024-10-25,3,Not fully satisfied
F012912,C15471,2024-11-20,5,Very helpful program
F012913,C18582,2025-06-19,5,I achieved my goal
F012914,C08072,2026-06-20,4,Very helpful program
F012915,C01100,2026-07-30,2,I missed some sessions
F012916,C12858,2026-07-23,3,I missed some sessions
F012917,C14141,2026-05-25,2,Could be better
F012918,C04839,2024-11-29,5,The coach was helpful
F012919,C02342,2024-11-21,4,Good guidance from the team
F012920,C15449,2026-10-25,5,I achieved my goal
F012921,C18026,2024-10-31,5,Very satisfied
F012922,C19228,2024-04-19,2,Program was difficult to follow
F012923,C10363,2024-09-25,2,Not fully satisfied
F012924,C16500,2026-04-06,4,Good guidance from the team
F012925,C05654,2024-12-16,5,Very satisfied
F012926,C06278,2024-07-24,4,I achieved my goal
F012927,C14817,2024-05-14,5,Very helpful program
F012928,C16196,2025-03-12,5,Good guidance from the team
F012929,C17668,2025-05-02,5,Good experience
F012930,C00062,2025-08-19,2,Program was difficult to follow
F012931,C03977,2025-04-22,1,Could be better
F012932,C00955,2025-12-07,4,Good experience
F012933,C07472,2026-01-16,5,Very satisfied
F012934,C06486,2025-07-29,3,Not fully satisfied
F012935,C05668,2025-07-29,5,Good experience
F012936,C03505,2026-06-18,3,Need more follow-up
F012937,C01470,2026-05-22,5,Very satisfied
F012938,C15323,2025-05-08,3,I missed some sessions
F012939,C18162,2025-07-03,3,I missed some sessions
F012940,C00448,2024-06-09,3,Expected better results
F012941,C09818,2026-08-26,5,I achieved my goal
F012942,C07297,2025-03-20,4,Good experience
F012943,C14793,2025-04-15,3,Program was difficult to follow
F012944,C05435,2024-03-15,4,Good guidance from the team
F012945,C11232,2026-04-19,4,The coach was helpful
F012946,C00107,2025-03-17,4,Good guidance from the team
F012947,C12119,2024-08-20,5,Good experience
F012948,C09917,2025-11-07,5,Excellent support
F012949,C14534,2025-04-24,5,Good experience
F012950,C06266,2025-09-06,5,Very satisfied
F012951,C09973,2024-07-21,4,Excellent support
F012952,C14839,2026-11-27,3,Expected better results
F012953,C02206,2024-05-07,5,Good guidance from the team
F012954,C14948,2026-01-26,3,Program was difficult to follow
F012955,C18419,2026-01-03,5,Good guidance from the team
F012956,C18262,2024-04-19,4,Very satisfied
F012957,C02799,2026-05-13,3,I missed some sessions
F012958,C12186,2025-07-12,5,Good guidance from the team
F012959,C14791,2026-05-10,4,Good guidance from the team
F012960,C09787,2026-05-06,4,I achieved my goal
F012961,C02359,2024-06-11,4,I achieved my goal
F012962,C18456,2025-05-04,3,Program was difficult to follow
F012963,C08841,2024-05-29,5,Very satisfied
F012964,C15160,2025-08-14,1,Not fully satisfied
F012965,C04107,2024-10-14,5,Good guidance from the team
F012966,C00051,2025-11-05,4,I achieved my goal
F012967,C05734,2026-01-28,4,Good guidance from the team
F012968,C15907,2025-01-09,5,Good experience
F012969,C08569,2024-07-02,2,Not fully satisfied
F012970,C15579,2025-11-26,5,Good guidance from the team
F012971,C04572,2026-07-16,5,Good guidance from the team
F012972,C16972,2024-03-12,4,Excellent support
F012973,C16299,2025-08-05,5,I achieved my goal
F012974,C08129,2026-05-03,4,Excellent support
F012975,C18871,2026-07-16,5,Good guidance from the team
F012976,C00111,2024-05-29,4,Very helpful program
F012977,C01427,2025-02-25,4,Good guidance from the team
F012978,C11334,2025-06-03,3,I missed some sessions
F012979,C08976,2026-06-22,4,I achieved my goal
F012980,C12381,2024-11-30,5,Good experience
F012981,C19264,2025-09-09,4,The coach was helpful
F012982,C13605,2026-09-05,5,The coach was helpful
F012983,C19687,2025-09-05,1,Need more follow-up
F012984,C11846,2025-06-30,5,I achieved my goal
F012985,C09872,2026-02-15,4,I achieved my goal
F012986,C06560,2025-11-13,4,I achieved my goal
F012987,C00469,2026-06-18,5,The coach was helpful
F012988,C06914,2025-09-17,5,Good guidance from the team
F012989,C03986,2024-07-19,3,Expected better results
F012990,C07953,2025-05-25,2,I missed some sessions
F012991,C05516,2024-10-13,5,I achieved my goal
F012992,C10378,2025-06-09,5,Very helpful program
F012993,C13067,2025-06-17,3,Need more follow-up
F012994,C01020,2025-12-21,4,The coach was helpful
F012995,C00374,2024-11-08,5,Very helpful program
F012996,C11142,2026-02-05,4,Very satisfied
F012997,C13419,2026-01-17,5,The coach was helpful
F012998,C01784,2025-01-15,4,The coach was helpful
F012999,C02141,2026-02-08,1,Need more follow-up
F013000,C03974,2026-04-23,4,Very satisfied
F013001,C13592,2026-06-23,4,The coach was helpful
F013002,C02140,2025-03-31,4,Good guidance from the team
F013003,C08269,2025-03-07,4,Good guidance from the team
F013004,C10154,2025-04-29,5,Good guidance from the team
F013005,C06430,2024-07-17,5,Very helpful program
F013006,C17851,2024-08-25,5,Very helpful program
F013007,C14334,2024-10-16,5,Good guidance from the team
F013008,C09646,2026-07-17,3,I missed some sessions
F013009,C00815,2024-06-09,4,Very helpful program
F013010,C11897,2026-08-14,5,Very helpful program
F013011,C15146,2024-09-23,2,Need more follow-up
F013012,C06490,2026-05-29,4,Excellent support
F013013,C05329,2024-10-24,5,Good guidance from the team
F013014,C19534,2025-01-14,4,Very helpful program
F013015,C19977,2026-04-12,3,I missed some sessions
F013016,C03884,2025-02-11,4,Very satisfied
F013017,C01489,2024-12-20,4,Good guidance from the team
F013018,C10278,2025-11-01,5,Very helpful program
F013019,C09443,2025-03-25,5,I achieved my goal
F013020,C12753,2025-01-13,3,Need more follow-up
F013021,C17300,2026-06-25,5,Good experience
F013022,C01134,2025-10-30,3,Expected better results
F013023,C17162,2025-05-31,3,Program was difficult to follow
F013024,C10032,2024-07-13,3,Program was difficult to follow
F013025,C06228,2024-05-18,4,Very helpful program
F013026,C03819,2024-09-25,2,Program was difficult to follow
F013027,C17642,2024-09-02,3,Need more follow-up
F013028,C15630,2025-09-25,3,Could be better
F013029,C15174,2025-09-26,3,Not fully satisfied
F013030,C07572,2024-09-02,3,Need more follow-up
F013031,C06988,2024-03-26,5,Very helpful program
F013032,C00675,2026-04-06,4,The coach was helpful
F013033,C17940,2026-01-05,5,I achieved my goal
F013034,C13260,2026-01-12,4,Excellent support
F013035,C17826,2025-09-06,5,Good experience
F013036,C02925,2025-08-12,5,The coach was helpful
F013037,C03704,2026-10-15,4,Very helpful program
F013038,C00226,2024-10-10,5,Good guidance from the team
F013039,C00706,2025-06-25,5,Good guidance from the team
F013040,C02807,2024-11-23,3,I missed some sessions
F013041,C00861,2026-03-05,3,Could be better
F013042,C11605,2025-05-11,2,Expected better results
F013043,C05023,2026-06-13,4,The coach was helpful
F013044,C17820,2024-06-17,5,Good guidance from the team
F013045,C13904,2024-07-24,5,Good guidance from the team
F013046,C15714,2025-04-11,4,The coach was helpful
F013047,C19955,2024-03-16,5,Very helpful program
F013048,C04279,2024-06-12,5,Very satisfied
F013049,C12430,2026-08-10,4,Very helpful program
F013050,C02698,2025-05-30,3,Program was difficult to follow
F013051,C10743,2026-06-26,5,Excellent support
F013052,C18362,2025-03-28,3,Not fully satisfied
F013053,C17326,2026-01-15,4,Good guidance from the team
F013054,C14070,2026-06-11,1,I missed some sessions
F013055,C06932,2026-09-28,3,Need more follow-up
F013056,C00026,2024-08-05,4,The coach was helpful
F013057,C03893,2026-04-07,3,Need more follow-up
F013058,C11214,2026-05-22,3,Program was difficult to follow
F013059,C12611,2025-05-10,5,Very satisfied
F013060,C17044,2026-04-19,4,I achieved my goal
F013061,C07352,2024-12-21,5,I achieved my goal
F013062,C12661,2024-06-24,4,I achieved my goal
F013063,C08826,2026-05-02,2,I missed some sessions
F013064,C11621,2024-03-16,5,Very satisfied
F013065,C11490,2025-07-08,5,Very satisfied
F013066,C13495,2025-05-11,5,Very helpful program
F013067,C09090,2025-06-21,5,I achieved my goal
F013068,C18968,2026-01-14,3,Could be better
F013069,C11598,2024-09-21,5,The coach was helpful
F013070,C11960,2025-06-24,4,Excellent support
F013071,C07370,2024-11-13,1,I missed some sessions
F013072,C14038,2026-12-15,1,Program was difficult to follow
F013073,C18917,2024-09-16,1,Need more follow-up
F013074,C04815,2026-10-19,3,Could be better
F013075,C04023,2024-12-24,5,Good guidance from the team
F013076,C09106,2025-10-07,3,Program was difficult to follow
F013077,C11057,2026-03-16,3,Program was difficult to follow
F013078,C19660,2026-07-15,3,Expected better results
F013079,C10821,2024-07-09,4,I achieved my goal
F013080,C12377,2026-06-03,4,Very satisfied
F013081,C19395,2026-07-02,5,Excellent support
F013082,C16280,2025-05-30,5,I achieved my goal
F013083,C04033,2026-05-09,2,Could be better
F013084,C03967,2026-04-26,4,The coach was helpful
F013085,C02232,2025-10-22,3,Program was difficult to follow
F013086,C07001,2024-12-04,1,Program was difficult to follow
F013087,C01558,2026-07-14,4,Good guidance from the team
F013088,C11597,2025-07-11,4,I achieved my goal
F013089,C00282,2026-02-25,5,The coach was helpful
F013090,C05318,2025-11-17,4,Excellent support
F013091,C08440,2024-05-03,2,Program was difficult to follow
F013092,C03566,2026-01-01,5,Excellent support
F013093,C05806,2025-10-01,4,The coach was helpful
F013094,C06318,2026-08-26,5,Good guidance from the team
F013095,C05388,2026-08-22,3,Could be better
F013096,C13898,2026-05-06,3,I missed some sessions
F013097,C14826,2024-12-19,4,Good experience
F013098,C04570,2025-06-13,4,Very satisfied
F013099,C06270,2025-03-29,4,Very satisfied
F013100,C01407,2024-06-16,3,Expected better results
F013101,C06407,2026-05-30,5,Good guidance from the team
F013102,C10106,2026-01-18,5,The coach was helpful
F013103,C19207,2025-11-18,4,Good experience
F013104,C04040,2024-11-19,5,Good guidance from the team
F013105,C07093,2024-07-16,5,Very satisfied
F013106,C05441,2025-12-31,5,Excellent support
F013107,C17493,2026-05-20,4,Good guidance from the team
F013108,C19938,2025-12-19,4,Good experience
F013109,C17925,2026-07-19,4,Excellent support
F013110,C01733,2025-04-13,3,Program was difficult to follow
F013111,C07133,2026-06-08,4,Good guidance from the team
F013112,C10404,2024-05-23,5,Very satisfied
F013113,C03188,2026-08-06,2,Expected better results
F013114,C10445,2024-03-15,4,Excellent support
F013115,C16160,2026-09-14,3,Could be better
F013116,C14299,2024-07-14,5,I achieved my goal
F013117,C07693,2026-05-14,3,Program was difficult to follow
F013118,C01275,2026-02-14,4,Good guidance from the team
F013119,C18311,2026-04-05,4,Excellent support
F013120,C10981,2025-02-25,3,Program was difficult to follow
F013121,C08823,2025-04-29,4,Very helpful program
F013122,C14271,2025-08-31,5,Good experience
F013123,C16400,2026-06-13,5,I achieved my goal
F013124,C06891,2024-04-30,2,Could be better
F013125,C10379,2025-06-25,5,Very satisfied
F013126,C08974,2026-03-01,2,Need more follow-up
F013127,C08620,2025-07-28,4,Good experience
F013128,C06408,2024-12-31,3,Could be better
F013129,C01126,2024-11-15,5,Very satisfied
F013130,C09419,2026-01-20,4,I achieved my goal
F013131,C07829,2026-05-21,4,The coach was helpful
F013132,C15990,2026-02-01,4,I achieved my goal
F013133,C04106,2025-01-12,3,Program was difficult to follow
F013134,C14489,2025-05-12,5,Excellent support
F013135,C17518,2025-05-09,4,Excellent support
F013136,C14389,2026-03-30,5,The coach was helpful
F013137,C06710,2026-03-03,5,Very satisfied
F013138,C04382,2026-06-15,4,Very satisfied
F013139,C07394,2026-03-24,5,Good experience
F013140,C07142,2024-07-10,4,Very satisfied
F013141,C07772,2025-03-04,5,Good experience
F013142,C14052,2026-05-08,4,Very helpful program
F013143,C05218,2025-04-23,4,Very satisfied
F013144,C18195,2026-06-09,3,Expected better results
F013145,C02980,2025-03-16,2,Need more follow-up
F013146,C08425,2024-05-04,5,Good experience
F013147,C17081,2025-06-11,5,I achieved my goal
F013148,C08397,2026-02-17,2,Expected better results
F013149,C09572,2025-11-08,5,Excellent support
F013150,C07540,2025-06-30,5,Very satisfied
F013151,C11405,2026-10-08,5,Very helpful program
F013152,C17619,2025-05-25,5,Very satisfied
F013153,C14335,2024-08-10,4,The coach was helpful
F013154,C13735,2024-09-24,3,Need more follow-up
F013155,C15083,2025-01-02,5,The coach was helpful
F013156,C09884,2025-12-07,5,Excellent support
F013157,C00777,2025-08-29,4,Good guidance from the team
F013158,C01421,2024-07-03,4,Good guidance from the team
F013159,C10365,2025-04-04,3,Need more follow-up
F013160,C14007,2025-03-09,4,I achieved my goal
F013161,C04093,2026-06-08,4,The coach was helpful
F013162,C11525,2025-06-29,4,Good experience
F013163,C18144,2026-09-17,5,Very satisfied
F013164,C10218,2024-07-04,5,Good experience
F013165,C03665,2024-11-14,5,Excellent support
F013166,C17023,2024-10-17,3,Not fully satisfied
F013167,C13213,2025-08-18,5,Good experience
F013168,C07478,2025-11-12,5,Excellent support
F013169,C07084,2025-05-14,3,Program was difficult to follow
F013170,C02242,2024-08-30,5,Very satisfied
F013171,C14262,2026-05-24,3,I missed some sessions
F013172,C10901,2025-06-04,5,Very helpful program
F013173,C12555,2026-06-09,3,Program was difficult to follow
F013174,C01670,2025-01-02,5,I achieved my goal
F013175,C04139,2025-05-10,4,Good experience
F013176,C16011,2024-10-06,5,Very helpful program
F013177,C14762,2024-11-29,5,Very helpful program
F013178,C12344,2026-01-31,5,Good guidance from the team
F013179,C00049,2025-04-28,5,Good experience
F013180,C14476,2026-04-30,5,I achieved my goal
F013181,C07032,2026-09-02,4,Excellent support
F013182,C01626,2025-07-26,4,Good experience
F013183,C16184,2025-09-10,2,Could be better
F013184,C03515,2025-11-21,2,I missed some sessions
F013185,C18542,2026-06-11,5,Very helpful program
F013186,C08233,2024-07-10,4,Very satisfied
F013187,C13913,2025-01-07,4,Very satisfied
F013188,C06894,2025-09-14,5,Very helpful program
F013189,C05026,2024-03-19,5,I achieved my goal
F013190,C13441,2025-04-08,3,Need more follow-up
F013191,C15664,2026-02-08,5,I achieved my goal
F013192,C15589,2024-06-17,3,Need more follow-up
F013193,C05351,2024-08-27,5,The coach was helpful
F013194,C06055,2026-06-15,5,Good guidance from the team
F013195,C12365,2025-05-06,4,The coach was helpful
F013196,C15345,2025-02-21,3,Could be better
F013197,C01860,2024-05-10,5,Good guidance from the team
F013198,C08277,2025-10-23,4,Very satisfied
F013199,C08337,2025-01-21,2,Expected better results
F013200,C08177,2025-12-09,2,Program was difficult to follow
F013201,C15712,2026-04-29,4,Excellent support
F013202,C06419,2024-11-11,1,Expected better results
F013203,C16374,2024-12-30,5,Very helpful program
F013204,C05199,2025-12-04,3,Could be better
F013205,C16140,2026-11-20,4,Good guidance from the team
F013206,C18846,2026-03-04,4,The coach was helpful
F013207,C11049,2025-02-04,4,Good guidance from the team
F013208,C15209,2025-04-24,4,The coach was helpful
F013209,C14087,2026-06-20,5,The coach was helpful
F013210,C03496,2025-03-13,3,I missed some sessions
F013211,C03171,2025-08-11,5,Excellent support
F013212,C14946,2026-02-03,4,The coach was helpful
F013213,C19628,2024-02-16,3,Program was difficult to follow
F013214,C11092,2026-04-22,2,Program was difficult to follow
F013215,C08017,2026-04-12,5,Good experience
F013216,C16643,2026-10-08,3,Program was difficult to follow
F013217,C19652,2024-10-04,3,I missed some sessions
F013218,C17999,2025-03-16,5,Excellent support
F013219,C13727,2026-09-09,5,Good guidance from the team
F013220,C15287,2024-08-31,4,Good experience
F013221,C06655,2026-08-07,5,The coach was helpful
F013222,C19456,2024-12-04,4,Very satisfied
F013223,C17306,2025-10-23,5,Good experience
F013224,C04022,2024-08-10,3,Program was difficult to follow
F013225,C01283,2026-01-06,3,Could be better
F013226,C05121,2025-09-04,5,The coach was helpful
F013227,C11324,2025-12-18,2,Need more follow-up
F013228,C03693,2024-09-03,3,Not fully satisfied
F013229,C16607,2026-04-10,4,I achieved my goal
F013230,C04649,2026-06-09,5,Excellent support
F013231,C12106,2026-08-09,5,Very satisfied
F013232,C11797,2026-02-18,1,Could be better
F013233,C17381,2025-03-30,4,Excellent support
F013234,C09869,2026-08-10,4,Good experience
F013235,C03074,2026-06-24,4,I achieved my goal
F013236,C06594,2024-09-18,4,Good guidance from the team
F013237,C12178,2024-11-25,4,The coach was helpful
F013238,C18135,2024-12-16,3,Not fully satisfied
F013239,C04588,2025-07-26,5,Very satisfied
F013240,C01559,2025-09-21,3,Could be better
F013241,C04550,2024-05-18,4,Very helpful program
F013242,C18043,2025-02-25,4,Excellent support
F013243,C17093,2025-01-27,4,I achieved my goal
F013244,C10076,2025-01-11,5,Good guidance from the team
F013245,C02279,2024-12-02,5,Good experience
F013246,C05852,2024-12-23,5,Excellent support
F013247,C14523,2026-07-18,4,Good experience
F013248,C16570,2024-06-09,4,The coach was helpful
F013249,C15385,2025-05-01,5,The coach was helpful
F013250,C03110,2025-01-01,1,Need more follow-up
F013251,C12773,2026-07-24,2,Need more follow-up
F013252,C11600,2025-01-23,4,Very helpful program
F013253,C03644,2024-04-09,3,Could be better
F013254,C05127,2025-07-29,3,Could be better
F013255,C12356,2024-11-07,2,Could be better
F013256,C02488,2026-05-26,5,Very satisfied
F013257,C10152,2024-12-09,4,Very helpful program
F013258,C03511,2024-10-14,3,Could be better
F013259,C10509,2025-10-23,1,Need more follow-up
F013260,C19845,2026-05-08,5,The coach was helpful
F013261,C10400,2026-04-15,4,Good experience
F013262,C07400,2025-07-14,4,Very helpful program
F013263,C08101,2026-02-21,5,Good experience
F013264,C13719,2026-06-17,4,Very satisfied
F013265,C11425,2025-01-31,5,Very helpful program
F013266,C09480,2024-10-13,2,Could be better
F013267,C10388,2025-09-15,3,Need more follow-up
F013268,C14797,2025-10-23,3,Expected better results
F013269,C05015,2024-03-09,1,I missed some sessions
F013270,C07276,2024-05-25,5,Excellent support
F013271,C12889,2024-10-06,2,Could be better
F013272,C17656,2025-09-23,1,Could be better
F013273,C10291,2024-10-06,5,Excellent support
F013274,C06911,2026-07-13,5,Very satisfied
F013275,C12255,2027-01-01,4,Very helpful program
F013276,C07543,2026-07-26,5,Very helpful program
F013277,C18983,2026-02-19,3,Could be better
F013278,C13724,2025-06-02,2,Need more follow-up
F013279,C01025,2024-06-23,5,Good experience
F013280,C03343,2025-07-27,4,The coach was helpful
F013281,C06982,2024-04-17,4,Good guidance from the team
F013282,C16498,2026-05-09,5,Very helpful program
F013283,C18940,2025-11-19,4,I achieved my goal
F013284,C17334,2024-04-25,4,Excellent support
F013285,C10593,2026-10-24,3,Expected better results
F013286,C07982,2025-08-02,4,I achieved my goal
F013287,C08223,2024-05-03,5,Excellent support
F013288,C07789,2025-04-30,4,Good experience
F013289,C00253,2026-01-28,4,I achieved my goal
F013290,C05621,2025-02-24,3,Not fully satisfied
F013291,C14407,2026-08-28,5,I achieved my goal
F013292,C08327,2026-02-18,5,Good guidance from the team
F013293,C04884,2025-03-23,1,Program was difficult to follow
F013294,C02864,2024-07-06,5,Very helpful program
F013295,C08612,2025-07-27,4,Very helpful program
F013296,C01921,2026-08-24,4,The coach was helpful
F013297,C15165,2024-09-13,2,I missed some sessions
F013298,C16877,2025-02-18,4,The coach was helpful
F013299,C14068,2026-02-20,4,Good experience
F013300,C06376,2025-07-28,4,Very satisfied
F013301,C03929,2024-10-16,2,Not fully satisfied
F013302,C09526,2026-02-19,3,Could be better
F013303,C17944,2024-11-26,3,Program was difficult to follow
F013304,C06936,2025-03-10,1,Program was difficult to follow
F013305,C04782,2024-09-06,5,Very helpful program
F013306,C02674,2026-06-28,4,Good experience
F013307,C17207,2025-03-19,3,I missed some sessions
F013308,C18218,2025-06-22,5,I achieved my goal
F013309,C13258,2025-06-18,4,Good experience
F013310,C10791,2024-08-08,5,Good guidance from the team
F013311,C02328,2024-07-08,5,I achieved my goal
F013312,C10028,2025-01-30,5,Very satisfied
F013313,C07393,2024-10-30,5,The coach was helpful
F013314,C03886,2024-04-12,4,Very helpful program
F013315,C12239,2026-03-27,4,Excellent support
F013316,C10630,2026-05-01,5,Good guidance from the team
F013317,C13318,2026-11-17,3,Need more follow-up
F013318,C02835,2024-03-07,4,Very satisfied
F013319,C16518,2025-10-09,5,Very helpful program
F013320,C08484,2025-10-23,5,Excellent support
F013321,C02409,2024-07-11,5,Good guidance from the team
F013322,C08994,2025-10-29,3,Need more follow-up
F013323,C00250,2025-11-15,4,Excellent support
F013324,C12063,2025-09-16,5,Good guidance from the team
F013325,C12690,2026-08-18,1,I missed some sessions
F013326,C00660,2026-03-03,1,Not fully satisfied
F013327,C02413,2026-08-12,3,Expected better results
F013328,C04347,2025-10-02,5,Excellent support
F013329,C13839,2026-04-03,5,Good experience
F013330,C19750,2025-03-01,2,I missed some sessions
F013331,C04359,2024-07-26,4,Very helpful program
F013332,C16803,2024-06-06,4,The coach was helpful
F013333,C10714,2026-03-13,4,Very helpful program
F013334,C09554,2024-12-27,5,Very helpful program
F013335,C15351,2024-07-08,2,Program was difficult to follow
F013336,C05086,2026-05-27,5,Good guidance from the team
F013337,C16856,2025-12-18,3,Program was difficult to follow
F013338,C08807,2026-05-09,4,Very helpful program
F013339,C07701,2026-05-11,5,Good experience
F013340,C11161,2024-09-06,5,The coach was helpful
F013341,C13435,2024-10-05,5,Good experience
F013342,C09059,2025-08-01,5,I achieved my goal
F013343,C14738,2024-03-28,4,Excellent support
F013344,C11739,2025-03-16,4,Good experience
F013345,C19329,2025-05-08,2,Not fully satisfied
F013346,C08733,2024-07-03,5,Excellent support
F013347,C10962,2026-04-11,5,Good guidance from the team
F013348,C10298,2025-07-09,4,Very helpful program
F013349,C10906,2025-01-18,5,Excellent support
F013350,C13964,2027-04-17,5,Good guidance from the team
F013351,C01788,2025-06-25,4,Excellent support
F013352,C04705,2025-09-23,2,Could be better
F013353,C15283,2025-12-08,5,I achieved my goal
F013354,C03238,2026-04-05,5,Good experience
F013355,C10383,2026-09-22,4,Very satisfied
F013356,C16412,2025-06-02,5,Very satisfied
F013357,C08491,2025-08-21,4,The coach was helpful
F013358,C00172,2026-03-24,5,Very satisfied
F013359,C14735,2025-01-12,3,Could be better
F013360,C04378,2024-07-15,2,I missed some sessions
F013361,C13420,2024-12-25,4,I achieved my goal
F013362,C00611,2024-07-13,4,Excellent support
F013363,C04983,2025-03-31,4,The coach was helpful
F013364,C02970,2026-06-18,2,Program was difficult to follow
F013365,C16426,2025-09-02,5,Excellent support
F013366,C01353,2024-06-29,4,Good guidance from the team
F013367,C17095,2024-10-12,4,The coach was helpful
F013368,C11283,2024-10-02,4,Very helpful program
F013369,C11851,2024-04-12,1,I missed some sessions
F013370,C14611,2024-06-13,4,I achieved my goal
F013371,C07542,2025-03-17,4,Good experience
F013372,C12484,2024-09-10,4,Very helpful program
F013373,C07599,2025-12-31,5,The coach was helpful
F013374,C02584,2026-02-01,4,I achieved my goal
F013375,C17457,2026-04-18,2,Not fully satisfied
F013376,C05057,2026-03-31,4,Good guidance from the team
F013377,C00544,2024-04-14,3,I missed some sessions
F013378,C05909,2024-09-26,4,Very helpful program
F013379,C01309,2025-11-23,2,Could be better
F013380,C18029,2026-06-09,4,The coach was helpful
F013381,C10088,2024-06-27,4,Good guidance from the team
F013382,C10375,2024-10-16,4,Excellent support
F013383,C12622,2026-03-24,2,Program was difficult to follow
F013384,C19659,2026-07-31,3,I missed some sessions
F013385,C13391,2024-11-24,4,The coach was helpful
F013386,C11071,2026-03-30,5,Very satisfied
F013387,C19063,2024-02-20,4,Excellent support
F013388,C12876,2024-04-06,4,Very satisfied
F013389,C17263,2025-07-28,2,Could be better
F013390,C19349,2024-10-09,5,I achieved my goal
F013391,C06704,2024-10-28,4,Excellent support
F013392,C05929,2024-11-29,4,Very helpful program
F013393,C01314,2026-09-30,5,Excellent support
F013394,C17687,2024-08-24,3,Need more follow-up
F013395,C03661,2025-04-04,5,Good experience
F013396,C09758,2025-11-23,5,The coach was helpful
F013397,C16381,2025-09-20,5,Good experience
F013398,C14726,2024-08-02,4,Good experience
F013399,C07366,2024-05-29,4,Good guidance from the team
F013400,C01772,2025-06-26,3,Program was difficult to follow
F013401,C07225,2026-02-26,4,Good guidance from the team
F013402,C01061,2025-03-24,5,Very satisfied
F013403,C05347,2024-07-02,5,I achieved my goal
F013404,C14063,2026-01-16,4,I achieved my goal
F013405,C07704,2024-09-22,5,Very satisfied
F013406,C16483,2026-06-16,4,Good experience
F013407,C17169,2024-05-27,4,Good experience
F013408,C18448,2025-10-25,5,Good guidance from the team
F013409,C14439,2025-04-18,5,Very helpful program
F013410,C18283,2025-10-19,4,Very satisfied
F013411,C00162,2024-11-28,5,Excellent support
F013412,C10948,2024-12-22,5,I achieved my goal
F013413,C03932,2025-04-19,5,Very satisfied
F013414,C12979,2025-07-27,5,Very satisfied
F013415,C02350,2026-03-16,5,Excellent support
F013416,C04011,2026-03-05,5,Good experience
F013417,C14942,2026-04-08,3,Program was difficult to follow
F013418,C04104,2025-06-29,5,Good experience
F013419,C06618,2024-03-16,4,The coach was helpful
F013420,C07914,2026-02-28,4,Very satisfied
F013421,C05411,2024-06-18,4,Very helpful program
F013422,C11656,2025-04-06,5,Good guidance from the team
F013423,C05912,2026-06-20,3,Not fully satisfied
F013424,C03664,2025-05-13,4,Good experience
F013425,C08515,2025-07-14,3,Program was difficult to follow
F013426,C00161,2024-10-01,2,Expected better results
F013427,C19463,2026-06-04,3,Need more follow-up
F013428,C00321,2026-05-04,4,Excellent support
F013429,C11494,2024-08-12,3,Not fully satisfied
F013430,C12153,2026-05-24,4,Good guidance from the team
F013431,C10384,2026-04-26,5,I achieved my goal
F013432,C19028,2025-09-16,4,Good guidance from the team
F013433,C07192,2024-09-08,5,Excellent support
F013434,C01958,2024-06-15,5,Good experience
F013435,C04105,2026-02-20,4,Good experience
F013436,C04618,2025-11-03,3,I missed some sessions
F013437,C14401,2024-10-23,4,I achieved my goal
F013438,C10313,2026-04-12,4,I achieved my goal
F013439,C04092,2025-03-02,5,Excellent support
F013440,C14610,2025-10-19,4,I achieved my goal
F013441,C14421,2025-04-14,5,The coach was helpful
F013442,C16092,2024-05-22,5,Excellent support
F013443,C13053,2024-05-13,2,Expected better results
F013444,C09370,2024-06-12,4,Good experience
F013445,C14465,2026-03-04,4,Good experience
F013446,C17592,2025-08-22,4,Excellent support
F013447,C02959,2024-04-26,3,Not fully satisfied
F013448,C06590,2025-10-03,4,Good experience
F013449,C19407,2025-11-27,5,Very satisfied
F013450,C09219,2026-05-19,5,I achieved my goal
F013451,C00085,2026-08-16,2,Not fully satisfied
F013452,C17554,2026-04-19,4,Very satisfied
F013453,C18116,2026-02-18,2,I missed some sessions
F013454,C18380,2024-11-27,1,I missed some sessions
F013455,C01412,2024-07-31,5,Good experience
F013456,C19103,2025-08-01,5,Good experience
F013457,C06444,2024-10-04,4,Excellent support
F013458,C19064,2024-12-24,4,Good experience
F013459,C12633,2026-07-26,3,Program was difficult to follow
F013460,C13702,2026-10-17,3,Could be better
F013461,C06726,2026-01-20,1,Need more follow-up
F013462,C05511,2024-04-04,2,Need more follow-up
F013463,C18014,2026-07-16,4,Good guidance from the team
F013464,C17441,2026-10-29,2,Program was difficult to follow
F013465,C02300,2024-10-04,5,Very satisfied
F013466,C00183,2025-01-15,4,Good guidance from the team
F013467,C08046,2025-12-10,3,Could be better
F013468,C03912,2026-06-30,2,Could be better
F013469,C11635,2025-05-13,5,I achieved my goal
F013470,C06103,2025-06-14,3,Could be better
F013471,C08364,2026-02-27,5,Good experience
F013472,C12846,2025-12-12,1,Expected better results
F013473,C17337,2025-09-01,5,I achieved my goal
F013474,C09006,2025-12-08,5,Excellent support
F013475,C15081,2025-10-16,4,Very satisfied
F013476,C00853,2026-03-01,3,Not fully satisfied
F013477,C16260,2024-07-25,5,Excellent support
F013478,C00225,2026-01-14,5,Very satisfied
F013479,C15132,2024-10-03,5,I achieved my goal
F013480,C08097,2025-05-12,4,I achieved my goal
F013481,C07500,2024-11-03,4,Very satisfied
F013482,C17877,2025-06-13,1,Program was difficult to follow
F013483,C19933,2025-10-02,3,Expected better results
F013484,C04673,2024-10-08,2,Program was difficult to follow
F013485,C13470,2026-05-13,3,Could be better
F013486,C16902,2026-07-08,3,Program was difficult to follow
F013487,C17029,2025-03-13,5,Good guidance from the team
F013488,C00439,2025-01-12,4,Very satisfied
F013489,C15984,2026-03-13,5,Good experience
F013490,C10918,2025-01-31,4,Good experience
F013491,C09330,2026-08-06,4,Very satisfied
F013492,C14867,2024-07-12,5,I achieved my goal
F013493,C18303,2024-12-19,5,Very satisfied
F013494,C04609,2024-12-14,5,I achieved my goal
F013495,C11938,2026-01-13,2,I missed some sessions
F013496,C15882,2025-06-05,5,Good guidance from the team
F013497,C19582,2025-04-26,4,Good experience
F013498,C08693,2026-05-01,4,Very helpful program
F013499,C16927,2025-03-11,4,I achieved my goal
F013500,C12676,2026-02-28,2,Could be better
F013501,C01574,2024-11-06,3,Could be better
F013502,C08315,2026-02-14,5,Good guidance from the team
F013503,C04212,2025-11-20,5,Excellent support
F013504,C17867,2026-08-16,5,The coach was helpful
F013505,C14755,2025-10-12,5,Very satisfied
F013506,C19416,2025-01-05,5,Good guidance from the team
F013507,C08463,2024-12-31,3,Expected better results
F013508,C10465,2024-09-01,5,Very satisfied
F013509,C00037,2025-09-07,5,The coach was helpful
F013510,C18282,2026-06-14,2,I missed some sessions
F013511,C04478,2025-11-24,4,Excellent support
F013512,C12804,2026-09-24,4,Good experience
F013513,C15186,2025-02-12,4,I achieved my goal
F013514,C03010,2025-06-15,2,Could be better
F013515,C13320,2024-09-13,3,Could be better
F013516,C05071,2025-10-31,2,Expected better results
F013517,C01919,2026-03-21,4,Good experience
F013518,C19829,2026-02-11,5,Very helpful program
F013519,C09488,2025-07-21,5,Good experience
F013520,C02755,2025-07-18,4,Good guidance from the team
F013521,C08806,2024-08-21,2,Program was difficult to follow
F013522,C07989,2025-11-28,5,Good guidance from the team
F013523,C07058,2025-12-07,5,I achieved my goal
F013524,C13471,2026-01-31,3,Could be better
F013525,C12637,2026-05-01,5,Excellent support
F013526,C03306,2025-03-19,4,The coach was helpful
F013527,C03910,2026-01-28,5,Good experience
F013528,C16063,2025-11-17,3,Not fully satisfied
F013529,C02277,2026-09-01,3,Could be better
F013530,C08685,2026-07-02,5,Good guidance from the team
F013531,C19870,2026-05-09,3,I missed some sessions
F013532,C16277,2026-06-28,3,I missed some sessions
F013533,C02046,2025-12-02,4,Good guidance from the team
F013534,C07024,2026-03-26,4,Good guidance from the team
F013535,C12934,2024-11-28,3,Need more follow-up
F013536,C18757,2025-09-18,5,Excellent support
F013537,C17898,2024-10-11,5,The coach was helpful
F013538,C15705,2026-07-31,4,I achieved my goal
F013539,C00171,2024-05-30,3,Need more follow-up
F013540,C16202,2026-05-02,3,Not fully satisfied
F013541,C12664,2025-09-13,4,Very helpful program
F013542,C16399,2025-02-28,4,Very satisfied
F013543,C01967,2024-11-03,2,Not fully satisfied
F013544,C11916,2024-05-29,4,The coach was helpful
F013545,C16988,2026-01-11,4,Very helpful program
F013546,C16351,2024-08-12,5,Excellent support
F013547,C17582,2026-05-07,2,Could be better
F013548,C08142,2025-11-11,5,I achieved my goal
F013549,C01461,2024-12-04,4,Excellent support
F013550,C03801,2025-06-14,3,Could be better
F013551,C17666,2024-10-20,5,I achieved my goal
F013552,C18265,2025-10-04,3,Program was difficult to follow
F013553,C08109,2025-12-25,4,I achieved my goal
F013554,C14656,2025-05-06,3,Expected better results
F013555,C19482,2024-05-14,5,I achieved my goal
F013556,C19580,2027-04-20,4,Good experience
F013557,C00021,2026-05-22,4,Good experience
F013558,C06856,2024-11-27,5,Very helpful program
F013559,C09868,2024-07-02,2,Could be better
F013560,C13057,2026-01-21,4,Very helpful program
F013561,C13270,2026-05-14,4,Excellent support
F013562,C04620,2025-09-01,5,Very satisfied
F013563,C00571,2024-10-02,5,Good guidance from the team
F013564,C06599,2025-07-03,2,Not fully satisfied
F013565,C01544,2024-05-30,3,Not fully satisfied
F013566,C14724,2025-11-14,2,Need more follow-up
F013567,C19022,2025-11-01,5,Good guidance from the team
F013568,C19986,2025-09-29,5,Good experience
F013569,C10244,2026-10-09,4,Very satisfied
F013570,C05789,2026-02-20,4,Good experience
F013571,C14978,2026-09-12,5,The coach was helpful
F013572,C06454,2026-03-29,5,Very helpful program
F013573,C13666,2024-03-26,2,Expected better results
F013574,C19975,2025-06-28,5,Very helpful program
F013575,C08563,2025-07-04,3,I missed some sessions
F013576,C14178,2026-09-14,2,Not fully satisfied
F013577,C17350,2024-10-28,3,Not fully satisfied
F013578,C12203,2024-07-09,4,Excellent support
F013579,C12861,2026-06-27,1,Expected better results
F013580,C10727,2024-03-16,3,I missed some sessions
F013581,C03531,2026-02-06,5,Good experience
F013582,C01995,2025-06-10,2,Need more follow-up
F013583,C05202,2026-05-21,5,I achieved my goal
F013584,C06730,2026-06-10,5,Very helpful program
F013585,C08592,2025-10-23,5,Excellent support
F013586,C12214,2025-04-24,5,The coach was helpful
F013587,C01303,2026-05-20,1,Expected better results
F013588,C14418,2026-06-25,5,Very satisfied
F013589,C06568,2025-12-01,4,Excellent support
F013590,C15104,2025-03-09,4,Very helpful program
F013591,C15370,2026-02-13,5,Good experience
F013592,C04911,2024-08-05,1,Expected better results
F013593,C10608,2024-12-15,1,Program was difficult to follow
F013594,C13296,2026-01-20,1,Not fully satisfied
F013595,C05826,2026-05-28,5,Good experience
F013596,C08459,2024-05-13,2,Not fully satisfied
F013597,C08140,2025-04-24,5,Very helpful program
F013598,C11318,2025-03-25,5,Excellent support
F013599,C10314,2026-09-08,3,Expected better results
F013600,C00296,2025-08-16,5,I achieved my goal
F013601,C08666,2026-06-22,2,I missed some sessions
F013602,C12176,2024-10-28,5,The coach was helpful
F013603,C09716,2025-03-27,3,Expected better results
F013604,C16090,2026-08-25,4,Very satisfied
F013605,C06298,2026-03-14,3,Need more follow-up
F013606,C18057,2026-01-12,4,Excellent support
F013607,C10149,2025-12-04,3,Expected better results
F013608,C09711,2026-04-16,5,Good guidance from the team
F013609,C03739,2025-10-23,4,Excellent support
F013610,C14622,2024-07-08,4,The coach was helpful
F013611,C03247,2024-10-20,4,I achieved my goal
F013612,C05413,2024-06-28,2,I missed some sessions
F013613,C06959,2025-09-30,5,Very helpful program
F013614,C05842,2025-11-06,5,The coach was helpful
F013615,C15842,2026-06-17,5,The coach was helpful
F013616,C07252,2025-05-13,5,Very helpful program
F013617,C00401,2025-10-10,5,The coach was helpful
F013618,C14959,2024-09-14,4,The coach was helpful
F013619,C19835,2025-12-09,5,The coach was helpful
F013620,C14708,2025-09-21,4,Good experience
F013621,C14437,2025-11-27,3,I missed some sessions
F013622,C14459,2024-07-18,5,Excellent support
F013623,C15348,2024-05-04,5,Good guidance from the team
F013624,C19061,2026-02-02,4,Excellent support
F013625,C19771,2025-03-01,5,Good experience
F013626,C07517,2025-11-22,2,Program was difficult to follow
F013627,C01029,2026-03-13,5,Good experience
F013628,C03116,2024-05-16,5,Very helpful program
F013629,C13551,2025-06-06,3,Not fully satisfied
F013630,C19726,2024-06-11,5,Excellent support
F013631,C18270,2024-08-20,3,Not fully satisfied
F013632,C19038,2025-12-30,5,Very helpful program
F013633,C17989,2024-12-30,3,I missed some sessions
F013634,C17844,2026-02-27,4,Excellent support
F013635,C00712,2024-08-05,3,Expected better results
F013636,C15565,2024-04-14,4,Good experience
F013637,C07405,2026-06-01,2,I missed some sessions
F013638,C10362,2024-11-02,4,Very helpful program
F013639,C19567,2024-05-01,5,I achieved my goal
F013640,C01376,2026-08-08,5,The coach was helpful
F013641,C11660,2024-06-06,1,Expected better results
F013642,C00573,2024-10-14,4,Very helpful program
F013643,C06224,2025-12-21,5,I achieved my goal
F013644,C11278,2026-02-06,3,I missed some sessions
F013645,C09504,2024-12-17,5,Very satisfied
F013646,C18400,2026-09-06,4,Very satisfied
F013647,C04272,2024-09-02,5,Very satisfied
F013648,C18096,2026-03-23,4,The coach was helpful
F013649,C01158,2024-03-23,3,Could be better
F013650,C09821,2025-01-21,4,Excellent support
F013651,C06979,2024-04-06,5,The coach was helpful
F013652,C15783,2025-09-20,4,Excellent support
F013653,C06497,2026-07-23,1,Expected better results
F013654,C05179,2026-01-03,2,Need more follow-up
F013655,C11370,2025-02-01,5,Good experience
F013656,C07968,2026-05-22,4,Good guidance from the team
F013657,C16394,2026-06-07,1,Could be better
F013658,C15505,2025-10-01,3,Program was difficult to follow
F013659,C17315,2025-07-28,4,Good experience
F013660,C13257,2024-08-07,3,Need more follow-up
F013661,C01835,2024-03-01,5,The coach was helpful
F013662,C00222,2025-12-19,4,Good experience
F013663,C12229,2024-07-08,4,Good guidance from the team
F013664,C13871,2026-06-21,5,The coach was helpful
F013665,C15737,2026-11-08,5,I achieved my goal
F013666,C13995,2024-08-31,5,Good guidance from the team
F013667,C19669,2024-07-21,5,Very helpful program
F013668,C10122,2024-04-16,2,Program was difficult to follow
F013669,C12933,2025-10-05,5,I achieved my goal
F013670,C13878,2024-04-12,4,Good guidance from the team
F013671,C05044,2027-02-02,3,Expected better results
F013672,C07477,2025-09-15,4,The coach was helpful
F013673,C11937,2024-11-02,5,Very satisfied
F013674,C13122,2026-08-07,4,I achieved my goal
F013675,C04645,2025-12-31,4,Excellent support
F013676,C18308,2026-04-16,5,Good experience
F013677,C10485,2025-05-31,5,Good experience
F013678,C12799,2025-09-26,2,Not fully satisfied
F013679,C12205,2024-03-17,3,Not fully satisfied
F013680,C18251,2024-11-28,5,Very helpful program
F013681,C16928,2027-04-30,4,Good experience
F013682,C10936,2026-03-29,4,I achieved my goal
F013683,C14162,2026-03-14,5,Good experience
F013684,C01243,2026-09-16,4,Good experience
F013685,C05139,2024-11-16,5,Good experience
F013686,C11922,2025-12-02,2,Expected better results
F013687,C04032,2024-08-11,4,I achieved my goal
F013688,C03144,2026-06-04,5,Very satisfied
F013689,C11998,2026-08-14,5,I achieved my goal
F013690,C01103,2025-12-27,2,I missed some sessions
F013691,C16411,2026-07-12,3,Program was difficult to follow
F013692,C12675,2026-07-21,4,Very satisfied
F013693,C11100,2024-04-04,4,The coach was helpful
F013694,C10216,2024-02-29,4,The coach was helpful
F013695,C04377,2025-07-19,4,Very helpful program
F013696,C02353,2025-11-08,3,Program was difficult to follow
F013697,C16290,2025-06-15,1,Could be better
F013698,C03335,2024-06-28,4,I achieved my goal
F013699,C18581,2026-04-27,2,Program was difficult to follow
F013700,C15735,2025-10-30,5,Good guidance from the team
F013701,C13816,2024-12-25,4,Good experience
F013702,C05976,2025-06-09,5,Good guidance from the team
F013703,C11788,2025-08-10,5,Good guidance from the team
F013704,C05809,2026-01-01,5,Good guidance from the team
F013705,C19769,2026-03-21,5,Good guidance from the team
F013706,C12984,2026-03-25,4,Good experience
F013707,C02594,2024-07-10,4,Good experience
F013708,C12613,2026-01-04,5,I achieved my goal
F013709,C09026,2024-04-25,4,The coach was helpful
F013710,C05011,2024-05-02,4,Excellent support
F013711,C10890,2026-08-04,5,I achieved my goal
F013712,C12653,2026-09-26,2,Program was difficult to follow
F013713,C00490,2026-01-18,4,Very helpful program
F013714,C07213,2025-04-08,4,Excellent support
F013715,C00542,2024-07-16,4,Good experience
F013716,C19719,2025-05-20,4,Good guidance from the team
F013717,C08855,2024-05-05,4,Very helpful program
F013718,C14236,2024-12-17,4,I achieved my goal
F013719,C13208,2024-06-18,5,Very satisfied
F013720,C06640,2026-02-10,2,Not fully satisfied
F013721,C14883,2025-05-03,2,I missed some sessions
F013722,C11272,2025-05-14,4,Excellent support
F013723,C11673,2024-11-10,4,Excellent support
F013724,C09545,2026-07-26,4,Good guidance from the team
F013725,C16639,2026-04-29,3,Expected better results
F013726,C03302,2024-08-09,4,Excellent support
F013727,C09069,2025-08-15,3,Could be better
F013728,C03530,2026-03-16,4,I achieved my goal
F013729,C10411,2026-04-26,3,Not fully satisfied
F013730,C15794,2024-07-27,1,Program was difficult to follow
F013731,C01274,2025-03-14,2,Need more follow-up
F013732,C06622,2025-03-05,5,Excellent support
F013733,C09343,2024-09-02,1,Expected better results
F013734,C00502,2025-05-12,3,Need more follow-up
F013735,C15846,2024-08-03,5,I achieved my goal
F013736,C19455,2024-03-25,2,Need more follow-up
F013737,C01250,2025-11-03,4,Very satisfied
F013738,C10734,2024-09-29,2,Expected better results
F013739,C11476,2026-04-16,3,Expected better results
F013740,C14308,2025-07-20,4,Good guidance from the team
F013741,C15477,2024-12-14,5,I achieved my goal
F013742,C02843,2026-10-20,4,I achieved my goal
F013743,C03618,2025-06-21,4,Excellent support
F013744,C04179,2024-02-19,1,Expected better results
F013745,C05072,2026-07-14,3,Program was difficult to follow
F013746,C04414,2026-08-12,4,Excellent support
F013747,C03431,2024-05-21,5,Good guidance from the team
F013748,C07350,2024-10-10,3,Program was difficult to follow
F013749,C08849,2026-06-20,4,Very satisfied
F013750,C07624,2026-03-02,5,Excellent support
F013751,C05082,2025-06-11,3,Need more follow-up
F013752,C11152,2025-04-13,4,Very satisfied
F013753,C15679,2026-10-26,5,Excellent support
F013754,C16007,2026-01-07,4,I achieved my goal
F013755,C04770,2025-04-26,4,Very satisfied
F013756,C13532,2025-11-07,4,I achieved my goal
F013757,C05228,2026-08-17,5,Very helpful program
F013758,C09406,2024-10-24,1,Need more follow-up
F013759,C02341,2025-05-10,5,Excellent support
F013760,C09512,2025-09-07,5,Very satisfied
F013761,C02587,2026-10-18,2,Expected better results
F013762,C05131,2024-11-29,5,The coach was helpful
F013763,C07545,2026-07-14,5,Excellent support
F013764,C17250,2025-09-19,4,Very helpful program
F013765,C00570,2026-05-25,4,Very satisfied
F013766,C16132,2024-08-13,3,Not fully satisfied
F013767,C13900,2025-01-10,3,Need more follow-up
F013768,C15024,2024-08-07,2,I missed some sessions
F013769,C03349,2026-06-16,5,Good experience
F013770,C06466,2025-12-20,5,Very satisfied
F013771,C04717,2026-04-28,3,Need more follow-up
F013772,C09511,2025-11-13,4,Very satisfied
F013773,C17109,2026-05-29,5,Very helpful program
F013774,C14687,2025-02-12,5,Very satisfied
F013775,C02017,2026-02-24,5,Good experience
F013776,C17530,2026-09-29,5,I achieved my goal
F013777,C05644,2025-01-17,3,Expected better results
F013778,C11793,2025-05-01,4,Good guidance from the team
F013779,C08256,2024-02-23,2,Not fully satisfied
F013780,C18801,2026-06-15,2,Need more follow-up
F013781,C04309,2024-07-09,3,Could be better
F013782,C17239,2024-09-17,4,I achieved my goal
F013783,C09870,2024-09-05,5,I achieved my goal
F013784,C07190,2025-02-13,5,I achieved my goal
F013785,C15163,2026-04-05,4,The coach was helpful
F013786,C12537,2025-12-24,4,Very satisfied
F013787,C05284,2025-05-29,5,Good experience
F013788,C09674,2026-06-18,5,Good guidance from the team
F013789,C11699,2026-02-13,3,I missed some sessions
F013790,C09325,2026-05-20,5,Excellent support
F013791,C18845,2026-01-18,4,Excellent support
F013792,C00526,2025-11-07,5,Very helpful program
F013793,C07692,2026-05-25,5,The coach was helpful
F013794,C07168,2024-06-28,3,I missed some sessions
F013795,C07905,2025-05-24,5,The coach was helpful
F013796,C01862,2024-09-14,5,Very helpful program
F013797,C14823,2025-07-09,3,Could be better
F013798,C13545,2024-12-13,2,Need more follow-up
F013799,C14939,2026-03-16,1,Not fully satisfied
F013800,C05735,2025-04-19,3,Could be better
F013801,C03846,2026-03-06,5,Good guidance from the team
F013802,C01180,2025-03-08,2,Expected better results
F013803,C16508,2025-08-19,5,Good guidance from the team
F013804,C11411,2026-06-06,5,Excellent support
F013805,C10707,2025-05-27,3,Could be better
F013806,C07754,2025-04-30,5,Good experience
F013807,C02649,2024-10-30,3,I missed some sessions
F013808,C12891,2024-11-26,5,I achieved my goal
F013809,C13924,2025-06-06,4,Good guidance from the team
F013810,C12432,2025-06-29,3,Could be better
F013811,C12790,2025-04-13,3,Not fully satisfied
F013812,C01122,2026-06-12,5,I achieved my goal
F013813,C02553,2026-04-23,4,The coach was helpful
F013814,C19222,2024-08-26,4,Very helpful program
F013815,C15435,2024-06-16,4,Very satisfied
F013816,C06410,2024-09-24,4,The coach was helpful
F013817,C19868,2026-02-03,2,Could be better
F013818,C07688,2025-09-01,4,Good guidance from the team
F013819,C12146,2025-11-14,5,Good guidance from the team
F013820,C17436,2024-08-26,5,Very helpful program
F013821,C14524,2025-08-01,5,Good guidance from the team
F013822,C03836,2026-02-14,5,I achieved my goal
F013823,C17890,2025-04-18,4,Very satisfied
F013824,C04810,2026-06-26,4,The coach was helpful
F013825,C02906,2024-10-29,1,Program was difficult to follow
F013826,C00216,2026-02-14,4,Very helpful program
F013827,C12594,2024-08-03,4,Excellent support
F013828,C14381,2025-02-24,4,The coach was helpful
F013829,C19108,2024-09-13,4,Good guidance from the team
F013830,C04223,2024-07-30,5,Good experience
F013831,C13838,2024-08-21,4,Good experience
F013832,C04660,2026-09-18,5,Excellent support
F013833,C07618,2024-12-14,4,I achieved my goal
F013834,C03550,2026-01-12,4,The coach was helpful
F013835,C07212,2025-05-02,4,Good guidance from the team
F013836,C11471,2024-05-15,3,Expected better results
F013837,C11687,2024-07-09,2,Could be better
F013838,C12883,2024-06-30,4,The coach was helpful
F013839,C19139,2026-05-05,5,The coach was helpful
F013840,C15564,2024-08-06,5,Good guidance from the team
F013841,C08875,2025-07-11,2,Expected better results
F013842,C17224,2026-05-04,1,Need more follow-up
F013843,C09426,2025-04-17,1,Need more follow-up
F013844,C05905,2026-01-14,5,I achieved my goal
F013845,C00930,2026-02-19,5,Good experience
F013846,C09835,2026-06-30,5,I achieved my goal
F013847,C00141,2025-07-26,2,Expected better results
F013848,C00285,2024-07-17,4,Good experience
F013849,C04238,2026-01-29,3,I missed some sessions
F013850,C09897,2025-03-31,5,Good guidance from the team
F013851,C06501,2026-08-14,4,Very satisfied
F013852,C10224,2024-09-17,4,I achieved my goal
F013853,C03724,2026-01-24,4,Good experience
F013854,C10963,2026-02-06,5,Excellent support
F013855,C08243,2025-09-01,5,Excellent support
F013856,C12662,2025-08-03,2,Expected better results
F013857,C03185,2026-10-14,4,Good experience
F013858,C11936,2026-04-23,4,Very helpful program
F013859,C05317,2025-07-15,2,Program was difficult to follow
F013860,C06965,2025-09-28,3,Program was difficult to follow
F013861,C07442,2026-05-02,3,Expected better results
F013862,C20000,2026-12-12,2,Could be better
F013863,C17236,2024-06-18,2,Expected better results
F013864,C06354,2024-03-05,4,Good guidance from the team
F013865,C04571,2024-11-21,5,Very helpful program
F013866,C19156,2024-04-18,5,Very helpful program
F013867,C19180,2024-06-01,1,Program was difficult to follow
F013868,C13310,2024-04-27,5,Good experience
F013869,C19294,2025-09-07,3,Could be better
F013870,C02326,2026-05-21,5,Very helpful program
F013871,C12099,2025-09-01,5,Very satisfied
F013872,C17719,2026-05-27,3,Expected better results
F013873,C13224,2026-04-07,5,Good experience
F013874,C09424,2025-04-13,2,Need more follow-up
F013875,C00965,2024-10-14,4,Excellent support
F013876,C17783,2024-12-31,4,I achieved my goal
F013877,C08391,2026-01-30,4,Very helpful program
F013878,C12519,2024-09-30,5,Good guidance from the team
F013879,C04187,2026-07-08,2,I missed some sessions
F013880,C06606,2025-05-31,3,Not fully satisfied
F013881,C14276,2026-09-06,4,Very satisfied
F013882,C02631,2026-10-09,5,Excellent support
F013883,C08529,2025-07-28,4,I achieved my goal
F013884,C13155,2025-11-27,4,Very satisfied
F013885,C13409,2026-03-17,5,Good guidance from the team
F013886,C14567,2025-09-22,5,Very satisfied
F013887,C13400,2024-08-01,3,Could be better
F013888,C01422,2026-01-31,4,Good experience
F013889,C16717,2026-04-29,5,Good experience
F013890,C10530,2024-11-29,3,Expected better results
F013891,C16819,2026-06-08,3,Not fully satisfied
F013892,C11767,2025-07-04,5,Very satisfied
F013893,C14468,2024-06-16,1,Program was difficult to follow
F013894,C08299,2025-08-26,4,Very satisfied
F013895,C13333,2024-05-16,5,Excellent support
F013896,C14737,2024-05-08,2,Could be better
F013897,C00764,2026-09-17,2,Not fully satisfied
F013898,C10195,2025-06-20,4,The coach was helpful
F013899,C11339,2024-05-07,2,Program was difficult to follow
F013900,C14226,2026-01-25,5,Good guidance from the team
F013901,C02793,2025-12-25,4,I achieved my goal
F013902,C02002,2026-09-11,5,Good experience
F013903,C18482,2024-05-28,4,Excellent support
F013904,C07411,2025-04-24,5,Very helpful program
F013905,C05705,2026-08-15,3,I missed some sessions
F013906,C09983,2025-02-17,3,Not fully satisfied
F013907,C01786,2024-09-03,5,Very helpful program
F013908,C09509,2024-12-30,4,Good experience
F013909,C08394,2026-04-16,2,Program was difficult to follow
F013910,C16723,2025-04-03,5,Very helpful program
F013911,C04348,2024-10-31,5,Very satisfied
F013912,C03107,2025-09-08,5,Very helpful program
F013913,C06610,2024-06-23,1,Program was difficult to follow
F013914,C05294,2026-02-27,3,Need more follow-up
F013915,C14149,2026-04-23,3,Program was difficult to follow
F013916,C14076,2025-10-30,5,Good experience
F013917,C04190,2024-05-31,5,Good guidance from the team
F013918,C02456,2024-06-07,3,I missed some sessions
F013919,C17047,2026-03-02,5,The coach was helpful
F013920,C16409,2027-02-13,3,Need more follow-up
F013921,C17452,2024-04-23,3,Need more follow-up
F013922,C03939,2026-05-11,5,Good experience
F013923,C12103,2025-03-01,2,Could be better
F013924,C15265,2026-06-08,4,The coach was helpful
F013925,C07636,2025-11-03,5,Excellent support
F013926,C17822,2024-07-14,5,Good experience
F013927,C14540,2025-06-27,3,Program was difficult to follow
F013928,C15001,2025-11-13,3,Need more follow-up
F013929,C13131,2024-11-26,4,Excellent support
F013930,C02201,2024-06-24,2,Expected better results
F013931,C04014,2026-07-06,5,Good experience
F013932,C18766,2024-12-11,5,Very satisfied
F013933,C14591,2026-04-03,4,Good guidance from the team
F013934,C05263,2025-02-09,5,Very satisfied
F013935,C06204,2024-10-20,2,Not fully satisfied
F013936,C12284,2026-08-04,4,Excellent support
F013937,C12592,2024-05-16,4,Excellent support
F013938,C04389,2024-11-04,3,Need more follow-up
F013939,C02920,2025-06-07,2,Could be better
F013940,C15598,2025-02-08,5,Good experience
F013941,C00794,2024-09-14,5,Excellent support
F013942,C02538,2026-05-13,5,Very satisfied
F013943,C00484,2025-09-16,5,Good experience
F013944,C15660,2025-04-15,5,Very satisfied
F013945,C00561,2024-11-10,4,I achieved my goal
F013946,C09161,2024-09-12,5,Good experience
F013947,C14648,2025-03-15,1,Program was difficult to follow
F013948,C16677,2025-05-21,4,Good experience
F013949,C03325,2024-12-21,4,Excellent support
F013950,C03499,2024-06-17,5,Very helpful program
F013951,C17879,2025-03-18,4,Good guidance from the team
F013952,C01892,2025-10-24,1,Not fully satisfied
F013953,C11708,2024-10-05,5,Good experience
F013954,C05501,2026-02-07,4,Excellent support
F013955,C05128,2025-12-05,5,Very satisfied
F013956,C09158,2024-04-09,2,Need more follow-up
F013957,C17817,2024-09-16,1,Could be better
F013958,C02322,2025-12-02,4,Very satisfied
F013959,C19753,2024-09-09,4,Excellent support
F013960,C12574,2025-10-30,4,Excellent support
F013961,C15855,2024-12-21,3,Could be better
F013962,C04655,2024-06-07,5,I achieved my goal
F013963,C17706,2025-01-28,3,I missed some sessions
F013964,C04850,2025-02-08,5,The coach was helpful
F013965,C06100,2024-09-09,4,The coach was helpful
F013966,C04834,2026-01-23,4,The coach was helpful
F013967,C11033,2024-09-01,4,Excellent support
F013968,C08686,2024-11-08,5,Good guidance from the team
F013969,C11292,2025-02-27,4,Excellent support
F013970,C02542,2025-04-30,4,Very helpful program
F013971,C02964,2025-10-27,5,Very satisfied
F013972,C08787,2024-08-26,5,The coach was helpful
F013973,C12404,2025-11-09,5,Very helpful program
F013974,C14100,2025-09-29,5,I achieved my goal
F013975,C01235,2025-05-15,4,Good experience
F013976,C13664,2025-01-10,4,The coach was helpful
F013977,C04723,2026-04-09,5,Good guidance from the team
F013978,C09293,2026-07-13,5,Good guidance from the team
F013979,C17157,2026-07-08,3,Program was difficult to follow
F013980,C07627,2026-04-01,5,Good experience
F013981,C13011,2024-11-06,5,Very helpful program
F013982,C00308,2024-02-20,1,Not fully satisfied
F013983,C18001,2026-02-05,1,Program was difficult to follow
F013984,C15307,2024-06-13,5,I achieved my goal
F013985,C14256,2024-05-28,5,Good experience
F013986,C05727,2024-08-15,4,Very satisfied
F013987,C02647,2025-09-24,5,Good experience
F013988,C10828,2024-09-15,3,Could be better
F013989,C02211,2025-12-13,4,Very satisfied
F013990,C08396,2025-05-09,3,I missed some sessions
F013991,C07601,2025-08-04,4,Excellent support
F013992,C17039,2024-02-04,3,Could be better
F013993,C03364,2026-04-15,3,Not fully satisfied
F013994,C08862,2025-03-17,3,Could be better
F013995,C13499,2024-09-09,2,I missed some sessions
F013996,C05485,2025-01-30,4,Good experience
F013997,C09948,2026-04-22,4,I achieved my goal
F013998,C09950,2026-04-26,4,The coach was helpful
F013999,C07609,2026-08-03,5,I achieved my goal
F014000,C11860,2024-04-20,4,Very helpful program
F014001,C18864,2026-03-11,5,I achieved my goal
F014002,C04432,2025-10-19,5,I achieved my goal
F014003,C08080,2025-09-11,2,Not fully satisfied
F014004,C01336,2025-08-24,3,Need more follow-up
F014005,C13330,2025-02-21,5,Good guidance from the team
F014006,C06469,2026-06-16,2,Program was difficult to follow
F014007,C08465,2026-04-02,5,I achieved my goal
F014008,C11403,2026-01-29,3,Need more follow-up
F014009,C07575,2025-11-08,3,Program was difficult to follow
F014010,C19169,2026-05-23,3,Program was difficult to follow
F014011,C08938,2024-12-05,5,Very helpful program
F014012,C09471,2024-10-08,3,Could be better
F014013,C19070,2026-02-19,5,The coach was helpful
F014014,C16789,2026-03-02,5,Very helpful program
F014015,C05857,2024-10-17,2,Not fully satisfied
F014016,C08323,2025-03-14,5,Good experience
F014017,C16665,2027-04-03,3,I missed some sessions
F014018,C12423,2026-01-22,4,Very helpful program
F014019,C16722,2024-12-18,5,Excellent support
F014020,C11678,2025-01-03,5,Excellent support
F014021,C02944,2025-07-01,5,I achieved my goal
F014022,C06489,2024-12-05,3,Expected better results
F014023,C16663,2024-09-03,4,Very satisfied
F014024,C14310,2024-11-19,4,Good guidance from the team
F014025,C02125,2024-09-19,5,The coach was helpful
F014026,C09657,2025-04-18,4,Good experience
F014027,C09970,2025-01-18,4,I achieved my goal
F014028,C02635,2024-07-21,5,The coach was helpful
F014029,C07147,2026-01-20,5,Excellent support
F014030,C01999,2025-12-19,3,Need more follow-up
F014031,C18992,2025-05-13,3,I missed some sessions
F014032,C03580,2025-10-22,2,Program was difficult to follow
F014033,C02550,2024-10-12,3,Could be better
F014034,C18680,2026-06-29,4,Excellent support
F014035,C02642,2024-11-12,5,Very satisfied
F014036,C06612,2026-02-15,3,Could be better
F014037,C09382,2026-01-16,5,The coach was helpful
F014038,C14967,2025-06-23,3,Program was difficult to follow
F014039,C10751,2025-05-29,3,Expected better results
F014040,C06554,2025-03-31,4,I achieved my goal
F014041,C19481,2024-07-16,3,Need more follow-up
F014042,C12302,2026-05-11,4,Very helpful program
F014043,C03333,2025-10-24,5,The coach was helpful
F014044,C03308,2024-03-25,5,I achieved my goal
F014045,C17852,2024-04-20,5,Good experience
F014046,C14753,2026-04-10,4,Good guidance from the team
F014047,C11218,2026-04-09,4,I achieved my goal
F014048,C06062,2025-12-11,4,Very satisfied
F014049,C03271,2026-08-20,3,Expected better results
F014050,C19256,2024-06-27,5,I achieved my goal
F014051,C10904,2025-05-07,4,Good guidance from the team
F014052,C15000,2025-02-11,5,The coach was helpful
F014053,C13039,2024-12-31,3,Not fully satisfied
F014054,C16586,2024-10-28,5,Very helpful program
F014055,C17958,2024-11-27,5,Very helpful program
F014056,C07587,2025-07-03,3,Not fully satisfied
F014057,C10284,2026-05-05,2,Not fully satisfied
F014058,C09376,2025-12-20,3,Need more follow-up
F014059,C19380,2025-09-29,4,Very satisfied
F014060,C18300,2025-05-15,5,Very helpful program
F014061,C00800,2024-05-12,3,Need more follow-up
F014062,C09851,2024-12-07,3,I missed some sessions
F014063,C13831,2024-10-27,5,Good experience
F014064,C02633,2025-12-17,4,Good guidance from the team
F014065,C01826,2025-04-03,4,Excellent support
F014066,C19054,2026-08-28,3,Need more follow-up
F014067,C14646,2025-02-11,5,Excellent support
F014068,C10374,2025-02-26,4,Very satisfied
F014069,C14440,2026-07-08,5,Excellent support
F014070,C07112,2024-07-19,5,The coach was helpful
F014071,C10883,2025-01-24,2,Expected better results
F014072,C18554,2024-07-16,4,Very satisfied
F014073,C00396,2025-07-07,3,Program was difficult to follow
F014074,C02898,2026-01-19,4,The coach was helpful
F014075,C04307,2025-10-30,2,I missed some sessions
F014076,C16392,2025-09-03,5,Good experience
F014077,C10119,2026-04-22,4,Excellent support
F014078,C17070,2025-03-22,5,The coach was helpful
F014079,C15548,2025-09-27,2,Program was difficult to follow
F014080,C05688,2024-08-19,5,The coach was helpful
F014081,C12741,2024-11-16,5,I achieved my goal
F014082,C18936,2025-04-30,5,Good experience
F014083,C18425,2024-08-27,2,Expected better results
F014084,C18035,2024-03-17,3,Need more follow-up
F014085,C10680,2024-05-06,3,Need more follow-up
F014086,C08504,2025-03-09,3,Program was difficult to follow
F014087,C06901,2026-04-17,4,Good guidance from the team
F014088,C19488,2024-08-01,3,Not fully satisfied
F014089,C01153,2025-01-28,5,The coach was helpful
F014090,C13446,2025-02-16,5,Very satisfied
F014091,C19756,2024-08-06,5,The coach was helpful
F014092,C13737,2025-03-15,4,The coach was helpful
F014093,C10059,2025-12-05,3,Expected better results
F014094,C01208,2024-10-30,5,Very helpful program
F014095,C12228,2025-02-20,4,I achieved my goal
F014096,C06011,2026-01-26,4,Excellent support
F014097,C02269,2024-12-05,3,Not fully satisfied
F014098,C09583,2025-12-27,5,Good experience
F014099,C18590,2026-10-03,3,I missed some sessions
F014100,C12515,2025-05-14,1,Program was difficult to follow
F014101,C19878,2024-06-01,2,Expected better results
F014102,C09632,2024-05-30,5,The coach was helpful
F014103,C06182,2024-12-02,2,Program was difficult to follow
F014104,C07861,2025-04-29,1,I missed some sessions
F014105,C03733,2024-03-17,4,Good experience
F014106,C15194,2024-12-05,4,The coach was helpful
F014107,C18153,2025-02-28,5,Very satisfied
F014108,C10724,2024-09-13,5,The coach was helpful
F014109,C17192,2025-03-24,3,Need more follow-up
F014110,C00586,2026-01-15,5,Very satisfied
F014111,C09722,2025-11-12,4,Good experience
F014112,C19493,2025-05-27,2,Expected better results
F014113,C10888,2024-05-25,2,Need more follow-up
F014114,C04197,2024-12-24,5,Excellent support
F014115,C18579,2024-09-10,4,Good experience
F014116,C04360,2025-02-24,5,Very helpful program
F014117,C19867,2025-12-30,4,Very helpful program
F014118,C05364,2025-02-05,3,Not fully satisfied
F014119,C13845,2025-10-27,3,Need more follow-up
F014120,C01294,2026-09-10,5,Good experience
F014121,C19998,2025-03-04,4,Very helpful program
F014122,C02048,2025-09-18,5,The coach was helpful
F014123,C10575,2024-10-08,4,Very satisfied
F014124,C12716,2024-08-22,4,I achieved my goal
F014125,C18829,2026-05-15,4,Good experience
F014126,C19238,2024-12-15,5,Excellent support
F014127,C00136,2026-10-07,3,Not fully satisfied
F014128,C07138,2025-05-01,5,The coach was helpful
F014129,C17623,2025-10-01,5,Excellent support
F014130,C17738,2026-06-13,3,Could be better
F014131,C08824,2025-04-26,1,Program was difficult to follow
F014132,C09782,2025-09-25,5,The coach was helpful
F014133,C09592,2025-03-01,4,Excellent support
F014134,C05720,2025-07-06,5,Good experience
F014135,C08884,2026-02-20,5,Excellent support
F014136,C14097,2026-03-04,3,Need more follow-up
F014137,C02988,2026-10-05,5,Very satisfied
F014138,C11118,2026-11-19,5,I achieved my goal
F014139,C06131,2026-07-18,4,Very satisfied
F014140,C06032,2025-11-05,5,Very helpful program
F014141,C00478,2025-07-22,4,I achieved my goal
F014142,C15131,2024-12-13,5,I achieved my goal
F014143,C03386,2025-05-06,3,Could be better
F014144,C11089,2025-11-07,5,The coach was helpful
F014145,C12472,2024-05-16,1,Need more follow-up
F014146,C17913,2024-06-30,5,Good experience
F014147,C05252,2024-06-06,5,Very satisfied
F014148,C11906,2025-05-03,4,I achieved my goal
F014149,C02983,2025-06-26,4,Good guidance from the team
F014150,C17581,2024-08-06,5,The coach was helpful
F014151,C08309,2025-09-27,4,I achieved my goal
F014152,C08334,2024-12-04,3,Need more follow-up
F014153,C09179,2026-04-18,5,Excellent support
F014154,C15976,2025-05-17,4,Excellent support
F014155,C16779,2026-06-28,5,The coach was helpful
F014156,C02547,2025-03-11,5,Excellent support
F014157,C16336,2026-02-12,3,Not fully satisfied
F014158,C00474,2026-03-28,5,Excellent support
F014159,C15736,2026-07-19,4,Good experience
F014160,C02381,2026-01-09,4,I achieved my goal
F014161,C13820,2025-07-28,3,Not fully satisfied
F014162,C11005,2025-10-24,3,Program was difficult to follow
F014163,C05235,2024-06-01,5,I achieved my goal
F014164,C09807,2024-12-05,2,Could be better
F014165,C18669,2024-08-18,4,The coach was helpful
F014166,C16064,2026-03-19,4,Very satisfied
F014167,C13191,2025-02-11,5,Very satisfied
F014168,C15544,2025-04-10,5,Good experience
F014169,C02591,2024-11-05,5,Good experience
F014170,C17545,2026-01-28,3,Could be better
F014171,C07687,2025-06-21,4,The coach was helpful
F014172,C17179,2026-01-23,5,I achieved my goal
F014173,C15981,2026-05-27,3,Need more follow-up
F014174,C00416,2026-08-25,5,I achieved my goal
F014175,C04831,2026-07-01,2,Not fully satisfied
F014176,C15377,2024-10-05,5,Excellent support
F014177,C00513,2026-06-03,2,Could be better
F014178,C16755,2026-01-04,1,Need more follow-up
F014179,C15816,2025-08-31,5,Good guidance from the team
F014180,C00438,2026-05-07,3,I missed some sessions
F014181,C12920,2024-08-25,3,I missed some sessions
F014182,C19418,2026-02-16,4,Excellent support
F014183,C15109,2024-10-04,3,Could be better
F014184,C14806,2026-08-28,4,Good guidance from the team
F014185,C07021,2026-08-25,2,Expected better results
F014186,C00867,2025-09-02,2,I missed some sessions
F014187,C03854,2026-05-05,5,Good experience
F014188,C15955,2026-09-09,5,Very helpful program
F014189,C17703,2026-01-05,4,Excellent support
F014190,C00480,2024-11-25,3,Not fully satisfied
F014191,C14205,2025-02-04,2,Program was difficult to follow
F014192,C11573,2025-06-10,4,Excellent support
F014193,C03514,2024-12-11,5,I achieved my goal
F014194,C02605,2024-12-27,5,Very helpful program
F014195,C08306,2026-04-06,4,Very satisfied
F014196,C10041,2026-04-09,3,Not fully satisfied
F014197,C17683,2024-11-05,4,Very satisfied
F014198,C16088,2024-12-27,5,Good guidance from the team
F014199,C04329,2026-06-06,4,Very satisfied
F014200,C19798,2024-05-15,5,Very satisfied
F014201,C08258,2024-08-07,5,Good guidance from the team
F014202,C15274,2024-08-08,4,Good experience
F014203,C04224,2025-02-19,2,Not fully satisfied
F014204,C03936,2025-04-11,4,Very satisfied
F014205,C15680,2026-01-18,3,Not fully satisfied
F014206,C17555,2024-12-27,4,The coach was helpful
F014207,C14289,2025-07-20,5,Very helpful program
F014208,C04027,2025-09-16,5,Very satisfied
F014209,C19728,2025-09-23,5,Very satisfied
F014210,C08510,2025-03-13,1,Could be better
F014211,C06138,2025-08-28,5,The coach was helpful
F014212,C09579,2025-12-31,4,I achieved my goal
F014213,C13282,2025-01-18,4,Excellent support
F014214,C09889,2024-05-08,5,The coach was helpful
F014215,C02945,2024-06-04,2,Not fully satisfied
F014216,C03098,2025-07-31,4,Very helpful program
F014217,C17461,2025-09-17,4,Good guidance from the team
F014218,C09392,2026-04-02,3,Need more follow-up
F014219,C18773,2024-06-18,4,Very helpful program
F014220,C01209,2025-06-23,2,Need more follow-up
F014221,C05193,2024-11-26,4,Very helpful program
F014222,C05880,2025-10-04,5,Very satisfied
F014223,C01433,2026-07-21,3,Could be better
F014224,C11516,2025-07-05,5,Good experience
F014225,C12055,2025-09-08,5,I achieved my goal
F014226,C06664,2024-09-18,5,Very helpful program
F014227,C05104,2025-05-20,3,Not fully satisfied
F014228,C06573,2024-05-27,2,Need more follow-up
F014229,C19325,2025-11-18,4,The coach was helpful
F014230,C12319,2025-11-28,5,The coach was helpful
F014231,C17323,2024-10-27,5,Very helpful program
F014232,C00227,2026-04-28,4,Good guidance from the team
F014233,C06525,2025-09-13,4,Very satisfied
F014234,C18439,2025-07-23,5,I achieved my goal
F014235,C08762,2025-04-10,5,Good experience
F014236,C09152,2026-05-11,4,Very satisfied
F014237,C18692,2025-12-09,3,Need more follow-up
F014238,C10067,2025-09-18,2,I missed some sessions
F014239,C03811,2025-07-19,4,Very satisfied
F014240,C13568,2025-06-27,4,The coach was helpful
F014241,C16950,2025-07-16,3,Need more follow-up
F014242,C01133,2026-04-18,5,Excellent support
F014243,C13525,2025-03-02,5,Good guidance from the team
F014244,C04657,2025-01-04,4,Good guidance from the team
F014245,C16335,2026-06-11,2,Expected better results
F014246,C03826,2025-10-18,5,Very helpful program
F014247,C14477,2026-08-14,3,Could be better
F014248,C09264,2024-12-27,3,Program was difficult to follow
F014249,C04696,2026-07-26,5,Good experience
F014250,C15535,2025-09-27,4,Very satisfied
F014251,C18748,2024-08-31,5,Very satisfied
F014252,C04569,2025-09-03,5,Very helpful program
F014253,C13813,2025-05-29,5,Very satisfied
F014254,C03825,2025-08-29,5,Good guidance from the team
F014255,C06105,2024-12-30,5,I achieved my goal
F014256,C15252,2026-08-09,4,Very satisfied
F014257,C01845,2026-02-10,5,I achieved my goal
F014258,C19568,2026-07-29,1,I missed some sessions
F014259,C16571,2026-03-19,4,I achieved my goal
F014260,C15170,2024-07-02,3,Expected better results
F014261,C07891,2026-05-17,5,Very helpful program
F014262,C05550,2026-04-16,3,Not fully satisfied
F014263,C01534,2025-09-11,2,Not fully satisfied
F014264,C06385,2026-08-17,5,Very satisfied
F014265,C17260,2025-09-03,2,Expected better results
F014266,C13086,2024-04-06,3,Could be better
F014267,C13515,2024-04-18,5,The coach was helpful
F014268,C05762,2024-09-21,3,I missed some sessions
F014269,C13280,2026-06-12,4,Good experience
F014270,C14718,2025-02-13,4,Very satisfied
F014271,C12014,2024-06-20,3,Need more follow-up
F014272,C02412,2026-06-13,3,I missed some sessions
F014273,C05409,2025-04-25,4,Good guidance from the team
F014274,C07171,2024-11-20,4,Excellent support
F014275,C16450,2026-01-09,5,Good guidance from the team
F014276,C18913,2026-09-12,5,Very helpful program
F014277,C19891,2025-03-19,5,Very helpful program
F014278,C02850,2026-07-07,4,Good guidance from the team
F014279,C10444,2025-05-23,4,Excellent support
F014280,C01502,2025-02-07,5,Good guidance from the team
F014281,C08574,2024-09-29,4,Good guidance from the team
F014282,C08654,2025-03-06,4,Excellent support
F014283,C07247,2025-09-19,5,Excellent support
F014284,C12809,2026-02-27,4,I achieved my goal
F014285,C19735,2026-12-04,5,Very helpful program
F014286,C19594,2026-04-25,5,Excellent support
F014287,C01562,2026-03-28,4,Good guidance from the team
F014288,C06492,2026-02-15,4,Excellent support
F014289,C19511,2024-07-11,4,The coach was helpful
F014290,C01895,2025-07-21,2,I missed some sessions
F014291,C18445,2026-04-21,5,Good guidance from the team
F014292,C15341,2025-05-18,5,The coach was helpful
F014293,C16562,2026-08-25,4,Excellent support
F014294,C01865,2026-07-17,1,Could be better
F014295,C02019,2026-02-16,1,Need more follow-up
F014296,C16457,2025-04-13,3,Could be better
F014297,C17040,2026-09-11,5,Very satisfied
F014298,C03473,2024-09-06,5,Good experience
F014299,C16142,2025-12-15,1,Expected better results
F014300,C10783,2026-01-21,5,Good guidance from the team
F014301,C15870,2025-03-18,3,Expected better results
F014302,C15071,2025-01-13,5,I achieved my goal
F014303,C01450,2025-12-09,2,Program was difficult to follow
F014304,C05913,2025-09-16,3,Program was difficult to follow
F014305,C13030,2024-12-09,3,Not fully satisfied
F014306,C09797,2026-02-14,5,Good experience
F014307,C13725,2024-02-14,4,Very satisfied
F014308,C09528,2025-06-14,2,I missed some sessions
F014309,C07446,2025-02-17,4,Good guidance from the team
F014310,C08456,2026-04-09,3,Expected better results
F014311,C11769,2026-05-27,4,The coach was helpful
F014312,C17529,2024-07-24,3,Could be better
F014313,C04393,2024-10-18,4,Good experience
F014314,C18082,2026-06-03,4,Very helpful program
F014315,C16323,2024-03-27,3,Not fully satisfied
F014316,C19702,2025-05-25,5,Excellent support
F014317,C03658,2025-02-13,4,Good guidance from the team
F014318,C14917,2026-02-11,4,Very satisfied
F014319,C09335,2025-09-08,1,Expected better results
F014320,C17016,2025-11-20,5,Excellent support
F014321,C18034,2026-05-25,4,Excellent support
F014322,C00516,2024-09-24,4,Good guidance from the team
F014323,C00605,2024-09-12,2,Expected better results
F014324,C09840,2026-10-01,5,Very helpful program
F014325,C14119,2026-09-02,4,Good guidance from the team
F014326,C19520,2024-05-13,3,Expected better results
F014327,C00073,2024-04-22,3,I missed some sessions
F014328,C03989,2026-09-01,3,Expected better results
F014329,C04836,2024-11-12,4,The coach was helpful
F014330,C16406,2025-03-28,5,Very satisfied
F014331,C08390,2024-12-13,4,Excellent support
F014332,C17537,2024-11-18,4,Good guidance from the team
F014333,C11696,2025-03-08,4,Good experience
F014334,C09052,2025-01-02,3,Expected better results
F014335,C15546,2026-05-07,5,I achieved my goal
F014336,C17057,2026-09-29,4,Very satisfied
F014337,C01215,2025-02-11,5,Good guidance from the team
F014338,C10018,2025-01-31,2,Could be better
F014339,C04781,2025-08-08,4,I achieved my goal
F014340,C02817,2025-03-05,4,I achieved my goal
F014341,C19630,2026-06-08,5,Good guidance from the team
F014342,C19144,2026-06-03,2,Could be better
F014343,C05046,2025-02-11,5,Good guidance from the team
F014344,C05309,2025-11-25,5,Very helpful program
F014345,C01660,2024-12-01,5,Good experience
F014346,C10684,2025-11-18,4,Excellent support
F014347,C17156,2025-09-20,4,I achieved my goal
F014348,C15124,2024-11-07,4,I achieved my goal
F014349,C06411,2025-11-11,5,The coach was helpful
F014350,C02079,2025-11-17,4,Very satisfied
F014351,C06600,2024-06-18,5,Excellent support
F014352,C03813,2026-02-03,5,Good guidance from the team
F014353,C08567,2024-11-17,5,Good experience
F014354,C09658,2025-04-18,5,Excellent support
F014355,C11809,2025-11-17,3,Could be better
F014356,C18189,2025-12-08,4,Good experience
F014357,C07013,2025-03-15,5,Very satisfied
F014358,C07961,2024-09-24,4,Very satisfied
F014359,C10021,2024-09-30,4,Very satisfied
F014360,C19537,2025-07-17,5,Excellent support
F014361,C14416,2026-07-29,4,The coach was helpful
F014362,C16265,2025-01-04,5,I achieved my goal
F014363,C08284,2025-04-17,5,Good experience
F014364,C19989,2026-11-12,3,I missed some sessions
F014365,C12067,2026-07-07,3,Expected better results
F014366,C14626,2026-01-16,5,Very helpful program
F014367,C17956,2025-08-01,2,Need more follow-up
F014368,C05454,2024-08-09,1,I missed some sessions
F014369,C08224,2024-04-25,5,Good guidance from the team
F014370,C04703,2024-03-06,3,Could be better
F014371,C09460,2026-04-28,5,Excellent support
F014372,C13884,2026-05-19,5,I achieved my goal
F014373,C06538,2026-03-25,2,Could be better
F014374,C15718,2026-04-12,4,I achieved my goal
F014375,C05020,2024-04-09,5,Very satisfied
F014376,C12990,2026-01-28,5,I achieved my goal
F014377,C15356,2024-12-08,3,I missed some sessions
F014378,C07741,2024-06-26,5,The coach was helpful
F014379,C08131,2026-01-11,5,Very helpful program
F014380,C19202,2025-09-11,3,Could be better
F014381,C17569,2024-06-19,5,Excellent support
F014382,C07552,2024-03-25,3,Expected better results
F014383,C11421,2024-05-07,5,Excellent support
F014384,C18559,2024-04-25,4,Excellent support
F014385,C03655,2025-08-29,4,Excellent support
F014386,C05985,2025-05-31,3,Could be better
F014387,C08254,2025-06-13,4,The coach was helpful
F014388,C00387,2024-04-02,4,Excellent support
F014389,C10136,2026-06-18,4,Good experience
F014390,C12082,2026-01-01,4,Good guidance from the team
F014391,C11637,2026-08-31,3,Could be better
F014392,C17024,2025-02-10,2,Expected better results
F014393,C00102,2025-02-24,5,I achieved my goal
F014394,C01261,2026-02-02,3,Program was difficult to follow
F014395,C19085,2025-05-21,5,Good guidance from the team
F014396,C05016,2024-06-07,5,I achieved my goal
F014397,C05340,2024-07-27,4,The coach was helpful
F014398,C08125,2026-05-30,4,Excellent support
F014399,C12959,2024-11-09,4,Good guidance from the team
F014400,C07308,2024-10-29,3,Expected better results
F014401,C05418,2024-09-28,3,Program was difficult to follow
F014402,C06159,2026-06-09,4,Excellent support
F014403,C06776,2026-10-26,5,Very helpful program
F014404,C16747,2024-05-05,4,I achieved my goal
F014405,C01072,2024-11-01,5,Good experience
F014406,C03063,2026-06-18,4,Good experience
F014407,C15235,2026-02-06,3,Could be better
F014408,C05832,2025-11-15,3,I missed some sessions
F014409,C11625,2026-07-16,5,Very helpful program
F014410,C02137,2026-03-16,4,The coach was helpful
F014411,C00890,2024-03-03,5,Good guidance from the team
F014412,C01379,2026-02-01,2,I missed some sessions
F014413,C11249,2024-06-01,5,I achieved my goal
F014414,C01703,2026-05-09,2,Expected better results
F014415,C11277,2024-03-12,5,Good guidance from the team
F014416,C06423,2026-02-21,5,I achieved my goal
F014417,C15476,2024-07-04,3,Need more follow-up
F014418,C02656,2025-08-07,4,Good guidance from the team
F014419,C00128,2024-04-20,4,Excellent support
F014420,C01764,2026-05-14,5,Very helpful program
F014421,C01095,2025-07-24,5,Good experience
F014422,C14636,2025-07-26,3,Expected better results
F014423,C13147,2025-06-09,5,Excellent support
F014424,C14915,2025-07-25,4,Excellent support
F014425,C03439,2025-07-13,1,Not fully satisfied
F014426,C01107,2024-06-14,2,I missed some sessions
F014427,C16259,2025-07-31,5,Excellent support
F014428,C16539,2024-12-26,4,I achieved my goal
F014429,C12401,2025-10-22,2,I missed some sessions
F014430,C10429,2024-07-25,4,Excellent support
F014431,C18887,2024-07-16,5,Good guidance from the team
F014432,C08120,2026-03-04,3,Expected better results
F014433,C06769,2026-02-21,5,I achieved my goal
F014434,C04142,2025-12-12,2,Not fully satisfied
F014435,C02018,2025-05-17,2,Could be better
F014436,C04602,2026-01-05,5,I achieved my goal
F014437,C07367,2024-09-04,5,Excellent support
F014438,C05982,2025-08-18,5,Very helpful program
F014439,C03692,2025-09-09,4,The coach was helpful
F014440,C07164,2024-06-05,5,I achieved my goal
F014441,C16310,2024-06-12,5,Good experience
F014442,C05241,2025-05-20,2,Could be better
F014443,C07336,2024-11-08,5,I achieved my goal
F014444,C09267,2024-08-23,5,Very helpful program
F014445,C03780,2025-03-16,5,Good guidance from the team
F014446,C08112,2025-03-21,4,Very satisfied
F014447,C17700,2024-11-20,4,The coach was helpful
F014448,C00017,2024-12-06,4,Good experience
F014449,C06803,2025-07-21,3,Expected better results
F014450,C10698,2025-10-08,4,Very satisfied
F014451,C01472,2024-04-22,4,I achieved my goal
F014452,C14044,2025-01-15,4,I achieved my goal
F014453,C04997,2024-08-17,4,Very helpful program
F014454,C05321,2024-04-02,4,Excellent support
F014455,C05078,2026-02-09,5,Very helpful program
F014456,C18187,2024-05-03,3,Program was difficult to follow
F014457,C18167,2024-09-17,4,Good experience
F014458,C14317,2024-04-18,4,Very helpful program
F014459,C02296,2026-03-30,3,I missed some sessions
F014460,C00269,2026-04-20,5,Very satisfied
F014461,C18202,2025-12-04,4,Very helpful program
F014462,C01700,2025-07-24,3,Expected better results
F014463,C04573,2025-10-21,2,Program was difficult to follow
F014464,C16397,2024-12-01,3,Expected better results
F014465,C07073,2025-02-28,5,Good guidance from the team
F014466,C17904,2025-06-11,5,Very helpful program
F014467,C07511,2025-02-02,4,Good experience
F014468,C09760,2024-10-01,3,Not fully satisfied
F014469,C15784,2024-08-30,5,I achieved my goal
F014470,C03237,2024-07-16,4,The coach was helpful
F014471,C06513,2026-05-20,5,Very satisfied
F014472,C00496,2025-07-03,4,Good experience
F014473,C14924,2024-04-17,2,Could be better
F014474,C16524,2026-03-12,4,Very helpful program
F014475,C07199,2024-11-27,5,Good guidance from the team
F014476,C19947,2026-07-18,4,Good guidance from the team
F014477,C06871,2025-09-29,5,Good guidance from the team
F014478,C18119,2025-06-13,2,Not fully satisfied
F014479,C15139,2025-02-15,5,Good experience
F014480,C15866,2025-03-29,3,Not fully satisfied
F014481,C08902,2025-07-10,5,Good experience
F014482,C17633,2024-06-10,3,Not fully satisfied
F014483,C03123,2026-07-30,4,The coach was helpful
F014484,C15776,2026-03-22,4,Very helpful program
F014485,C05860,2025-09-06,4,Very helpful program
F014486,C02608,2026-07-19,3,Could be better
F014487,C08877,2026-03-07,3,Need more follow-up
F014488,C11012,2025-03-08,5,Very satisfied
F014489,C01171,2025-04-25,4,I achieved my goal
F014490,C02286,2025-09-25,2,Could be better
F014491,C15773,2024-06-04,2,Need more follow-up
F014492,C03785,2024-03-30,5,Excellent support
F014493,C02932,2024-10-02,5,Good experience
F014494,C02491,2025-03-17,5,Good guidance from the team
F014495,C09105,2025-12-26,5,The coach was helpful
F014496,C04467,2026-04-29,3,I missed some sessions
F014497,C10678,2025-08-31,5,Very satisfied
F014498,C15322,2025-03-24,5,Very helpful program
F014499,C00254,2024-06-04,5,Very satisfied
F014500,C04201,2025-03-06,5,I achieved my goal
F014501,C04551,2026-08-12,5,The coach was helpful
F014502,C09102,2024-08-17,4,Very helpful program
F014503,C02728,2024-11-07,4,The coach was helpful
F014504,C05934,2026-05-12,3,I missed some sessions
F014505,C10750,2026-05-03,1,Could be better
F014506,C11190,2025-07-27,4,Excellent support
F014507,C16561,2026-10-12,5,I achieved my goal
F014508,C01925,2026-04-15,5,I achieved my goal
F014509,C15889,2026-03-11,4,Very satisfied
F014510,C05803,2026-05-18,4,Excellent support
F014511,C00204,2025-08-14,3,Could be better
F014512,C19013,2024-10-24,1,I missed some sessions
F014513,C08354,2026-09-09,4,Good experience
F014514,C04080,2024-02-12,3,I missed some sessions
F014515,C04682,2024-08-15,5,Good guidance from the team
F014516,C04545,2024-05-18,5,Good experience
F014517,C07825,2024-12-13,3,I missed some sessions
F014518,C04465,2026-07-28,5,Good guidance from the team
F014519,C09463,2025-08-22,4,Very satisfied
F014520,C13359,2026-06-28,3,Need more follow-up
F014521,C02779,2025-10-30,1,I missed some sessions
F014522,C10447,2025-05-26,4,Good experience
F014523,C08797,2024-10-12,2,Could be better
F014524,C01276,2025-04-11,4,Very helpful program
F014525,C17893,2024-11-25,5,Good experience
F014526,C02522,2024-05-06,5,Very satisfied
F014527,C07509,2026-08-04,4,I achieved my goal
F014528,C14096,2025-01-29,3,Need more follow-up
F014529,C09640,2024-05-14,4,I achieved my goal
F014530,C07111,2024-10-16,5,Good experience
F014531,C11104,2025-10-08,2,I missed some sessions
F014532,C11880,2024-10-09,4,Very helpful program
F014533,C16393,2024-04-17,1,Program was difficult to follow
F014534,C00683,2025-05-22,1,I missed some sessions
F014535,C18105,2026-01-01,2,Expected better results
F014536,C06042,2026-09-04,3,Expected better results
F014537,C00983,2024-07-08,3,I missed some sessions
F014538,C15039,2024-10-26,4,Excellent support
F014539,C03778,2025-08-02,5,Good guidance from the team
F014540,C03307,2025-06-27,5,The coach was helpful
F014541,C09823,2025-03-13,1,Not fully satisfied
F014542,C12677,2025-04-10,5,Very satisfied
F014543,C05171,2025-05-27,4,The coach was helpful
F014544,C17317,2025-12-02,4,Good guidance from the team
F014545,C12516,2025-03-02,3,Not fully satisfied
F014546,C11375,2024-02-04,5,Good guidance from the team
F014547,C18809,2026-05-05,1,Need more follow-up
F014548,C14976,2025-03-21,3,I missed some sessions
F014549,C06238,2026-06-24,4,I achieved my goal
F014550,C11253,2026-02-20,4,Excellent support
F014551,C14834,2025-03-13,4,Very helpful program
F014552,C04304,2025-01-30,5,Excellent support
F014553,C13817,2025-10-22,5,Good experience
F014554,C06684,2025-10-01,5,Good guidance from the team
F014555,C05989,2024-10-06,4,Good guidance from the team
F014556,C17848,2024-10-14,4,Very helpful program
F014557,C00530,2026-04-07,4,Very helpful program
F014558,C09833,2025-04-24,2,Expected better results
F014559,C17609,2024-11-23,3,Program was difficult to follow
F014560,C05900,2026-08-05,5,Very helpful program
F014561,C07042,2026-07-27,4,Very satisfied
F014562,C07274,2024-11-09,4,I achieved my goal
F014563,C11737,2024-10-05,5,I achieved my goal
F014564,C06205,2025-07-05,4,Good guidance from the team
F014565,C10766,2024-04-20,4,Excellent support
F014566,C05790,2025-02-04,5,The coach was helpful
F014567,C16594,2025-09-10,4,I achieved my goal
F014568,C10273,2024-11-25,2,Expected better results
F014569,C07323,2025-02-19,1,Could be better
F014570,C02561,2025-11-21,3,Could be better
F014571,C08781,2026-09-18,1,Need more follow-up
F014572,C17594,2026-01-13,5,Very satisfied
F014573,C14355,2024-06-23,2,I missed some sessions
F014574,C02965,2024-06-13,5,Very helpful program
F014575,C06886,2026-04-23,5,The coach was helpful
F014576,C00258,2024-11-29,1,Program was difficult to follow
F014577,C09305,2025-05-01,4,Good experience
F014578,C14842,2026-12-27,4,Excellent support
F014579,C18755,2025-06-22,3,Expected better results
F014580,C11821,2026-10-08,4,Excellent support
F014581,C02213,2026-03-21,2,Program was difficult to follow
F014582,C19448,2025-04-18,5,I achieved my goal
F014583,C19494,2026-08-27,3,I missed some sessions
F014584,C04702,2026-08-20,1,I missed some sessions
F014585,C07726,2025-05-30,3,Could be better
F014586,C16028,2025-01-16,4,Good experience
F014587,C12000,2025-10-30,5,Good experience
F014588,C16537,2024-10-28,3,Not fully satisfied
F014589,C03667,2024-12-08,5,The coach was helpful
F014590,C04396,2025-06-12,4,The coach was helpful
F014591,C04783,2024-12-30,5,Good experience
F014592,C05744,2026-07-23,3,I missed some sessions
F014593,C04128,2025-12-29,2,Need more follow-up
F014594,C18551,2026-06-17,5,Very satisfied
F014595,C12244,2025-02-21,4,Very satisfied
F014596,C04391,2026-06-11,3,Expected better results
F014597,C05660,2025-07-09,3,Program was difficult to follow
F014598,C08831,2025-07-15,4,I achieved my goal
F014599,C17216,2026-04-29,5,Good guidance from the team
F014600,C10663,2026-06-30,5,Good experience
F014601,C09571,2025-02-13,4,Very helpful program
F014602,C17942,2024-12-09,3,Program was difficult to follow
F014603,C07044,2025-03-06,4,The coach was helpful
F014604,C10467,2025-07-27,3,Need more follow-up
F014605,C08173,2024-04-21,3,I missed some sessions
F014606,C10340,2026-05-05,4,Very satisfied
F014607,C12497,2026-06-19,3,Program was difficult to follow
F014608,C06244,2026-06-08,5,Very helpful program
F014609,C05569,2025-02-25,5,Very satisfied
F014610,C19640,2026-05-05,3,Expected better results
F014611,C16002,2025-08-27,5,Good guidance from the team
F014612,C10541,2025-09-18,1,Need more follow-up
F014613,C10599,2025-01-01,5,Very satisfied
F014614,C16725,2025-08-16,3,I missed some sessions
F014615,C00672,2026-04-25,2,Need more follow-up
F014616,C07255,2025-12-01,5,Very helpful program
F014617,C08014,2026-01-16,4,Excellent support
F014618,C16433,2024-10-13,1,I missed some sessions
F014619,C02427,2024-12-27,5,The coach was helpful
F014620,C06003,2024-10-18,4,Good guidance from the team
F014621,C02839,2026-03-18,3,Program was difficult to follow
F014622,C07839,2026-01-20,4,Very satisfied
F014623,C15785,2025-02-21,4,I achieved my goal
F014624,C07915,2024-09-17,4,Excellent support
F014625,C02399,2024-03-28,4,The coach was helpful
F014626,C19166,2024-03-20,5,Excellent support
F014627,C14098,2025-03-17,2,Program was difficult to follow
F014628,C09110,2025-01-28,3,Not fully satisfied
F014629,C13506,2026-01-01,2,I missed some sessions
F014630,C12978,2025-01-22,4,Excellent support
F014631,C19453,2026-10-21,4,I achieved my goal
F014632,C18758,2025-06-12,3,Need more follow-up
F014633,C08113,2024-11-08,2,Not fully satisfied
F014634,C01310,2026-06-16,1,Could be better
F014635,C19197,2025-01-07,4,Very helpful program
F014636,C06643,2025-02-19,5,Good experience
F014637,C02150,2026-04-30,5,The coach was helpful
F014638,C12440,2025-06-27,5,Very satisfied
F014639,C07507,2025-10-03,4,Very helpful program
F014640,C16239,2025-03-12,5,Good guidance from the team
F014641,C11967,2025-06-05,5,Good experience
F014642,C00427,2026-02-20,5,Good experience
F014643,C13352,2025-11-03,5,Very satisfied
F014644,C14782,2024-04-12,1,I missed some sessions
F014645,C10418,2026-04-04,5,I achieved my goal
F014646,C00125,2025-02-02,4,Good experience
F014647,C00821,2025-09-27,5,Very helpful program
F014648,C05157,2025-02-07,3,Expected better results
F014649,C17702,2026-06-20,5,Good experience
F014650,C15269,2026-01-05,3,Could be better
F014651,C13695,2024-08-14,5,The coach was helpful
F014652,C04637,2026-08-29,5,Good guidance from the team
F014653,C19293,2025-03-05,5,Good experience
F014654,C11885,2024-04-17,3,Need more follow-up
F014655,C06974,2026-11-04,4,Very satisfied
F014656,C13886,2026-07-13,5,Very satisfied
F014657,C15797,2025-05-17,1,Expected better results
F014658,C08395,2025-08-09,3,Not fully satisfied
F014659,C08317,2026-01-06,5,I achieved my goal
F014660,C10866,2025-11-10,5,Very satisfied
F014661,C05841,2026-12-04,5,Good experience
F014662,C06658,2024-08-28,4,Good guidance from the team
F014663,C08550,2024-04-22,4,The coach was helpful
F014664,C17565,2026-03-12,4,Excellent support
F014665,C12470,2026-05-31,5,Good experience
F014666,C04951,2025-06-06,5,Very helpful program
F014667,C15763,2026-02-03,2,Could be better
F014668,C14118,2026-07-29,2,Program was difficult to follow
F014669,C17305,2026-01-27,4,Very helpful program
F014670,C06993,2026-02-16,3,Expected better results
F014671,C16497,2024-07-04,3,I missed some sessions
F014672,C15713,2026-07-09,2,Could be better
F014673,C13336,2026-05-25,5,Excellent support
F014674,C15951,2026-05-18,5,Good guidance from the team
F014675,C06085,2025-11-12,4,I achieved my goal
F014676,C00459,2024-03-18,4,Good experience
F014677,C15105,2024-06-14,4,Good guidance from the team
F014678,C18367,2025-03-30,1,Need more follow-up
F014679,C16143,2025-10-29,4,Good guidance from the team
F014680,C01803,2025-05-07,2,Could be better
F014681,C06534,2024-07-05,5,Very helpful program
F014682,C15781,2025-11-11,3,Could be better
F014683,C17760,2025-08-21,5,Excellent support
F014684,C01514,2026-03-12,3,I missed some sessions
F014685,C13550,2024-04-11,2,Could be better
F014686,C03653,2025-01-15,5,Excellent support
F014687,C03184,2026-07-06,4,Very satisfied
F014688,C06781,2024-12-27,3,Expected better results
F014689,C14339,2024-05-06,5,The coach was helpful
F014690,C11672,2026-03-01,3,Need more follow-up
F014691,C10423,2024-10-16,1,Not fully satisfied
F014692,C07606,2024-05-11,3,I missed some sessions
F014693,C19486,2025-03-21,4,I achieved my goal
F014694,C14513,2025-02-11,5,Very helpful program
F014695,C11432,2025-09-28,5,The coach was helpful
F014696,C05010,2025-06-25,4,Very helpful program
F014697,C06603,2024-05-25,5,The coach was helpful
F014698,C11209,2025-04-06,2,Not fully satisfied
F014699,C14373,2025-01-17,5,Very satisfied
F014700,C01752,2026-04-28,4,Excellent support
F014701,C02917,2026-03-10,4,The coach was helpful
F014702,C19255,2025-03-21,5,Good experience
F014703,C05742,2025-07-21,5,Very satisfied
F014704,C17825,2024-04-22,4,Good guidance from the team
F014705,C17980,2026-07-27,4,Good experience
F014706,C06699,2026-08-22,5,Good guidance from the team
F014707,C15686,2026-03-21,5,I achieved my goal
F014708,C14049,2025-07-23,2,Need more follow-up
F014709,C19383,2025-01-03,5,Very satisfied
F014710,C05518,2026-04-20,5,I achieved my goal
F014711,C06850,2024-10-19,3,Expected better results
F014712,C18230,2025-02-23,3,Expected better results
F014713,C03314,2026-01-13,4,The coach was helpful
F014714,C08674,2026-01-22,2,Expected better results
F014715,C04086,2025-10-21,5,Very satisfied
F014716,C16232,2026-04-18,4,Very helpful program
F014717,C01851,2025-03-19,5,The coach was helpful
F014718,C17880,2025-05-18,5,Very satisfied
F014719,C16001,2025-03-30,4,Very helpful program
F014720,C03189,2025-07-25,4,I achieved my goal
F014721,C06071,2024-05-31,5,Very satisfied
F014722,C07908,2025-11-27,2,Not fully satisfied
F014723,C03284,2025-12-27,3,Expected better results
F014724,C19296,2024-05-01,2,Need more follow-up
F014725,C01613,2026-11-14,5,Very satisfied
F014726,C07814,2025-10-07,2,Could be better
F014727,C04259,2026-01-26,5,I achieved my goal
F014728,C00048,2026-02-17,4,Excellent support
F014729,C06920,2025-03-31,3,Need more follow-up
F014730,C18076,2025-03-07,3,Expected better results
F014731,C15070,2026-01-31,4,Excellent support
F014732,C14999,2026-09-14,4,Excellent support
F014733,C18268,2024-12-28,5,Good guidance from the team
F014734,C13447,2025-01-14,4,Very helpful program
F014735,C09990,2024-08-15,5,Very satisfied
F014736,C06173,2025-11-30,3,Could be better
F014737,C03577,2026-06-23,4,Excellent support
F014738,C06391,2025-06-09,5,Very satisfied
F014739,C12467,2026-02-14,4,Good guidance from the team
F014740,C18633,2025-12-08,4,Good guidance from the team
F014741,C16509,2025-10-10,3,Expected better results
F014742,C19015,2025-10-12,5,Very helpful program
F014743,C12175,2024-07-27,2,Program was difficult to follow
F014744,C18130,2026-09-01,3,Expected better results
F014745,C02809,2024-10-01,3,Need more follow-up
F014746,C09360,2024-06-12,3,Need more follow-up
F014747,C06968,2024-04-02,3,Program was difficult to follow
F014748,C17976,2024-06-17,4,Very helpful program
F014749,C18883,2025-01-02,5,Very helpful program
F014750,C14909,2025-08-18,5,Good experience
F014751,C15420,2024-09-01,3,Not fully satisfied
F014752,C01856,2025-11-25,5,Good experience
F014753,C11743,2024-04-30,5,Very satisfied
F014754,C02575,2025-01-06,4,I achieved my goal
F014755,C06727,2025-07-06,3,Need more follow-up
F014756,C02994,2026-08-09,5,I achieved my goal
F014757,C05926,2026-04-17,3,Not fully satisfied
F014758,C17226,2024-12-26,3,Need more follow-up
F014759,C18248,2025-03-09,4,Good guidance from the team
F014760,C15076,2024-12-21,5,I achieved my goal
F014761,C11470,2024-12-27,3,Could be better
F014762,C09726,2025-02-20,4,Very helpful program
F014763,C18227,2026-01-27,4,Very satisfied
F014764,C07000,2025-08-19,5,I achieved my goal
F014765,C08555,2026-04-03,3,Could be better
F014766,C10433,2024-06-27,3,Not fully satisfied
F014767,C16649,2025-07-31,4,Very satisfied
F014768,C12863,2026-06-03,4,Excellent support
F014769,C05491,2026-09-25,2,Expected better results
F014770,C12711,2025-05-16,4,The coach was helpful
F014771,C05306,2026-08-11,5,Very helpful program
F014772,C06485,2026-08-07,5,I achieved my goal
F014773,C14251,2026-05-27,2,Could be better
F014774,C17292,2025-07-30,5,Very helpful program
F014775,C17482,2024-09-11,5,Excellent support
F014776,C07765,2026-04-22,5,I achieved my goal
F014777,C17301,2025-04-24,5,Very satisfied
F014778,C15790,2026-08-05,4,Good experience
F014779,C07191,2025-08-26,4,Good experience
F014780,C07062,2025-09-06,4,Very helpful program
F014781,C06316,2026-07-26,3,Could be better
F014782,C09096,2026-07-21,2,Could be better
F014783,C12044,2025-10-18,5,I achieved my goal
F014784,C10231,2026-01-07,1,Not fully satisfied
F014785,C15769,2025-10-13,3,Could be better
F014786,C19129,2024-10-04,5,Good experience
F014787,C06150,2026-01-03,4,Very helpful program
F014788,C17313,2026-03-01,4,Good experience
F014789,C07770,2026-07-27,2,Program was difficult to follow
F014790,C16117,2026-03-18,4,Very helpful program
F014791,C06989,2026-07-22,4,Good experience
F014792,C17330,2024-08-15,5,Very helpful program
F014793,C12243,2026-04-12,2,Not fully satisfied
F014794,C15007,2025-10-17,1,Expected better results
F014795,C18483,2026-05-06,4,The coach was helpful
F014796,C00221,2025-05-09,5,Very satisfied
F014797,C05462,2025-07-27,5,Excellent support
F014798,C12191,2025-11-02,4,The coach was helpful
F014799,C17608,2025-06-20,5,Very helpful program
F014800,C11956,2026-09-12,5,Good experience
F014801,C06700,2026-03-08,4,Good experience
F014802,C13248,2024-11-25,5,Good guidance from the team
F014803,C01644,2025-10-24,3,Program was difficult to follow
F014804,C01145,2026-03-19,5,Good experience
F014805,C18024,2025-01-17,4,Good experience
F014806,C14789,2025-05-25,3,Need more follow-up
F014807,C16327,2026-07-19,4,The coach was helpful
F014808,C14798,2024-02-26,4,Good guidance from the team
F014809,C10242,2024-10-23,4,I achieved my goal
F014810,C13640,2025-09-07,4,Good guidance from the team
F014811,C12441,2024-11-16,5,The coach was helpful
F014812,C17771,2024-10-05,3,I missed some sessions
F014813,C14164,2025-05-10,3,Could be better
F014814,C11390,2024-05-30,2,Expected better results
F014815,C06156,2024-11-25,5,Very satisfied
F014816,C17346,2025-07-02,5,I achieved my goal
F014817,C14962,2026-04-17,1,I missed some sessions
F014818,C19545,2026-05-18,3,Could be better
F014819,C03552,2025-11-04,5,Very helpful program
F014820,C18793,2026-01-25,4,The coach was helpful
F014821,C12488,2025-05-09,3,Not fully satisfied
F014822,C03556,2026-01-23,4,Very helpful program
F014823,C04586,2025-10-02,2,Expected better results
F014824,C01439,2025-04-03,5,Good experience
F014825,C15422,2025-08-12,4,Excellent support
F014826,C12588,2026-03-26,5,The coach was helpful
F014827,C11746,2024-11-29,3,I missed some sessions
F014828,C13846,2026-01-17,4,Good experience
F014829,C11371,2025-10-29,3,Expected better results
F014830,C06910,2025-01-08,5,Good guidance from the team
F014831,C09844,2024-06-14,5,Very helpful program
F014832,C15739,2025-12-26,4,Very satisfied
F014833,C15057,2024-07-16,3,Could be better
F014834,C10194,2026-01-13,2,Not fully satisfied
F014835,C02387,2025-05-23,5,Good experience
F014836,C14128,2025-02-22,4,Excellent support
F014837,C16870,2026-04-09,4,Very satisfied
F014838,C03660,2026-04-24,1,Need more follow-up
F014839,C15533,2026-08-03,3,I missed some sessions
F014840,C11923,2025-10-23,3,I missed some sessions
F014841,C04827,2026-02-15,5,Very helpful program
F014842,C19433,2025-04-07,3,Could be better
F014843,C12329,2025-11-03,2,Could be better
F014844,C14372,2025-11-11,2,I missed some sessions
F014845,C18423,2024-10-20,4,Good guidance from the team
F014846,C14288,2025-07-13,5,Very satisfied
F014847,C16952,2024-10-15,5,I achieved my goal
F014848,C12194,2026-11-06,5,Very helpful program
F014849,C06668,2024-09-25,5,I achieved my goal
F014850,C07643,2025-03-08,5,Good guidance from the team
F014851,C09584,2024-06-11,3,I missed some sessions
F014852,C08889,2026-06-25,4,Good experience
F014853,C01552,2024-07-31,5,Excellent support
F014854,C06192,2026-04-23,4,Very helpful program
F014855,C05498,2024-11-21,5,Good experience
F014856,C16618,2024-06-24,4,Very helpful program
F014857,C01600,2025-09-18,5,Very helpful program
F014858,C10637,2025-04-05,5,Good guidance from the team
F014859,C09503,2025-02-25,1,Not fully satisfied
F014860,C16745,2026-07-08,3,Could be better
F014861,C08457,2024-09-11,1,I missed some sessions
F014862,C10183,2025-10-08,5,I achieved my goal
F014863,C04381,2026-03-14,2,I missed some sessions
F014864,C02775,2026-03-16,3,Need more follow-up
F014865,C14192,2024-11-29,2,I missed some sessions
F014866,C10926,2025-05-17,4,The coach was helpful
F014867,C02534,2024-07-22,5,Very satisfied
F014868,C09238,2025-02-21,3,Need more follow-up
F014869,C11950,2025-07-01,3,Need more follow-up
F014870,C16814,2025-11-20,4,Excellent support
F014871,C11791,2024-07-25,5,The coach was helpful
F014872,C03908,2024-08-23,4,Very satisfied
F014873,C18345,2024-08-10,2,I missed some sessions
F014874,C19241,2027-01-16,4,Very helpful program
F014875,C16602,2024-10-31,1,Expected better results
F014876,C17920,2026-07-25,3,Could be better
F014877,C05477,2025-12-23,5,Excellent support
F014878,C09371,2025-11-14,4,Very helpful program
F014879,C16576,2024-12-28,1,Need more follow-up
F014880,C08227,2026-10-20,2,I missed some sessions
F014881,C08296,2024-10-08,4,I achieved my goal
F014882,C18881,2025-11-04,4,The coach was helpful
F014883,C08645,2026-07-13,1,Program was difficult to follow
F014884,C09683,2024-05-22,5,Very satisfied
F014885,C11467,2027-01-16,3,I missed some sessions
F014886,C01416,2026-10-17,4,Good experience
F014887,C12904,2024-06-27,5,Good guidance from the team
F014888,C04900,2025-06-07,5,I achieved my goal
F014889,C07530,2024-04-21,3,Could be better
F014890,C14136,2024-10-09,3,Could be better
F014891,C16367,2026-03-16,5,I achieved my goal
F014892,C07920,2026-07-22,4,Very helpful program
F014893,C02894,2026-03-25,5,The coach was helpful
F014894,C00077,2024-12-01,4,The coach was helpful
F014895,C12512,2026-09-18,3,Could be better
F014896,C06963,2026-04-05,5,Very helpful program
F014897,C11068,2024-03-06,4,I achieved my goal
F014898,C06864,2024-06-03,3,Could be better
F014899,C03637,2024-06-14,5,Good guidance from the team
F014900,C19245,2025-09-13,5,Good guidance from the team
F014901,C11126,2026-01-10,1,Could be better
F014902,C04922,2026-02-19,3,I missed some sessions
F014903,C10729,2024-07-27,3,I missed some sessions
F014904,C12740,2025-02-27,3,Expected better results
F014905,C01227,2024-11-25,5,Excellent support
F014906,C09900,2026-09-26,4,I achieved my goal
F014907,C09546,2025-08-01,4,Very helpful program
F014908,C13230,2024-09-11,3,Program was difficult to follow
F014909,C09425,2024-09-30,5,Good experience
F014910,C01390,2024-10-11,3,Not fully satisfied
F014911,C14425,2026-04-13,5,Very satisfied
F014912,C15772,2025-03-03,4,Excellent support
F014913,C07374,2025-08-24,3,I missed some sessions
F014914,C03250,2025-09-21,5,Good guidance from the team
F014915,C19599,2026-06-16,1,Could be better
F014916,C09117,2025-03-12,5,Good guidance from the team
F014917,C04563,2026-08-02,4,I achieved my goal
F014918,C10700,2026-03-04,3,Not fully satisfied
F014919,C03217,2025-09-04,4,Good experience
F014920,C18996,2025-12-11,3,Expected better results
F014921,C10910,2024-09-02,4,Good guidance from the team
F014922,C03012,2025-03-12,4,Very helpful program
F014923,C18735,2026-06-27,5,I achieved my goal
F014924,C02628,2024-03-09,5,Good guidance from the team
F014925,C12197,2024-07-14,3,Program was difficult to follow
F014926,C09816,2025-08-23,5,Good guidance from the team
F014927,C03715,2024-09-15,3,Not fully satisfied
F014928,C08250,2026-06-09,4,Good experience
F014929,C17823,2026-08-17,3,I missed some sessions
F014930,C12506,2025-05-07,5,Very helpful program
F014931,C06264,2026-04-11,5,I achieved my goal
F014932,C14891,2025-02-03,4,I achieved my goal
F014933,C19791,2024-06-21,5,Very helpful program
F014934,C03860,2024-07-08,1,I missed some sessions
F014935,C16072,2026-03-04,5,Very helpful program
F014936,C04004,2024-05-13,3,Could be better
F014937,C04298,2026-05-12,2,Need more follow-up
F014938,C09502,2024-07-29,4,Very satisfied
F014939,C19782,2025-11-23,5,Good experience
F014940,C06498,2025-08-19,4,Excellent support
F014941,C19561,2024-07-22,5,Very satisfied
F014942,C16919,2025-06-07,5,Good guidance from the team
F014943,C03356,2024-09-15,5,Very helpful program
F014944,C16049,2026-08-15,3,Not fully satisfied
F014945,C13041,2025-04-04,4,Good guidance from the team
F014946,C10042,2025-02-17,4,Excellent support
F014947,C05871,2024-12-28,4,Very satisfied
F014948,C05948,2024-12-06,5,Very helpful program
F014949,C03683,2025-02-08,3,Need more follow-up
F014950,C06866,2025-02-12,5,Good guidance from the team
F014951,C02916,2025-06-02,4,Good experience
F014952,C08460,2024-09-26,4,Good guidance from the team
F014953,C15445,2024-11-08,2,Could be better
F014954,C09005,2024-09-25,5,The coach was helpful
F014955,C18134,2026-01-02,2,Could be better
F014956,C05956,2026-01-14,5,Very satisfied
F014957,C16799,2024-07-21,2,Expected better results
F014958,C09634,2024-11-02,4,The coach was helpful
F014959,C15538,2024-12-02,5,The coach was helpful
F014960,C14344,2026-07-15,5,Good experience
F014961,C02193,2025-03-23,2,Could be better
F014962,C11297,2024-07-03,3,Program was difficult to follow
F014963,C06905,2025-09-01,5,The coach was helpful
F014964,C18497,2024-07-06,4,The coach was helpful
F014965,C04470,2024-09-01,4,The coach was helpful
F014966,C03435,2025-09-15,3,Program was difficult to follow
F014967,C12437,2025-12-17,5,Very satisfied
F014968,C07697,2025-08-09,3,Need more follow-up
F014969,C11824,2025-02-08,1,Expected better results
F014970,C14871,2025-12-07,4,I achieved my goal
F014971,C11021,2026-04-27,3,Not fully satisfied
F014972,C09103,2024-11-13,3,Need more follow-up
F014973,C15220,2024-07-17,3,Expected better results
F014974,C11742,2025-07-15,5,Good experience
F014975,C18951,2026-03-23,4,Very helpful program
F014976,C11740,2026-09-04,5,Excellent support
F014977,C06049,2025-01-15,4,Very satisfied
F014978,C10469,2026-07-05,5,Good guidance from the team
F014979,C10745,2025-04-30,2,Expected better results
F014980,C09522,2025-09-09,3,Program was difficult to follow
F014981,C17078,2025-09-06,5,Very satisfied
F014982,C09237,2026-07-07,4,The coach was helpful
F014983,C04973,2025-07-15,4,Very helpful program
F014984,C10704,2026-08-30,2,Could be better
F014985,C07773,2025-10-21,3,Need more follow-up
F014986,C14436,2026-04-30,3,Not fully satisfied
F014987,C04654,2025-09-24,3,Program was difficult to follow
F014988,C05799,2025-07-18,2,I missed some sessions
F014989,C07395,2025-04-20,3,Program was difficult to follow
F014990,C16944,2024-02-13,3,Not fully satisfied
F014991,C00917,2026-08-25,5,The coach was helpful
F014992,C13182,2026-04-03,5,The coach was helpful
F014993,C09285,2025-11-26,4,Good experience
F014994,C18837,2026-07-25,4,Excellent support
F014995,C06243,2026-01-19,3,Could be better
F014996,C05066,2026-02-28,4,Good experience
F014997,C04686,2026-10-09,5,I achieved my goal
F014998,C08805,2024-12-09,5,The coach was helpful
F014999,C09857,2025-05-06,5,Very helpful program
F015000,C02974,2026-04-16,5,Good experience
